{
"type": "FeatureCollection",
"name": "NR_NA",
"crs": { "type": "name", "properties": { "name": "urn:ogc:def:crs:OGC:1.3:CRS84" } },
"features": [
{"type":"Feature","properties":{"OBJECTID":14,"CLASSIFCTN":"NATURE AREA","INC_CRC":"43B59EE24338A326","FMEL_UPD_D":"20251230175800","SHAPE.AREA":364009.99289985502,"SHAPE.LEN":4717.3360124044702},"geometry":{"type":"Polygon","coordinates":[[[103.755243047594632,1.363672163187183],[103.7543955319166,1.363275237373068],[103.75439512472974,1.363279412805792],[103.754387827146417,1.363261653579504],[103.753558520943216,1.362873255327769],[103.753558521086021,1.362868915287531],[103.753601345816506,1.358930699563584],[103.753601485097008,1.358930612749311],[103.753673246464416,1.358871668719487],[103.75420242761497,1.358380851973034],[103.75427672366439,1.358298566384444],[103.754333893480464,1.358203213081569],[103.75437072179497,1.358045673264512],[103.754358919891985,1.357884135465856],[103.754339602820508,1.357820133024914],[103.754309224534637,1.357752430468911],[103.754270723072366,1.357689358890829],[103.754223280685025,1.357632609423194],[103.754168469837253,1.357582930930254],[103.754107314846564,1.357541753244025],[103.754041181535527,1.357508949798169],[103.75397104028832,1.357486528311299],[103.753898247936959,1.357474497871511],[103.753824610609882,1.357472433487426],[103.753772936008943,1.357415312178226],[103.753775694681764,1.357412906662627],[103.753706750233576,1.357338448132002],[103.753736465947867,1.357333113371702],[103.753713050177723,1.357307735251789],[103.75361952683707,1.357329464910915],[103.753529372825909,1.357359957056151],[103.753441033732074,1.35739598396278],[103.753355381153114,1.357437844099961],[103.75330683970131,1.357467550824719],[103.753314387958895,1.357458046215754],[103.753359094203688,1.357377649789294],[103.753392514641845,1.357292052896309],[103.753415709519601,1.357203118561378],[103.753422765390624,1.357110620497371],[103.753429080440966,1.356920858114201],[103.753442921380412,1.356828098009928],[103.753448244006307,1.356732886797327],[103.75344262211631,1.356637630002839],[103.75342500434283,1.356543801704026],[103.753397852710407,1.356452731396894],[103.753238848095535,1.35601626219351],[103.75321468835665,1.355935456510056],[103.753200457825471,1.355852498771978],[103.753197055035557,1.355768293372834],[103.753202377291061,1.355684495227808],[103.753215076742975,1.355601158553701],[103.753240409910802,1.355520725306767],[103.753274863376973,1.355444126864118],[103.753318077689684,1.355372140061594],[103.753368794837598,1.355305409668102],[103.75342618722496,1.355244484604351],[103.753490401280914,1.35519048718984],[103.753560239199629,1.355144032351519],[103.753635989320642,1.355108176847178],[103.753715045866358,1.355081166124898],[103.754371632617037,1.354895494786575],[103.754468040642806,1.354861566226553],[103.754560117927312,1.354817127912108],[103.754645528224231,1.35476153133867],[103.75472394802388,1.354695578666795],[103.754794748257069,1.35462156786437],[103.754854990644361,1.354538739170932],[103.754905995992885,1.354449642935501],[103.754945508875011,1.354355309155374],[103.75497443679923,1.354257041952926],[103.754978588965571,1.354232073514627],[103.754991287221259,1.354155808949066],[103.754996368285745,1.354053606988888],[103.75499099646072,1.353976220424701],[103.754989281897323,1.353951467938406],[103.754979885756882,1.353863156531524],[103.754976195503744,1.353774592088347],[103.75497687137846,1.35368579265256],[103.754983209989135,1.353597337058974],[103.755015965116613,1.353239671378838],[103.75502586035563,1.353175552323692],[103.755043420319794,1.35311203944095],[103.755068456248182,1.353051068966673],[103.755100366078395,1.352993406877022],[103.755139292641061,1.352940321998424],[103.755184070492518,1.352892030435638],[103.755313414536218,1.35276835386226],[103.756303219296342,1.353577518884298],[103.756586393417066,1.353237325326035],[103.756881318152892,1.353580070415385],[103.75702201910137,1.35374373755594],[103.757130516716344,1.353869944930388],[103.757353690517434,1.353948767266743],[103.757442979810307,1.353980305239969],[103.757775049381252,1.354097584507217],[103.758217641523643,1.35394927367022],[103.758280094361524,1.353862764191988],[103.758332753332112,1.353789846087974],[103.758470346017859,1.353697816897388],[103.75847035679196,1.353698099059185],[103.758493644251885,1.35430411294707],[103.75852519911831,1.354772935127322],[103.758533809871636,1.354925478024935],[103.758313775391301,1.355172182478335],[103.758228521902694,1.355273237932103],[103.758228441592706,1.355313372682498],[103.758228352148407,1.355358331308109],[103.758228330244734,1.355369307568605],[103.758265321422272,1.355953344031147],[103.758283309962735,1.356151757446808],[103.758298711518151,1.356321633587774],[103.758303753645293,1.356370852830131],[103.758314011480593,1.356464173526559],[103.758322753844681,1.356515104844599],[103.758340900008918,1.35655562451769],[103.758352220401804,1.356575874476261],[103.758368473114231,1.356592946654829],[103.758439656564619,1.356649610870579],[103.758389659734974,1.356672019443012],[103.758052388032638,1.356815169665079],[103.758035611621381,1.357112460585581],[103.757749355234324,1.357420514014784],[103.757669220583594,1.357411757253497],[103.757584487142552,1.357400929352004],[103.757494190656345,1.357391077984692],[103.757403768377884,1.357381036693705],[103.757359181724993,1.357376549641193],[103.757072099403814,1.357657164565524],[103.757053813042774,1.357675106558334],[103.75713961326538,1.357795027890711],[103.757336830712163,1.358070629893765],[103.757402503978312,1.358162424873777],[103.757467539296755,1.358253297381203],[103.757503956560569,1.358304205157115],[103.757490980039378,1.358343924395654],[103.757461360502063,1.358434486428572],[103.757431767919059,1.358525057505422],[103.757388722526002,1.358656731480603],[103.757341920854117,1.358797051051463],[103.757181007995953,1.359299094342218],[103.75717210250734,1.359321531319598],[103.757052617549675,1.359693275209185],[103.756831162034601,1.360390224971514],[103.757115539341314,1.360704545580151],[103.757175866888062,1.360774255839999],[103.757321312762727,1.360935146732653],[103.755939258852834,1.361377064959914],[103.754665860752951,1.361769408723765],[103.755243047594632,1.363672163187183]],[[103.754042842753748,1.357350442964957],[103.754210809192017,1.357476283448825],[103.754212045587536,1.357477200514146],[103.754376961010522,1.357615525625153],[103.754464237814986,1.3577237572911],[103.7545392906936,1.35791074685897],[103.754582164047306,1.357934875779124],[103.754742820805504,1.357891354928578],[103.754865131208859,1.35782261011603],[103.754929734151261,1.357775872005098],[103.755042935248198,1.357723977891149],[103.755123512377338,1.357636755557207],[103.755132977172835,1.357518337599945],[103.755080457952531,1.357347386764759],[103.754975937656269,1.357183819266505],[103.754812729517184,1.356989161447317],[103.754711527032583,1.356844810868019],[103.754634096291326,1.356666338522896],[103.754625509354995,1.356562931507218],[103.75465501301025,1.356529371542148],[103.754880094898724,1.356487617196606],[103.755055217042027,1.356487759462282],[103.755129881016529,1.356473838310439],[103.755185549643699,1.356394286876763],[103.75516359404142,1.356228635701825],[103.75505884261888,1.35612826874241],[103.754931361944045,1.356058141146213],[103.754742593210338,1.356061848303105],[103.754627377280059,1.356040367710968],[103.754679609293731,1.3559765656676],[103.754809763517542,1.355924848464381],[103.754917438477619,1.355841300541999],[103.754983413851988,1.355726840110892],[103.754938845493783,1.355545822156834],[103.754793626624917,1.355381828276413],[103.754680906315585,1.355296052044163],[103.754626907511849,1.355227762692532],[103.754591217337051,1.355091963200608],[103.754591732349397,1.354948638779262],[103.75458506602665,1.354916985837302],[103.75440738645402,1.354979513140185],[103.754282883524652,1.355025647874018],[103.754180057503419,1.355017840742439],[103.754090710103711,1.35503274623587],[103.753981965552441,1.355098242086664],[103.753896894904614,1.355180871880472],[103.753842363884829,1.355259333563811],[103.75384999550667,1.355338432162538],[103.753911747352831,1.355454166505362],[103.754081817635964,1.355621797699981],[103.754198888106515,1.355756150180844],[103.754330843262068,1.355836486416291],[103.754384912633739,1.355890079869515],[103.754390404202567,1.355931907767291],[103.754254847414956,1.355912474873686],[103.754079893842885,1.355841852795326],[103.75395808232831,1.355769499698042],[103.753783270093606,1.35566390405788],[103.753608387983775,1.355579750862429],[103.75347736020781,1.355553606794915],[103.753376692492949,1.355574023980273],[103.753340396588783,1.35560751316344],[103.753308273910179,1.355741510731836],[103.753315655177659,1.355891687772403],[103.75337380727116,1.356064935005211],[103.753461338862024,1.35623737109425],[103.753488204423562,1.356311028776384],[103.753508973654803,1.356508721519436],[103.753531972865417,1.356714363691407],[103.753549408008467,1.356897396590811],[103.753545629626259,1.357004579819012],[103.75365150493775,1.357110599151321],[103.753775490333155,1.357204395701802],[103.753911921755346,1.357298333738426],[103.754042842753748,1.357350442964957]]]}},
{"type":"Feature","properties":{"OBJECTID":15,"CLASSIFCTN":"NATURE AREA","INC_CRC":"58B44F41ADDEA226","FMEL_UPD_D":"20251230175800","SHAPE.AREA":97749.533296919995,"SHAPE.LEN":1333.4114372389599},"geometry":{"type":"Polygon","coordinates":[[[103.770517561289495,1.355734839097313],[103.77052114004681,1.355673853414704],[103.770532371036737,1.355610649527248],[103.770541240179739,1.355563699709503],[103.770555040608784,1.355518133697034],[103.770569263257769,1.355476638237136],[103.770589354534849,1.355431104945554],[103.770611742727596,1.355378354890059],[103.770639075730401,1.355325179912101],[103.770672314328863,1.355262998527878],[103.770705015270778,1.355213014284396],[103.770770363027879,1.355121182356062],[103.77083200741464,1.355044241584793],[103.770861471386198,1.355007347017251],[103.770894070412652,1.35497182354623],[103.770948784371228,1.35492195924575],[103.770998575152277,1.35486980858461],[103.771066874889954,1.354804653648685],[103.771129695755917,1.35475212167993],[103.771185725087477,1.354706783748642],[103.771228208310205,1.354671313885142],[103.771266641680427,1.354636725671218],[103.771309120396452,1.354601707987984],[103.771360686656934,1.354552279499525],[103.771388261500149,1.35452847825626],[103.771417679469721,1.354497908800812],[103.771452139636622,1.354453357104689],[103.771489258515643,1.354414243416252],[103.771511473536336,1.354385893987858],[103.771538735269544,1.354342659763696],[103.771567368290448,1.354296270248754],[103.771587416258768,1.354256611693703],[103.771608881501805,1.354207471823873],[103.771618502190137,1.354181314249584],[103.771627300067962,1.354144307000722],[103.771636590507057,1.35410142682538],[103.77164137460224,1.35406033084453],[103.771639112662086,1.353999314260053],[103.771638473809972,1.353962707402577],[103.771632062823727,1.353916580158733],[103.771623748302517,1.35388535406975],[103.771611564284314,1.353829706439402],[103.771592170110907,1.3537771822971],[103.771553659715053,1.353696085192214],[103.771520448718562,1.353628123203711],[103.771496406999574,1.353582583343744],[103.771475232460986,1.353542472453536],[103.771459931680624,1.35350843542179],[103.771449238475938,1.353484646759746],[103.771448190809636,1.353482317091489],[103.771644057998046,1.353586938022456],[103.771645374326241,1.353589621303797],[103.771918696689298,1.353735906430197],[103.771932996150255,1.353747223099907],[103.772757096039371,1.354399417843414],[103.772762404651999,1.354403619651589],[103.772783885963605,1.354538876855882],[103.772968682826232,1.355702499385708],[103.773191741938319,1.357181464593484],[103.773040654916386,1.357309555812382],[103.773055201358332,1.357326938050994],[103.773128853674692,1.357414952589895],[103.772374582884368,1.358054327870539],[103.772367689296345,1.358046092558269],[103.772286364369606,1.357948931065824],[103.772284936518787,1.357950140164021],[103.771915584972504,1.358263227845597],[103.771907241911322,1.358258476104549],[103.770852252491608,1.356990245009147],[103.770842775331118,1.356990040376584],[103.770764715360627,1.35673846602978],[103.770755649278016,1.356686449498645],[103.770742919491525,1.356644355552192],[103.770712198389177,1.356542062157926],[103.770587511471462,1.356133331668563],[103.770540938170697,1.355985764500304],[103.770535760511706,1.355955912218984],[103.77052967708228,1.355926732760693],[103.770523592754444,1.355897552398001],[103.770518196684677,1.355835162004126],[103.770518126173855,1.355781838901164],[103.770517561289495,1.355734839097313]]]}},
{"type":"Feature","properties":{"OBJECTID":16,"CLASSIFCTN":"NATURE AREA","INC_CRC":"4DB38D6F55448AED","FMEL_UPD_D":"20251230175800","SHAPE.AREA":456497.19144724001,"SHAPE.LEN":6583.7106503731602},"geometry":{"type":"Polygon","coordinates":[[[103.793409570668956,1.275995800021002],[103.793608317282008,1.275921060987601],[103.793624272678116,1.275915458695814],[103.793646084765641,1.275907800873748],[103.793728755936542,1.275879380684557],[103.79377687252466,1.275999224229686],[103.793872594465967,1.276237638868176],[103.793872652870348,1.276237671426221],[103.793872612435976,1.276237685895425],[103.793833124246561,1.276251248948068],[103.794226937976305,1.277231432658235],[103.794229305633451,1.277230597965825],[103.794269593543561,1.277216391916453],[103.794269605224301,1.27721640729084],[103.794750934288402,1.277881658992069],[103.794750958548519,1.277881685219019],[103.79476327818881,1.277895180336066],[103.79476810414539,1.277900943925558],[103.794774948180319,1.277909117677597],[103.794786180577844,1.277923495438114],[103.794796866659695,1.277938225892581],[103.794807027988881,1.277953434748052],[103.794816592684057,1.277969014384024],[103.795287364935106,1.278768289068466],[103.795295910506979,1.278796621134911],[103.795299357912555,1.278815803667096],[103.795305113799543,1.278825554613699],[103.795467175085662,1.279119556058245],[103.795650538373494,1.279452203122471],[103.79460611613024,1.280521560790445],[103.794336874889808,1.280444132209557],[103.794173405385351,1.280463485820274],[103.794038783748803,1.280521552102119],[103.794000321214185,1.280444127035443],[103.793692613174088,1.280628006745222],[103.793634916262207,1.280744144364278],[103.793143309617562,1.282435768028016],[103.791592420736322,1.284070925734091],[103.791501281232627,1.284278257071205],[103.790894352244251,1.284325019838714],[103.791201664736377,1.284959845541663],[103.791267896074544,1.285015212749189],[103.791336766684722,1.285054748190872],[103.791847143701744,1.285315871081778],[103.791912769798671,1.285349446692096],[103.791872073811263,1.28536365450087],[103.791871260628326,1.285363937553717],[103.791684616717603,1.285429094876075],[103.791645866955648,1.285443859801703],[103.791607310370964,1.285459137504654],[103.791569122175034,1.285475157696473],[103.791531126256089,1.285491795571928],[103.791493377424715,1.285509071027954],[103.791455996085531,1.285526962361798],[103.791418895978083,1.285545508459749],[103.791382147190504,1.285564584520614],[103.791345660763838,1.28558440216431],[103.791309543627818,1.28560474977126],[103.791273688854702,1.285625715063081],[103.791238273457651,1.285647246493955],[103.79120324532056,1.28566939470742],[103.791168460676417,1.28569219678009],[103.791134133379671,1.285715529721911],[103.791100262531771,1.285739393532886],[103.791066742103041,1.28576390939616],[103.791033590066263,1.285788955222772],[103.791000877407228,1.28581446047353],[103.790968621195276,1.285840602404159],[103.790936820533602,1.285867273395298],[103.790905371191315,1.285894491532484],[103.790874465457648,1.285922151912689],[103.79083924305678,1.285954722920241],[103.790804459133696,1.285987823892297],[103.790773326020144,1.286018327589817],[103.790770218819034,1.286021365298538],[103.79073643495235,1.286055471939867],[103.790670306655159,1.286125011948183],[103.790638050279796,1.286160551127375],[103.790606232383425,1.286196547017651],[103.790575063224608,1.286232986057108],[103.790544333443279,1.286269884520791],[103.790514095155345,1.286307207139383],[103.790486278463845,1.2863426035018],[103.790458883180008,1.286378406835075],[103.790432012636572,1.28641458096641],[103.790405689297032,1.286451125896204],[103.790379802641255,1.286488024439651],[103.790354407481104,1.286525223240186],[103.790280956403578,1.286627870998382],[103.790262959081289,1.286655509884862],[103.790230909128169,1.286704729385727],[103.79022498310357,1.286713829906345],[103.790224511358332,1.286714526259093],[103.790182560175154,1.286776551394184],[103.790182183676549,1.286777164547004],[103.79018133096757,1.286776831726311],[103.790025553922717,1.287033854021326],[103.79000439174321,1.287072924924966],[103.789950387630611,1.28718217124892],[103.789890812041591,1.287322257214281],[103.789863315062135,1.287419475036218],[103.789831775438543,1.287523114681544],[103.789802659805801,1.287642581653309],[103.78979746798376,1.287698821287248],[103.789781878984442,1.287764812506175],[103.789757669223619,1.287893331346923],[103.789038536369674,1.288642096598944],[103.788352231858823,1.289102496515344],[103.78820114042216,1.289203854104787],[103.787783328410114,1.289173750268321],[103.787708436065458,1.289115281748111],[103.787675046751517,1.289089135965506],[103.787467459750161,1.288927097207732],[103.787326679244188,1.288817205311155],[103.786992842806697,1.288556602947798],[103.786914658291849,1.288495569566878],[103.786933052019506,1.288462397811027],[103.786962166082859,1.288387951051609],[103.786984019819513,1.288319970365647],[103.787099295569021,1.288210407798726],[103.787118560644942,1.288190087982409],[103.787272771496646,1.288005184407296],[103.787348744312226,1.287937331312268],[103.787369258845985,1.287889626452198],[103.787459303382377,1.287789135090522],[103.787632021495355,1.287751417165176],[103.787706213595541,1.287722370311648],[103.787873561418422,1.287566641735487],[103.787895792248591,1.287513447408169],[103.787903086263356,1.287430887189675],[103.787919743145181,1.287242346459246],[103.787936636532578,1.287195365020515],[103.78793581936219,1.287167022219033],[103.787970820373957,1.287004571830887],[103.787813370006504,1.286958066579771],[103.787741630211627,1.286977780438809],[103.786984997669364,1.286913773876626],[103.786935631049104,1.287456644953296],[103.786836170364268,1.287526116417964],[103.786838234628604,1.287657394020029],[103.786885272721975,1.28768475281621],[103.78691394484396,1.2877014289205],[103.786897453233223,1.287889002878151],[103.786858024889995,1.287910426552099],[103.786741876865648,1.288058233766417],[103.786726780394943,1.288112730498656],[103.786466382774492,1.288488415018795],[103.786378255172721,1.28861555981071],[103.786374772163171,1.288630073893213],[103.786374444170775,1.28863144038201],[103.786323558496008,1.288703137461232],[103.786282297772829,1.288737538723107],[103.78627914294799,1.288740170365371],[103.78627432851755,1.288742846290649],[103.786184723321455,1.288792648884612],[103.786020810537636,1.28884565063349],[103.785918008263579,1.288857740063933],[103.785860798133498,1.288859819029985],[103.78570044454257,1.288859987846355],[103.785619980337813,1.288853429687572],[103.78557756882708,1.288874156923517],[103.785556893064907,1.288892334261069],[103.785484433288289,1.288969882153589],[103.785392870829369,1.289031368167335],[103.785392871719438,1.289031821254002],[103.78539295976725,1.289080357597396],[103.785392536969653,1.289106204328574],[103.78538913957108,1.289155076125154],[103.785383747359418,1.289206733326737],[103.785367661429788,1.289316143046422],[103.785339040927383,1.289421529010172],[103.785328237538735,1.289433835398111],[103.785326765697206,1.289435512966435],[103.785284731056066,1.289483205642126],[103.785284031077737,1.289484000565274],[103.785080455924955,1.289574577844142],[103.785088128978273,1.289600442816768],[103.784891364788436,1.289689039651259],[103.784782884024168,1.289778710742527],[103.784746086392602,1.289809127433086],[103.784549533579337,1.289648834077039],[103.784094588976075,1.289872059508967],[103.783604973948826,1.289361561470953],[103.782728020602491,1.290082857084434],[103.782811975321835,1.29033467906374],[103.78294822537751,1.290575613534648],[103.783471795060294,1.291199769284885],[103.783471786969415,1.291199974575477],[103.783409257467767,1.291199655004244],[103.783404348735672,1.29119962958502],[103.783061019717692,1.290827497577822],[103.782939474088693,1.290686965050197],[103.782775353630214,1.290508896016576],[103.782636943393484,1.290318799440614],[103.782635799575019,1.290317559533925],[103.782576005636386,1.29025268012811],[103.782552222880668,1.290079804947101],[103.782588891127531,1.289959866147859],[103.782607226970228,1.289858379633819],[103.78266263162827,1.289781880549806],[103.782663032378821,1.289781818156671],[103.782663927328542,1.289781675285014],[103.782664840249055,1.289781534222443],[103.782665733401316,1.289781410342389],[103.78266663014773,1.289781287366786],[103.782667525097082,1.289781163486768],[103.782668438017254,1.289781038702762],[103.782669332067684,1.289780934718744],[103.782670244987898,1.289780809030375],[103.782671139936852,1.289780704142012],[103.782672035784401,1.289780598349302],[103.782672947805665,1.289780492556934],[103.782673842754647,1.289780386764206],[103.782674755674108,1.289780298154768],[103.782675650622764,1.289780209544971],[103.782885018208844,1.289763450429175],[103.782888422781241,1.289763434218517],[103.782891757268843,1.289763346561662],[103.782895090858958,1.289763204642922],[103.782898426247172,1.289763011175422],[103.782901742767464,1.289762744454021],[103.78290505928841,1.289762445175497],[103.782908376709273,1.289762075356557],[103.782911693233061,1.289761632284057],[103.782914992685193,1.289761155749732],[103.78291827506645,1.28976060867463],[103.782921557448759,1.289760007337645],[103.782924820963089,1.289759336364227],[103.782928084478101,1.289758630120565],[103.782931331820762,1.289757853336162],[103.78293456119367,1.28975702319388],[103.782937772596767,1.289756139693734],[103.78294098400093,1.289755203740447],[103.782944160363385,1.289754196341646],[103.782947336726835,1.289753137394084],[103.782950478047908,1.289752042271216],[103.782953602298051,1.289750877511953],[103.782956709477006,1.289749657586102],[103.782959796889088,1.289748386111062],[103.78296286812845,1.289747061278213],[103.782965904325735,1.289745683991507],[103.782968923451833,1.289744252442577],[103.782971924608105,1.289742769344528],[103.782974871852957,1.289741232887885],[103.782977821794475,1.289739643073791],[103.782980734896512,1.289738017988736],[103.782983612956812,1.289736322362549],[103.782986473047004,1.289734591465776],[103.782989281023163,1.289732790931912],[103.782992106071632,1.289730988589642],[103.782994651680738,1.289728834444013],[103.782997196390994,1.289726696576915],[103.78299974110196,1.289724522535245],[103.783002917471592,1.289723146155645],[103.783005532266969,1.289721062551813],[103.78300812999079,1.289718941868689],[103.783010674701359,1.289716786818662],[103.783013185268373,1.2897145793148],[103.783015658097739,1.289712318452683],[103.783017606191265,1.289709438994795],[103.783020150901805,1.289707284849105],[103.783022695612345,1.289705129799066],[103.783025223250249,1.289702992835977],[103.783027434609693,1.289700448902543],[103.783029663040722,1.289697941144033],[103.783031838458157,1.289695415297172],[103.78303398063062,1.289692836092148],[103.78303608686214,1.2896902216162],[103.783038140080066,1.289687589956249],[103.783040141183633,1.289684905842138],[103.783042106346244,1.289682186457071],[103.783044019394197,1.289679430896395],[103.783045879428585,1.289676656343024],[103.783047687348613,1.289673830239823],[103.783049460225882,1.289670986048631],[103.783051180089899,1.28966810749054],[103.783052846940336,1.289665210844082],[103.783054461676116,1.289662278926398],[103.783056041369449,1.289659312642154],[103.783057550976949,1.28965632646048],[103.783059006672673,1.289653305911906],[103.783060429122727,1.289650268179739],[103.783061780588724,1.289647194271574],[103.78306309701162,1.289644121267074],[103.783064342450473,1.289641012086576],[103.783065553745416,1.289637869443917],[103.783066694055648,1.28963472499112],[103.783067782251194,1.289631545267063],[103.783068818331373,1.289628365541987],[103.783069800499774,1.289625150545614],[103.783070730553121,1.289621918365275],[103.783071591418818,1.289618686183561],[103.783072415444664,1.289615435913821],[103.783073170283217,1.289612168459775],[103.783073873006728,1.289608882917416],[103.783074521817781,1.289605597373986],[103.783075102340405,1.289602276558974],[103.783075645123958,1.289598973830506],[103.783076118720174,1.289595653917733],[103.783076540201392,1.289592315012267],[103.783076891596423,1.289588976105425],[103.783096340007617,1.289431595359091],[103.783096585336992,1.28943018274656],[103.783096848637186,1.289428769230039],[103.78309711193738,1.289427356617865],[103.783097375237574,1.289425944005707],[103.783097638537782,1.289424530489169],[103.783097918910244,1.28942311787735],[103.783098200181271,1.289421704361169],[103.783098498524552,1.289420291749707],[103.783098797766385,1.289418878233883],[103.783099077240308,1.289417465622046],[103.783099393554068,1.289416070193854],[103.783099691897377,1.289414656678012],[103.783100008211477,1.289413244066905],[103.783100324525222,1.289411849543077],[103.783100657013094,1.289410435123566],[103.783100973326839,1.289409040599737],[103.783101306712879,1.289407645171884],[103.783101640099275,1.289406231656753],[103.783101991456149,1.289404835324894],[103.783102341914443,1.289403440801742],[103.783102692372751,1.289402045374245],[103.783103044628163,1.289400649946766],[103.783103412158752,1.28939925451959],[103.783103781486432,1.28939785909245],[103.783104149915218,1.289396480848222],[103.783104518344345,1.289395086325444],[103.783104904744292,1.289393690898642],[103.78310529204245,1.289392312654789],[103.783105677543489,1.289390935315263],[103.783106080117193,1.289389539888782],[103.78310648448759,1.289388162549648],[103.783106887959491,1.289386784306115],[103.783107291431378,1.289385406062583],[103.783107711975532,1.289384028723752],[103.783108134316748,1.289382651384957],[103.783108554860931,1.289381273141763],[103.783108993375876,1.289379895803289],[103.783109414818568,1.289378518464475],[103.783109854231739,1.28937715830895],[103.783110309819008,1.289375780066451],[103.783110749232179,1.289374419910924],[103.783111205717958,1.289373042572806],[103.783111661304858,1.289371682417601],[103.783112135761115,1.289370322262753],[103.783112592246567,1.289368962107565],[103.783113065804272,1.289367601952716],[103.783113557332825,1.289366241798224],[103.783114030890545,1.289364881643375],[103.783114522418728,1.289363539576158],[103.783115013947253,1.289362180326028],[103.783115505475436,1.289360837354466],[103.783116014076256,1.289359477200312],[103.783116523575274,1.289358134229089],[103.783117033074248,1.289356793066609],[103.783117540776175,1.289355450095367],[103.783118067347473,1.289354107124483],[103.783118593918772,1.289352764153615],[103.783119120490028,1.289351422991473],[103.783119665031776,1.289350098108239],[103.783120208675356,1.289348755137709],[103.783120753217091,1.289347431158838],[103.783121296860301,1.289346106275585],[103.783121840503853,1.289344763305055],[103.783122402117897,1.289343438422159],[103.783122963731884,1.289342115348005],[103.783123543316748,1.289340789561102],[103.783124104930451,1.289339481861135],[103.78312468361672,1.289338157882957],[103.783125263201214,1.289336851087709],[103.783125859858359,1.289335525301144],[103.783126440341391,1.289334218505932],[103.783127036099614,1.289332911711005],[103.783127648930119,1.289331604916417],[103.783128246485447,1.289330297217163],[103.783128861113013,1.28932899042261],[103.783129474842042,1.289327684532419],[103.783130089469296,1.289326394016433],[103.783130705893981,1.289325086317553],[103.783131335796412,1.289323797610596],[103.783131967495933,1.289322507999312],[103.78313259919544,1.289321218388027],[103.783133249764319,1.289319928777117],[103.783133898536093,1.289318640070533],[103.783134547307554,1.289317367642501],[103.783135196977867,1.289316078935935],[103.783135864618686,1.289314806508293],[103.783136530462428,1.289313533176252],[103.783137197204653,1.289312263461681],[103.783137864845443,1.289310991938385],[103.783138548659991,1.289309719511063],[103.783139215402258,1.289308447987765],[103.78313991808615,1.28930717646518],[103.783140601900342,1.289305922125134],[103.783141304583879,1.28930466778548],[103.783141988398057,1.289303414349796],[103.783142708153875,1.28930216001048],[103.783143409040335,1.289300905670772],[103.783144112622438,1.289299651331134],[103.783144831479348,1.289298415983438],[103.783145551235165,1.289297161644121],[103.783146288961476,1.289295924488073],[103.783147008716938,1.289294688236032],[103.783147745544682,1.289293451984329],[103.78314848237244,1.28929221482828],[103.783149238069541,1.289290979481313],[103.783149973998391,1.289289760412522],[103.783150728796954,1.289288524161192],[103.783151483595177,1.289287305092774],[103.783152255465666,1.289286086024696],[103.78315301026386,1.289284868765004],[103.783153782134363,1.289283648792561],[103.783154554004525,1.289282447811775],[103.783155326773553,1.289281228743713],[103.783156115715968,1.289280027763265],[103.78315690645546,1.289278826782853],[103.783157696296442,1.289277624898042],[103.783158486137381,1.289276424821973],[103.783159293050588,1.289275224746244],[103.783160082891229,1.289274040044379],[103.783160891601199,1.289272856247236],[103.783161714688163,1.289271655267462],[103.783183196672724,1.289242652722857],[103.783188251076098,1.289236983361784],[103.783193375564267,1.289231383638157],[103.783198588108036,1.289225855361075],[103.783203870736585,1.289220397625785],[103.78320924052187,1.289215027615587],[103.783214681290445,1.289209729051562],[103.783220192143474,1.28920451821229],[103.783225789254672,1.289199396002422],[103.783231459146279,1.28919434433443],[103.783237197325249,1.289189381295485],[103.783243006487538,1.289184488798379],[103.78324888663245,1.289179702113303],[103.783254835065094,1.289174985970013],[103.783260855379211,1.289170359360201],[103.783266926908112,1.289165836753317],[103.783273069420332,1.289161385592617],[103.783279282016977,1.289157023061013],[103.783285565596302,1.289152765437089],[103.783291901289203,1.289148597346251],[103.78329828909574,1.289144517884169],[103.783304746986389,1.289140543329732],[103.783311240817241,1.289136640220799],[103.783317803833327,1.289132860106769],[103.783324420760479,1.289129150534235],[103.783331089800896,1.289125547677733],[103.783337810954592,1.28912205063288],[103.783344586019027,1.289118641312436],[103.783351412298174,1.289115338708005],[103.783358273618333,1.289112141914902],[103.783365188849231,1.28910903284619],[103.783372138222589,1.289106030493169],[103.783379140607749,1.289103133951814],[103.783386177135398,1.289100344126114],[103.78339326847231,1.289097641120493],[103.783400375980534,1.289095062013086],[103.783407536500931,1.289092571534447],[103.783414732062326,1.289090187771498],[103.783421944693913,1.289087910723867],[103.783429209438836,1.28908573677481],[103.783436493050672,1.2890836876284],[103.78344381170389,1.289081727110401],[103.783451147427286,1.289079872403357],[103.783458518191708,1.289078124411984],[103.783465906924548,1.289076498510167],[103.783473330698385,1.289074980228402],[103.783480753571993,1.289073548765596],[103.783488212384768,1.289072243010135],[103.783495688267777,1.289071042161281],[103.783503182119205,1.289069965210692],[103.783510693041194,1.289068975079433],[103.783518204859291,1.289068109750449],[103.783525733747624,1.289067350232451],[103.783533279706148,1.28906669742977],[103.783540826561165,1.289066149533377],[103.783548390486033,1.289065726439593],[103.783555953510316,1.289065408252063],[103.783563518329615,1.289065196779548],[103.783571081349464,1.289065107396199],[103.783578644367196,1.289065126536573],[103.783586209180001,1.28906524967889],[103.78370094908081,1.289073942875208],[103.783704405756779,1.289074490083549],[103.783707863330591,1.28907507346649],[103.78371132090443,1.289075655945063],[103.783714777579377,1.289076256510891],[103.783718235152506,1.289076875164043],[103.783721674754844,1.289077492912458],[103.78372513322617,1.289078129652894],[103.783728571929629,1.289078765488576],[103.783732011530944,1.289079436594495],[103.783735451132259,1.28908010770041],[103.783738890733574,1.289080778806303],[103.783742330334206,1.289081485182433],[103.783745752862572,1.28908219246257],[103.783749192462864,1.289082916021604],[103.783752614990874,1.289083640484663],[103.783756034822929,1.289084383034957],[103.783759459147362,1.289085141863887],[103.783762880775811,1.289085919684432],[103.783766303302826,1.289086696600611],[103.78376970875722,1.289087491603744],[103.783773112414536,1.289088286606838],[103.783776534940515,1.289089116880522],[103.783779938597149,1.289089947153831],[103.78378334405086,1.289090777427171],[103.783786730634532,1.289091642970345],[103.783790135189037,1.289092508513866],[103.783793522671274,1.289093373152685],[103.783796910152816,1.289094274870451],[103.783800295837267,1.289095175683814],[103.783803684217361,1.289096076497225],[103.783807070799696,1.289097012580804],[103.783810440309722,1.289097949568425],[103.783813826891731,1.289098902834926],[103.783817197299996,1.28909985700547],[103.783820566809368,1.289100828358922],[103.783823918347593,1.289101817799311],[103.783827288755162,1.289102807240066],[103.783830641191258,1.289103831950672],[103.783833991830591,1.289104839478326],[103.783837344266388,1.289105880467491],[103.783840695803576,1.289106923265361],[103.783844030268213,1.28910798143708],[103.783847381805074,1.289109042322235],[103.783850716269328,1.289110120389982],[103.783854033661001,1.289111214735942],[103.783857368124572,1.289112328073906],[103.783860684617352,1.289113441411497],[103.783864019080596,1.289114571932365],[103.783867335573021,1.289115704261604],[103.78387063499288,1.289116850155984],[103.783873952383189,1.289118015946714],[103.783877251802693,1.289119181737106],[103.783880551221486,1.2891203827977],[103.783883849742111,1.289121566675343],[103.783887132088296,1.289122786727253],[103.783890431506805,1.289124004066403],[103.783893712055587,1.289125240396837],[103.783896994401445,1.289126477631665],[103.783900258776185,1.289127731144688],[103.783903523150542,1.289129004553728],[103.783906804597208,1.289130275250024],[103.783910051898985,1.28913156493729],[103.78391331537415,1.289132871807781],[103.783916562675287,1.2891341958609],[103.783919809077801,1.289135522627087],[103.7839230554804,1.2891368457758],[103.783926284810335,1.289138188820213],[103.783929531212209,1.289139549952232],[103.783932761440056,1.289140926458136],[103.783935971001441,1.289142303867979],[103.78393920122889,1.289143700269895],[103.783942412586697,1.289145112950006],[103.78394562394449,1.28914652653446],[103.783948818229661,1.289147957301524],[103.783952011616293,1.289149388972913],[103.783955205901165,1.28915083601852],[103.783958400185682,1.28915230205578],[103.783961575600841,1.289153768092668],[103.783964770783555,1.289155252217215],[103.783967930024289,1.289156753524004],[103.783971106337333,1.289158254831106],[103.783974264679216,1.289159773320784],[103.783977423919282,1.289161310802133],[103.783980583159376,1.289162847379114],[103.783983724428296,1.289164402043036],[103.78398686569723,1.289165956706954],[103.783990006965482,1.289167546641075],[103.783993130263269,1.289169118487548],[103.783996253560389,1.28917072560426],[103.78399937865457,1.289172333625348],[103.78400248487938,1.289173942550429],[103.78400559110392,1.289175565945347],[103.78400869732809,1.289177208331902],[103.784011785581114,1.289178868805413],[103.784014874732677,1.289180529278921],[103.784017962985686,1.289182189752425],[103.78402105213658,1.289183885496151],[103.784024123316655,1.289185581239523],[103.78402717652591,1.289187276982541],[103.784030247705644,1.289188990813183],[103.784033300914231,1.289190721826418],[103.78403635502103,1.289192470926945],[103.784039391157037,1.289194219122771],[103.784042427293016,1.289195968222941],[103.784045463428654,1.289197734506037],[103.78404848159316,1.289199518876074],[103.784107132426939,1.289226773947732],[103.784108694080146,1.289227339205954],[103.784110273704172,1.289227904464526],[103.784111835357379,1.289228469722747],[103.784113414981746,1.289229016894039],[103.78411497663528,1.289229564969328],[103.784116556259661,1.289230112140602],[103.784118117913224,1.289230659311525],[103.784119697537591,1.289231207387177],[103.784121277162285,1.289231737375517],[103.784122855888114,1.289232285451133],[103.784124435512794,1.289232816343851],[103.784126016036069,1.289233345427843],[103.784127594762239,1.289233875416179],[103.784129173488751,1.289234387317203],[103.784130754910521,1.289234918209952],[103.784132332738523,1.289235429206594],[103.784133912363558,1.289235942012012],[103.784135509060874,1.289236454817762],[103.784137088685938,1.289236966718798],[103.784138668311002,1.289237479524214],[103.784140265008674,1.289237973338303],[103.784183331856838,1.289249278732096],[103.784187209942061,1.289250179554518],[103.784191088927201,1.289251009836503],[103.784195002057913,1.28925178676166],[103.784198916088855,1.289252475963449],[103.784202829222593,1.289253094624798],[103.784206778299023,1.289253659929321],[103.784210726478236,1.28925415469337],[103.784214675557706,1.289254560829721],[103.784218623739648,1.289254913608547],[103.784222590792297,1.289255196751664],[103.784226574020053,1.289255408450275],[103.78423054017685,1.28925555051248],[103.784234506335025,1.289255621129882],[103.78423849046537,1.289255621207195],[103.78424245572738,1.289255567926633],[103.784246441657515,1.289255426923103],[103.784250406922567,1.289255214474353],[103.784254373087165,1.289254949572492],[103.784258339253441,1.289254596947244],[103.784262288348486,1.289254190964158],[103.784266235648118,1.289253696353304],[103.784270167673569,1.289253148384645],[103.784274098801831,1.289252530779893],[103.784278011062099,1.289251841729957],[103.784281908048513,1.289251082139286],[103.784285804137738,1.289250252008175],[103.784289683155706,1.289249368519209],[103.784293543305978,1.289248397306507],[103.784297385486425,1.289247374544675],[103.784301196219317,1.289246279433053],[103.784305002460897,1.289245111972178],[103.784308794326776,1.289243893866623],[103.784312550252722,1.28924258622826],[103.784316287310304,1.289241227040749],[103.784320009093733,1.289239813591055],[103.784323694038633,1.289238312417295],[103.78432736191229,1.28923675788568],[103.784330994743854,1.289235150900243],[103.78433459253398,1.289233456190757],[103.784338172354012,1.289231724401967],[103.784341718031129,1.289229905793527],[103.784345244839614,1.289228050105766],[103.784348720432888,1.289226107598007],[103.784352160085206,1.289224129819323],[103.784355581768423,1.289222062508213],[103.784358951336927,1.289219960830227],[103.784362303834456,1.289217789515837],[103.784365603319145,1.289215563034172],[103.784368867761714,1.289213284098701],[103.784372095365441,1.289210935526426],[103.784375272651559,1.289208550778586],[103.784378415794478,1.289206095489665],[103.784381502330334,1.289203586842125],[103.784384556519711,1.2892010257408],[103.784387576565521,1.289198412185689],[103.784390541801343,1.289195745271994],[103.784393454922821,1.289193024999786],[103.784396333002192,1.289190252273741],[103.784399140996072,1.289187443371766],[103.784401913049649,1.289184563928642],[103.784404633887064,1.289181649214317],[103.784407318783494,1.289178700133448],[103.78440993449361,1.289175680510789],[103.784412497190516,1.289172623808168],[103.784415023047913,1.289169532738971],[103.784417480617179,1.28916638921531],[103.784419885173222,1.289163209516052],[103.784422236716352,1.28915997736261],[103.784424536144783,1.289156709937934],[103.784426764589156,1.289153408146038],[103.784428958889649,1.289150068370182],[103.784431065134157,1.28914667704383],[103.784433136335863,1.289143268533868],[103.784435136553881,1.289139805760667],[103.784437083758647,1.289136308620578],[103.78443896177609,1.289132793391856],[103.784440787678804,1.28912924470066],[103.784442559669799,1.28912565802509],[103.784444244502964,1.289122036981991],[103.784445894293711,1.289118380667987],[103.784447456027806,1.289114705360624],[103.784448965646817,1.289111014678064],[103.784450422252604,1.289107288724255],[103.784451791700619,1.289103525689826],[103.784453108134699,1.289099763558736],[103.78445437155554,1.289095966156395],[103.784455546920071,1.289092132577765],[103.784456671067744,1.289088299902508],[103.784457723332494,1.289084449138585],[103.784458705511724,1.289080563103082],[103.784459619401858,1.28907667706626],[103.784460479380186,1.289072756662551],[103.784461251301522,1.289068835352777],[103.784461971107504,1.28906491404198],[103.784462619929428,1.289060957459603],[103.784467711730159,1.289025895344311],[103.784467815984797,1.289024640992702],[103.784467921138329,1.289023369458178],[103.784468009219239,1.289022115106238],[103.784468114372402,1.289020861659009],[103.784468201554773,1.289019607307052],[103.78446827256343,1.289018352050437],[103.784468359745745,1.289017100411569],[103.784468429855849,1.289015845154936],[103.784468499965953,1.28901459080265],[103.784468570974894,1.289013320171829],[103.784468641085013,1.289012064915197],[103.784468693224269,1.289010810562564],[103.784468746262078,1.289009557114327],[103.784468798401704,1.2890082846744],[103.784468834367232,1.289007031225833],[103.784468886506502,1.2890057768732],[103.784468921573506,1.289004522520254],[103.784468939568569,1.289003250984046],[103.784468974635573,1.289001996631083],[103.784468991731728,1.289000743182153],[103.784469008827912,1.288999488828842],[103.784469027721499,1.288998217292653],[103.784469027745416,1.288996962939029],[103.784469043943062,1.288995708585702],[103.784469043967292,1.288994437049148],[103.784469043991209,1.288993182695507],[103.784469027841368,1.288991929245935],[103.784469008996268,1.288990656804654],[103.78446899194789,1.288989403355047],[103.784468974899511,1.288988149001094],[103.784468957851161,1.288986894647124],[103.784468921933765,1.288985623109876],[103.784468886914581,1.288984368755576],[103.784468851895397,1.288983114401259],[103.78446879890538,1.288981860950975],[103.784468746814269,1.288980588509035],[103.784468693824252,1.288979335058751],[103.784468641732801,1.288978080704104],[103.784468588742797,1.288976826349457],[103.784468518680853,1.28897555481155],[103.784468448618583,1.288974300456556],[103.784468360585478,1.288973047005595],[103.784468289624655,1.288971792650585],[103.784468202490118,1.288970538295278],[103.784468115355565,1.288969283939955],[103.784468027322447,1.288968031393357],[103.78446792221709,1.288966776133324],[103.784467834184326,1.288965504595069],[103.784467729078983,1.288964249335053],[103.784467606002792,1.288962995883398],[103.784467500897406,1.288961742432108],[103.78446737782123,1.288960488076091],[103.784467255643222,1.288959252711765],[103.784467132567059,1.288957997451384],[103.784466992418615,1.288956743095054],[103.784466852270114,1.288955490547433],[103.784466711223146,1.288954235286722],[103.784466571074688,1.288952980930375],[103.784466430926244,1.288951726574045],[103.78446627280664,1.288950489400282],[103.784466114687362,1.288949235947968],[103.784465939495774,1.28894798339967],[103.78446578137617,1.288946746225924],[103.784465606184625,1.2889454918689],[103.784465430094556,1.288944237511876],[103.784465254902656,1.288943001242146],[103.784465061740292,1.288941746884775],[103.78446488475133,1.288940510615027],[103.784464676313803,1.288939255352998],[103.784464483151069,1.288938019987301],[103.784464289988364,1.288936783717224],[103.784334153801879,1.2882588433063],[103.784333171788816,1.288254039302775],[103.784332189775796,1.288249234394903],[103.784331189791601,1.288244447573961],[103.784330170938404,1.288239643569739],[103.784329135911165,1.288234856748117],[103.784328082913106,1.288230069021784],[103.784327012842752,1.288225283103847],[103.784325924801294,1.288220513464129],[103.784324836759794,1.288215745633153],[103.78432381879604,1.28821141913341],[103.784323713675278,1.288210975088393],[103.784322573518452,1.288206206352028],[103.784321432463102,1.288201436711281],[103.784320256364325,1.288196686061514],[103.784319081164114,1.288191934507383],[103.784317870022278,1.288187182952572],[103.78431665977898,1.288182431397779],[103.784315413593745,1.28817769702522],[103.784314167408496,1.288172963557007],[103.78431290415098,1.288168230088479],[103.784311622922672,1.28816349571524],[103.784310324621757,1.28815878033331],[103.784309008350021,1.288154064046669],[103.784307675006033,1.288149347759713],[103.784306324589792,1.288144631472409],[103.784304954405286,1.288139934176378],[103.784303568047108,1.288135234166962],[103.784302164616633,1.288130535965923],[103.784300760287621,1.288125837764866],[103.784299321813762,1.288121156746079],[103.784297865369084,1.288116475726943],[103.78429640802554,1.288111812795082],[103.78429493450858,1.288107132679976],[103.784293425049697,1.288102468842725],[103.784291915590472,1.288097823092784],[103.784290283927717,1.288093283151117],[103.784288739425449,1.288088637400495],[103.784287177850857,1.288083993458252],[103.784285599203713,1.288079364889881],[103.784284001687553,1.28807471913823],[103.784282387098415,1.288070110465181],[103.784280772509689,1.288065480991749],[103.784279122877507,1.288060871413673],[103.784277473245339,1.288056260931217],[103.784275788570113,1.288051650448081],[103.784274102996008,1.288047058052221],[103.784272383277354,1.28804246565568],[103.78427066535545,1.288037891346485],[103.784268927665664,1.288033316132543],[103.784267172005087,1.288028741822597],[103.784265400170781,1.288024166607991],[103.784263626539058,1.288019609480643],[103.784261819661367,1.28801505144827],[103.784259994812516,1.288010512407204],[103.78425816996365,1.288005973366137],[103.78425631007174,1.288001434324407],[103.784254449280937,1.287996912465572],[103.784252571417909,1.287992389702042],[103.784250676482245,1.28798788592982],[103.78424876357613,1.287983364069971],[103.784246833597081,1.287978877480015],[103.784244885647567,1.287974372802416],[103.784242920625445,1.287969886211761],[103.784240955602996,1.287965417708415],[103.784238953740726,1.287960931117044],[103.784236953674878,1.287956479795931],[103.784234917667746,1.287952012195568],[103.784232881660301,1.287947559969392],[103.784230828580263,1.287943125830177],[103.784228757529732,1.287938675412045],[103.784226687377071,1.28793425935979],[103.784224581283169,1.287929825219526],[103.784222459015197,1.287925409166258],[103.784220334051255,1.28792101120023],[103.784218193812151,1.287916613233887],[103.784216033805151,1.287912215267176],[103.784213841450367,1.28790783448275],[103.784129730090015,1.287714648824497],[103.784126623989096,1.28770666503387],[103.784123640091039,1.287698609800817],[103.784120815235639,1.287690503022057],[103.784118129654715,1.287682360071428],[103.784115585145656,1.287674163766035],[103.78411318080957,1.287665933097501],[103.784110918444227,1.287657630986911],[103.784108793555916,1.287649311696075],[103.784106828608159,1.287640973416706],[103.784104986761406,1.287632584495296],[103.784103302159934,1.28762415849799],[103.784101757731094,1.287615715320476],[103.784100388517913,1.287607255867815],[103.784099125333256,1.287598758433899],[103.784098037364274,1.287590244724836],[103.784097073394193,1.287581712930872],[103.784096265770472,1.287573163957031],[103.784095616290188,1.287564597803349],[103.784095106982193,1.287556030748011],[103.784094738745367,1.287547446512483],[103.784094545723889,1.287538863184723],[103.784094475802462,1.287530278050645],[103.784094564024116,1.287521692919624],[103.784094792418031,1.287513108695689],[103.784095178954715,1.287504542562122],[103.784095705664029,1.287495957439637],[103.784096372544923,1.28748740849443],[103.784097197568911,1.287478858647949],[103.7840981798374,1.287470310613249],[103.784099303176063,1.287461796947152],[103.784100584657466,1.28745330046704],[103.784101989238195,1.287444840163906],[103.784103551063112,1.287436397046741],[103.784105253958174,1.28742798920254],[103.784107114097395,1.287419599448685],[103.784144759780943,1.287302809636429],[103.784147814063303,1.287295285382586],[103.784150973474524,1.28728777831371],[103.784154185000034,1.287280324603343],[103.784157484582138,1.28727288807761],[103.784160889292423,1.287265504007052],[103.78416434611762,1.287258139833536],[103.784167873027968,1.287250827210134],[103.784171472719365,1.287243549858379],[103.784175157771372,1.287236307778466],[103.784178930879648,1.28722910097048],[103.784182757001091,1.28722192943374],[103.784186670279865,1.287214811256187],[103.784190654542641,1.287207728350227],[103.784194707991944,1.287200698803105],[103.784198832425247,1.287193704527577],[103.784203026943999,1.287186743714881],[103.784207309518607,1.287179838974493],[103.784211643309007,1.287172984879486],[103.784216066952709,1.287166166960817],[103.784220560681504,1.287159402401],[103.784225122698317,1.287152690295637],[103.78422973862682,1.28714601436588],[103.784234441712712,1.287139389986595],[103.78423919781109,1.287132837053142],[103.784244041965692,1.287126319391575],[103.784248955307177,1.287119837905943],[103.784253922559728,1.287113425153035],[103.784258958998805,1.287107066663339],[103.784264067320379,1.287100744349594],[103.78426922595888,1.287094490768537],[103.784274473551775,1.287088290546676],[103.784279757983811,1.287082143683035],[103.784285125978982,1.287076051082882],[103.784290548783787,1.287070027215485],[103.784296042572521,1.28706403952402],[103.78430158847523,1.287058122373984],[103.784307186491887,1.287052275765376],[103.784312872564783,1.287046464428683],[103.784318593679018,1.287040741720383],[103.784324385776898,1.28703507146658],[103.784330229989038,1.287029455475654],[103.784336144285973,1.287023909122138],[103.784342111595734,1.287018415222772],[103.784348131019442,1.287012992769195],[103.78435420255741,1.287007623674113],[103.78436034507871,1.287002325120836],[103.784366522642017,1.286997079021362],[103.784372770289735,1.286991922455315],[103.784379070950337,1.28698681653469],[103.784385423724842,1.286981782964215],[103.784391828613309,1.28697681993518],[103.78439827034056,1.286971927447255],[103.784404781254054,1.286967104596737],[103.784411328108078,1.286962336008761],[103.784417943249807,1.286957637058156],[103.784424594331753,1.28695300955304],[103.784431282252129,1.286948470676327],[103.784438038460522,1.28694398425407],[103.784444831507713,1.286939568372922],[103.78445167487142,1.28693524112047],[103.784458554175714,1.286930966321832],[103.784465486491825,1.286926798239202],[103.784472453850313,1.28692266452309],[103.784479456250139,1.286918620339741],[103.784486510763955,1.286914645793431],[103.784493619188453,1.286910760780231],[103.784500761756121,1.286906945403738],[103.784507922293557,1.286903183385091],[103.784515152016553,1.286899526274035],[103.784522399709317,1.286895923425186],[103.78452968334166,1.286892425483288],[103.784537002016023,1.286888981803925],[103.784544354833201,1.28688562675291],[103.784551760662893,1.28688234133898],[103.784559184461727,1.286879143648722],[103.784566643302213,1.286876018308294],[103.784574136285883,1.286872962604571],[103.784645055687179,1.286855600168078],[103.784650671566595,1.286855388654638],[103.784656304515934,1.286855300135087],[103.784661920391329,1.286855300242925],[103.784667554235853,1.286855388978824],[103.784673170107581,1.286855583525009],[103.784678785977619,1.286855865794563],[103.784684401845652,1.286856254779112],[103.784689999741232,1.286856731486669],[103.784695598533332,1.286857314909255],[103.784701196424876,1.286858004142454],[103.784706760170579,1.2868587648198],[103.784712323015071,1.28685966476926],[103.784717868785975,1.286860636163178],[103.784723396584397,1.286861696184468],[103.784728907308562,1.286862862016062],[103.784734400059918,1.28686413365796],[103.784739858665446,1.286865475839643],[103.784745298399599,1.286866924735959],[103.784750686016451,1.286868479441925],[103.784756073631641,1.286870121871228],[103.784761443274363,1.286871852023559],[103.784766762596831,1.286873689794284],[103.784772061251246,1.286875614383605],[103.784777326657974,1.286877629408733],[103.784782539049189,1.286879731251838],[103.784787733467951,1.286881921722317],[103.784792875769398,1.286884218002448],[103.784798000098718,1.28688658391828],[103.784803054339889,1.286889058356526],[103.784808089710438,1.286891601526092],[103.784813039717648,1.286894251409056],[103.784817970854206,1.286896971832066],[103.784822866945717,1.286899798065056],[103.784827692949776,1.286902694837131],[103.784832483909113,1.286905680236255],[103.784837222751818,1.286908735270445],[103.784841909477166,1.286911897923016],[103.784846523419802,1.286915113027327],[103.784851086143675,1.286918433036947],[103.7848555967512,1.286921808211792],[103.784995079668207,1.287025598467092],[103.784999677435835,1.28702890310292],[103.785004291377902,1.287032170660112],[103.785008890943658,1.287035421034075],[103.78501354262508,1.287038653321746],[103.785018174538294,1.287041903696326],[103.785022842394142,1.287045100714063],[103.785027510249989,1.287048297731809],[103.785032196076997,1.287051476662577],[103.785036881904674,1.287054621227491],[103.785041584804603,1.28705776579274],[103.785046288603425,1.287060892270685],[103.785051009474884,1.287064000661653],[103.785055730346684,1.287067090965336],[103.785060484464751,1.2870701667998],[103.785065241278858,1.287073220929561],[103.785069997194398,1.287076276868022],[103.785074788153679,1.287079297536933],[103.78507956114251,1.287082300118199],[103.78508437097183,1.287085285517226],[103.785089179004387,1.287088253733279],[103.785094004109595,1.287091202957991],[103.785098831011865,1.287094153087107],[103.785103674987084,1.287097067946315],[103.785108500991825,1.287099964717876],[103.785109659110887,1.287105246229026],[103.785114520159382,1.287108108635381],[103.785119400077605,1.287110951146083],[103.785124295270975,1.287113795465791],[103.785129190465042,1.287116603610902],[103.785134105426991,1.287119412660743],[103.785139019491083,1.287122186440349],[103.785143950627813,1.28712494032425],[103.785148898836738,1.287127697825918],[103.785153848843478,1.287130417344296],[103.785158797951695,1.287133136862647],[103.785163764132818,1.287135822015468],[103.785168748284747,1.287138507168621],[103.785173732437343,1.287141157955902],[103.785178733662264,1.287143806030408],[103.785183734887838,1.287146420643422],[103.785188754982741,1.287149035256768],[103.78519377328125,1.287151613695499],[103.785198810449131,1.287154193038941],[103.785203846719142,1.287156735303422],[103.785208900959944,1.287159280281306],[103.78521395430289,1.287161788180229],[103.785219027414058,1.287164278896585],[103.785224098728165,1.287166769612915],[103.785229188013744,1.287169225059333],[103.785234277299324,1.287171680505758],[103.785239384556391,1.287174099777925],[103.785324710331309,1.287200809090436],[103.785329904760474,1.287202504872416],[103.785335135132897,1.287204112027338],[103.78534038168101,1.287205614276274],[103.785345664172084,1.287207044176702],[103.785350964635953,1.287208368266799],[103.785356299246303,1.287209588355614],[103.785361634756555,1.287210736095273],[103.785367004413288,1.28721177892927],[103.785372392042518,1.287212732231504],[103.785377779673695,1.287213580627445],[103.785383203248145,1.287214340396325],[103.785388625925705,1.287215011537431],[103.785394065677522,1.287215576868204],[103.785399506329512,1.287216054475616],[103.7854049640558,1.287216424463969],[103.785410422682219,1.287216707633307],[103.785415880411762,1.287216902174904],[103.78542133724477,1.287216990001448],[103.785426795876489,1.287216990104648],[103.78543227158211,1.287216902484792],[103.785437729319256,1.287216690062267],[103.785443187956233,1.287216408003691],[103.785448645696661,1.287216019230063],[103.785454085467933,1.287215542732717],[103.785459509067451,1.287214960424392],[103.785464932668631,1.287214288583963],[103.78547035447437,1.287213529020139],[103.78547574213755,1.287212662740618],[103.785481128903797,1.287211710546444],[103.785486500396871,1.287210650732583],[103.785491835051445,1.287209502290286],[103.785497170606178,1.287208266124644],[103.785502470220962,1.287206941330566],[103.785507752765426,1.28720551072551],[103.785513000268494,1.287203991492052],[103.785518229802378,1.287202384534878],[103.785523424294851,1.287200688044938],[103.78552858464441,1.28719890473534],[103.785533726126587,1.287197015614714],[103.785538833465566,1.287195054144272],[103.785543887792628,1.287192987766539],[103.785548924150547,1.287190832760726],[103.785553908394405,1.287188608117832],[103.785558875567986,1.287186275855235],[103.785563788830473,1.287183873051176],[103.785568650877764,1.287181383427139],[103.785573476086569,1.287178805174668],[103.785578250080206,1.28717613738913],[103.785582988133868,1.2871733827839],[103.785587674073497,1.287170556732883],[103.785592307000911,1.287167642053127],[103.785596905785425,1.287164639649352],[103.785601432688026,1.287161565799416],[103.785605908375118,1.287158422312435],[103.785610329252918,1.287155189292321],[103.785614700712301,1.287151886635195],[103.785619001188635,1.287148495348996],[103.78562326572434,1.287145050704608],[103.785627442204728,1.287141518335171],[103.785631566571098,1.287137915424327],[103.785635638823763,1.287134223884766],[103.785639639194187,1.287130478986323],[103.785643570378312,1.287126663546137],[103.785647432376152,1.287122778468587],[103.785651239564345,1.287118821945184],[103.78565497846445,1.28711481206297],[103.785658628410388,1.287110731638657],[103.785662226242295,1.287106580672906],[103.785665736018245,1.287102376347989],[103.785669175709344,1.287098102385677],[103.785672545315293,1.287093775064537],[103.785675844836419,1.287089376297259],[103.785679056301561,1.287084925979543],[103.785682197681211,1.287080439485932],[103.785685269874577,1.287075883354927],[103.785688253113463,1.287071272960378],[103.785691149194903,1.287066609206683],[103.78569397519118,1.287061893902889],[103.785696712232664,1.28705714151845],[103.785699362116688,1.287052337583609],[103.785701941915562,1.287047480289926],[103.785704434556678,1.287042587724393],[103.785706838243328,1.287037641799665],[103.785709155670745,1.287032660603103],[103.785726459925286,1.286975113496758],[103.785726671108407,1.286973700883255],[103.785726864320409,1.286972305452329],[103.785727074605006,1.286970891934446],[103.785727267817322,1.286969479320589],[103.78572744305886,1.286968065802048],[103.785727636271162,1.28696665318819],[103.7857278115127,1.286965239669649],[103.78572798765309,1.286963808968176],[103.7857281628946,1.286962396353998],[103.785728321063857,1.286960982835119],[103.785728478334576,1.286959570220604],[103.785728636503848,1.286958156701725],[103.785728776702641,1.286956725999594],[103.785728917799617,1.286955313384774],[103.785729057998083,1.286953899865558],[103.785729198196861,1.286952469163427],[103.785729321323061,1.286951056548252],[103.785729461521512,1.286949643029053],[103.785729565778695,1.28694821232623],[103.785729689803418,1.286946799711089],[103.785729794959138,1.2869453690083],[103.785729900114532,1.286943955488425],[103.785730006168805,1.286942524785652],[103.785730093353365,1.286941112169803],[103.785730181436833,1.286939681466693],[103.785730269520286,1.286938250763582],[103.785730356704889,1.28693683724337],[103.785730426817537,1.286935406539922],[103.785730497828396,1.286933993923786],[103.785730567941073,1.286932562315958],[103.785730620082887,1.286931132516536],[103.78573067312297,1.286929718995682],[103.785730725264827,1.286928288291897],[103.785730777406656,1.286926858492474],[103.785730813374485,1.286925444066937],[103.785730848444061,1.286924014267194],[103.785730883513651,1.286922582658725],[103.785730901510973,1.286921151954298],[103.785730918609431,1.286919739337132],[103.785730936606768,1.286918308632705],[103.785730953705553,1.286916877928262],[103.785730953731758,1.286915464406412],[103.785730953758275,1.286914033701648],[103.785730953784807,1.286912602996866],[103.785730936739071,1.286911172291782],[103.785730918794457,1.286909759673974],[103.785730901748707,1.286908328968873],[103.785730883804433,1.286906898263771],[103.78573084878758,1.28690548474128],[103.785730813771039,1.28690405403584],[103.785730777855932,1.286902624234764],[103.785730725767138,1.286901193529021],[103.785730673678032,1.286899780006193],[103.785730620690671,1.286898349300432],[103.785730568601906,1.286896917690326],[103.785730498541966,1.286895505071523],[103.785730427583815,1.286894074365425],[103.785730357523889,1.286892660842259],[103.785730286565752,1.286891230136162],[103.785730200332424,1.286889799429777],[103.785730113200216,1.286888386810653],[103.785730007199007,1.286886957008261],[103.78572991916829,1.286885542580411],[103.785729814065633,1.286884111873655],[103.785729690991829,1.286882699253873],[103.785729584990619,1.286881268547117],[103.785729462815382,1.286879855022972],[103.785729339741906,1.286878424315896],[103.78572921756664,1.286877011696114],[103.785729077420598,1.286875598171648],[103.78572893637633,1.286874167464217],[103.785728796230259,1.286872754844115],[103.785728656084203,1.286871341319632],[103.785728497967341,1.286869928699192],[103.78572833985082,1.286868497991457],[103.78572816466172,1.286867084466316],[103.785728006544829,1.286865672750239],[103.785727830457191,1.286864258320719],[103.785727654369524,1.286862845699941],[103.785727463006694,1.286861432174496],[103.785727286919027,1.286860019553718],[103.785727093759121,1.28685860602824],[103.785726882628396,1.286857193406804],[103.78572668946849,1.286855779881326],[103.785726480134826,1.286854367259923],[103.785726269902653,1.286852954638487],[103.785726041699348,1.286851558295282],[103.785725829670085,1.286850145673829],[103.785725602365645,1.286848732147709],[103.785725357090399,1.286847319525632],[103.785725127988556,1.286845924086773],[103.785724883611863,1.286844510560349],[103.785724637437738,1.286843116025533],[103.785724374191688,1.286841703403118],[103.785724128916129,1.286840307059592],[103.785723865669766,1.286838911620091],[103.785723602423758,1.286837497188933],[103.785723321206561,1.286836102653475],[103.78572304088793,1.286834707213654],[103.785722759670762,1.286833311773815],[103.785722479352131,1.286831916334011],[103.785722181062695,1.286830521798215],[103.785721899845498,1.28682912726274],[103.785721584483838,1.286827730917914],[103.785721286194402,1.286826335477755],[103.785720970832728,1.286824939132913],[103.78572065457216,1.286823561779711],[103.785720338311947,1.286822166339214],[103.785720004979112,1.286820788985708],[103.785719688718871,1.286819393545212],[103.785719355386078,1.286818015287326],[103.785719004981317,1.286816619846188],[103.785718670749958,1.286815242492648],[103.785718321243408,1.286813865138821],[103.785717951969005,1.28681248688026],[103.785717600665379,1.286811109526399],[103.785717231390976,1.286809731267838],[103.785716863913606,1.286808354818054],[103.785716495537756,1.286806975655146],[103.785716109191071,1.286805598300627],[103.785715740815206,1.286804220042082],[103.785663518738005,1.286552887099218],[103.785663114436645,1.286550644267451],[103.78566272630934,1.286548383348693],[103.785662340877664,1.286546122429985],[103.785661973416779,1.286543861511616],[103.78566162212995,1.286541582506256],[103.785661253770542,1.286539320683507],[103.785660920454163,1.286537060670141],[103.785660570065545,1.286534799752093],[103.785660235850969,1.286532521651433],[103.785659921403933,1.28653026073406],[103.785659605160177,1.286527981729358],[103.785659288916065,1.286525720811951],[103.785658990643086,1.286523442711951],[103.785658709442373,1.286521163707908],[103.785658411169067,1.286518903695201],[103.785658147939145,1.286516625595859],[103.785657867637013,1.286514344783107],[103.785657604407078,1.286512067588145],[103.785657359147962,1.286509788584778],[103.785657112990307,1.286507510485756],[103.785656884803458,1.28650523148271],[103.785656656616609,1.28650295247968],[103.785656428430087,1.286500656293702],[103.785656218214015,1.286498378195356],[103.785656007997986,1.286496099192665],[103.785655814854181,1.28649382109464],[103.785655621710703,1.286491524909321],[103.785655445639179,1.286489245907254],[103.785655270466179,1.286486967809584],[103.785655095293521,1.286484671624602],[103.785654955163594,1.286482392623211],[103.785654797063174,1.28648009734293],[103.785654656933232,1.28647781834154],[103.785654515905108,1.286475521252837],[103.785654393746299,1.286473225068869],[103.78565427068861,1.286470946972161],[103.785654165602054,1.286468651692877],[103.785654059616647,1.286466371787765],[103.785653972500896,1.286464075604439],[103.785653885385145,1.28646177942113],[103.785653814443123,1.286459483238108],[103.785653745297836,1.286457205142414],[103.785653674355814,1.286454908055046],[103.785653621384583,1.286452611872362],[103.785653585485605,1.286450315690015],[103.785653533412571,1.286448037594643],[103.785653516382951,1.286445741412634],[103.785653498454764,1.286443445230625],[103.785653481425143,1.286441149048617],[103.785653463496644,1.286438870049523],[103.785653481510053,1.28643657386819],[103.785653481552686,1.286434277686502],[103.785653498667557,1.286431981505153],[103.785653533753234,1.286429685324124],[103.785653569737164,1.28642740542168],[103.785653604822826,1.286425110145031],[103.78565365698077,1.28642281305996],[103.785653710037238,1.286420517783649],[103.785653780165646,1.286418239690574],[103.785653850294366,1.286415943510204],[103.785653937495383,1.286413646425808],[103.785654025594582,1.28641136833307],[103.785654113694108,1.286409073057401],[103.785654218865915,1.286406775973344],[103.785654342008215,1.286404495168175],[103.78565446515077,1.286402200797528],[103.785654587394816,1.286399904618154],[103.785654728507879,1.286397626526413],[103.785654868722716,1.286395330347377],[103.785655026908046,1.286393051351594],[103.78565518419515,1.286390755172862],[103.785655360351271,1.286388476177416],[103.785655535608839,1.286386198086334],[103.78565572883754,1.286383901908277],[103.785655922065914,1.286381623817516],[103.785656115294273,1.286379345726771],[103.785656326493793,1.286377048644689],[103.785656535895882,1.286374769649868],[103.7856567641673,1.286372491559765],[103.785657010409537,1.286370212565654],[103.785657238680955,1.28636793447555],[103.78565748402464,1.286365655481405],[103.785657747339116,1.28636337739196],[103.785658010653606,1.286361098398152],[103.785658291040363,1.286358819404682],[103.78565857232563,1.286356541315576],[103.785658852712046,1.286354280409383],[103.785659151069567,1.286352001416234],[103.785659450325639,1.286349723327464],[103.785659763958037,1.286347462421897],[103.785660081184915,1.286345183429119],[103.785660416382242,1.286342922523957],[103.785660748884311,1.286340643531449],[103.785661099356815,1.286338383530937],[103.785661450727872,1.286336122626078],[103.7856618020989,1.286333862625582],[103.785662170542238,1.286331600816681],[103.785662556956353,1.286329339912481],[103.785662942471916,1.286327079008264],[103.785663328886031,1.286324818104063],[103.785663732372385,1.286322557200184],[103.785664135858781,1.286320295391941],[103.785664539344808,1.286318052575355],[103.785664960801967,1.286315791671813],[103.78566540022959,1.286313548855886],[103.785665838759016,1.286311287952665],[103.785666278186653,1.286309044232391],[103.785666733788005,1.286306800512422],[103.785667207360135,1.286304557697154],[103.785667663860011,1.286302314881547],[103.785668137432125,1.286300072970641],[103.785668628975102,1.286297828346984],[103.785669120518023,1.286295586436415],[103.785669630031435,1.286293359900373],[103.785670138646637,1.286291116181399],[103.785670647261526,1.286288889645356],[103.785671173847177,1.28628666491836],[103.785671700433141,1.286284422104087],[103.785672244989613,1.286282196473082],[103.785672788647517,1.286279970842043],[103.785673350276227,1.286277745211359],[103.785714823548901,1.286166432275231],[103.785716559611686,1.286161909580525],[103.785718297471206,1.286157405877509],[103.785720068576708,1.286152901270752],[103.78572184237747,1.286148414751323],[103.785723650322751,1.28614392823255],[103.785725458268033,1.286139441713774],[103.785727283285212,1.286134973282596],[103.785729126273182,1.286130505756116],[103.785730986333448,1.286126035516882],[103.78573284639333,1.286121584269288],[103.785734742394823,1.286117133022366],[103.785736654569703,1.286112699863041],[103.785738567643094,1.286108266703731],[103.785740515759542,1.286103832640713],[103.78574246387565,1.286099417569335],[103.785744429962563,1.286095001593946],[103.78574641401994,1.286090602801806],[103.78574843132327,1.286086204914669],[103.785750449525111,1.286081807027529],[103.785752485697458,1.286077426323673],[103.785754520971238,1.286073045619782],[103.785756592186289,1.286068682099494],[103.785758680473549,1.28606432038825],[103.785760768760511,1.286059974955573],[103.785762892989027,1.286055630427931],[103.785765016319019,1.286051284995889],[103.785767157619475,1.286046957651495],[103.785769315991871,1.28604264658597],[103.785771492335016,1.286038337329523],[103.785773704619757,1.28603402807373],[103.785775915107081,1.286029736000833],[103.78577814356521,1.286025443928271],[103.785780372023353,1.28602115004698],[103.785782636422354,1.286016895054039],[103.785784900821724,1.286012620165075],[103.785787182293006,1.286008363363724],[103.785789481734767,1.286004123745621],[103.785791798248425,1.285999902215148],[103.785794131834649,1.285995663502044],[103.785796484289889,1.285991441972222],[103.785798835846251,1.285987238529692],[103.78580122244567,1.285983034183437],[103.785803609045061,1.285978830741542],[103.785806013614931,1.285974644482912],[103.785808453227531,1.285970475407852],[103.78581087486927,1.285966307236831],[103.785813332452634,1.285962139066465],[103.785815806209385,1.285957988079348],[103.785818280864305,1.285953855179522],[103.785820790562312,1.285949721375987],[103.785823300260276,1.285945588476811],[103.785858962971218,1.285866298074605],[103.785859875917623,1.285864672948517],[103.785860787965461,1.285863047822428],[103.785861717983778,1.285861440783937],[103.785862648900647,1.285859832841116],[103.785863578020411,1.285858225802624],[103.785864526907716,1.285856636851797],[103.785865456027494,1.285855028908941],[103.78586642198708,1.285853439054068],[103.785867369077309,1.285851850103189],[103.785868335036881,1.285850259343953],[103.7858693000979,1.285848671297789],[103.785870281332663,1.28584708053882],[103.785871248190432,1.285845508771258],[103.785872231221916,1.285843937003981],[103.785873231325681,1.285842364332676],[103.785874213458641,1.285840791661018],[103.785875214460589,1.28583923798137],[103.785876232535131,1.285837666214763],[103.785877232638541,1.285836111630734],[103.785878250712756,1.285834557047042],[103.78587926698988,1.285833003367695],[103.785880303933112,1.285831465967286],[103.785881339079566,1.285829912288274],[103.785882374225693,1.285828375792193],[103.785883410270372,1.285826838391766],[103.785884463387291,1.285825301896021],[103.78588551650391,1.285823782583206],[103.78588656872229,1.285822246087443],[103.785887638911134,1.285820726774947],[103.785888709998517,1.285819208366831],[103.785889781085586,1.285817706237265],[103.785890869245222,1.285816187829467],[103.785891938535187,1.28581468750861],[103.785893044665301,1.285813185379699],[103.785894132824623,1.285811683250467],[103.785895238954723,1.285810182025918],[103.78589634418563,1.285808716071577],[103.785897450315403,1.285807232934338],[103.785898573517443,1.285805748893038],[103.785899677850125,1.285804264851401],[103.785900819921167,1.285802798897748],[103.785901943123179,1.285801315760809],[103.785903083397145,1.285799848902758],[103.785904224569634,1.285798382949085],[103.785905364843259,1.285796935082691],[103.785906523087988,1.285795469129353],[103.785907682230956,1.28579402035893],[103.785908840475358,1.28579257249287],[103.785909998719788,1.285791123722445],[103.785911173137592,1.285789693039618],[103.785912349352458,1.285788262356823],[103.785913527364414,1.285786831674044],[103.785914719753009,1.285785400991551],[103.785915913040128,1.285783970309073],[103.785917106326949,1.28578255680951],[103.785918299613726,1.285781144214326],[103.785919510871338,1.285779730715098],[103.785920721230369,1.285778318120232],[103.785921932487625,1.28577692361266],[103.785923160817163,1.28577552729668],[103.785924372972957,1.285774131884777],[103.785925617476195,1.285772736473462],[103.785926846703902,1.285771359149155],[103.785928076830174,1.285769980920501],[103.785929320434533,1.285768603596461],[103.785930583806774,1.285767225368427],[103.785931831004973,1.285765865227385],[103.78593309437683,1.28576450689537],[103.785934357748758,1.285763145850266],[103.785935621120657,1.285761785709524],[103.785936884492244,1.285760442751696],[103.785938165834935,1.285759082611289],[103.785939447177284,1.285757740558175],[103.785940728519321,1.285756415687976],[103.785942026933952,1.285755072730817],[103.785943325348228,1.285753748765298],[103.78594462466107,1.285752423895449],[103.785945923075019,1.285751117112861],[103.7859472394601,1.285749792243313],[103.785948556743392,1.285748485461075],[103.785949873128146,1.285747177774474],[103.785951187715469,1.285745889079479],[103.785952522071028,1.285744581393195],[103.785953838455455,1.28574329179387],[103.7859551898826,1.285742020282476],[103.785956523339252,1.285740731587831],[103.78595787476641,1.285739459172089],[103.785959208222749,1.285738187660374],[103.78596055964988,1.285736916148994],[103.785961929946367,1.285735643733586],[103.785963280474618,1.285734390309482],[103.785964648973689,1.285733135981334],[103.785966018370956,1.285731899740512],[103.78596740394228,1.285730645412681],[103.785968773339533,1.285729409171858],[103.785970159809054,1.285728172931337],[103.785971545379709,1.285726954778092],[103.785972948921497,1.285725717633525],[103.785974336289229,1.285724498575949],[103.78597574072856,1.285723315693281],[103.785977144270021,1.285722096636006],[103.785978565781932,1.28572089566636],[103.78597998639529,1.285719694696696],[103.785981391733486,1.285718493726747],[103.785982813245084,1.285717309940013],[103.785984251828921,1.285716126153615],[103.785985673340491,1.285714943271259],[103.785987112822554,1.285713777572153],[103.7859885523049,1.285712594690132],[103.785989990888424,1.285711428086644],[103.785991430370146,1.285710279570468],[103.78605231068542,1.285674530268951],[103.786055065626869,1.285673506579572],[103.786057820568004,1.285672500073104],[103.786060593479959,1.285671492662622],[103.786063350217844,1.285670504243476],[103.786066104260456,1.285669496832636],[103.786068877172056,1.285668507509422],[103.786071650083329,1.2856675362735],[103.786074422994929,1.28566654695028],[103.78607719590623,1.285665574809989],[103.786079968817504,1.285664603574058],[103.786082740829897,1.285663650425402],[103.786085514639367,1.285662697276776],[103.786088287550314,1.285661743223767],[103.786091077533513,1.285660789171056],[103.786093868414909,1.28565985320567],[103.786096640426976,1.285658917239931],[103.786099432206612,1.285657998457471],[103.786102221290918,1.285657062492042],[103.786105012172001,1.285656143709559],[103.786107802153879,1.285655261101646],[103.78611059303465,1.285654359502088],[103.786113400987958,1.285653441624276],[103.786116190969835,1.285652558111991],[103.786118981850564,1.285651657416803],[103.786121789803232,1.285650774809209],[103.786124597755546,1.285649910288889],[103.786127405708228,1.285649025872562],[103.786130195689779,1.285648160447555],[103.786133004540659,1.285647295022897],[103.786135830463451,1.28564644768583],[103.78613863751724,1.285645582261132],[103.786141445468928,1.285644752106657],[103.786144253420943,1.2856439038649],[103.78614707844487,1.285643073710736],[103.786149886396558,1.285642243556251],[103.786152712319009,1.285641414306461],[103.786155538241147,1.285640601335253],[103.786158363264775,1.285639788364008],[103.786161187389837,1.285638975392743],[103.786164014210172,1.285638181413166],[103.786166839233445,1.285637386529206],[103.786169665155256,1.28563659164526],[103.786172491076414,1.285635832031537],[103.786175334070151,1.28563505523518],[103.786178159093083,1.285634278438502],[103.786180985014568,1.285633500737458],[103.786183810037187,1.285632741123705],[103.786186653928809,1.285631999597578],[103.786189496023667,1.28563123998412],[103.786192321944483,1.28563049845767],[103.786195164937567,1.285629756931516],[103.78640276081363,1.285582228280814],[103.786407078293692,1.285582388433216],[103.78641518495543,1.285580356475871],[103.786423258373759,1.285578183437012],[103.786431312924378,1.285575921770028],[103.786439333332666,1.285573539821915],[103.786447318699871,1.285571048445012],[103.786455268127412,1.285568452161118],[103.78646318341238,1.285565749161558],[103.786471064555059,1.285562923167746],[103.786478907960984,1.285559991362549],[103.786486701050293,1.285556970024302],[103.786494457301671,1.28555382840486],[103.786502161439714,1.285550577356316],[103.786509830536616,1.285547221400817],[103.786517447520112,1.285543759633668],[103.786525028563943,1.285540192055169],[103.786532540422144,1.285536517760359],[103.786540016340325,1.285532755741479],[103.786547440145455,1.285528869823671],[103.78655481003976,1.285524896181495],[103.786562111647029,1.285520814918631],[103.786569377314549,1.285516629653161],[103.786576572897602,1.285512354854283],[103.78658371546868,1.285507975148106],[103.786590787955291,1.285503505908521],[103.786597807429942,1.285498931761655],[103.78660475682041,1.285494251802813],[103.786611654995738,1.28548948140655],[103.786618481289423,1.285484624189937],[103.786625238397178,1.285479678344299],[103.786631924522169,1.285474627591052],[103.786633302901407,1.285473555040001],[103.78666704613083,1.285453088081036],[103.786690056173398,1.285439835040788],[103.786709702130636,1.285423982794657],[103.786736030682249,1.285399540111672],[103.786767238524035,1.285362908491758],[103.786820275150646,1.285295090258061],[103.786882841100294,1.285209879457383],[103.786919297584092,1.285157893629086],[103.786919498854246,1.285158041948563],[103.786919802556582,1.285158265332166],[103.786930677857001,1.285142925698485],[103.787092999316116,1.284926420154888],[103.78718329305164,1.284803565673607],[103.787230709958465,1.284748686072663],[103.787252586463396,1.284711532458207],[103.787289185138931,1.284646293162949],[103.787344970063586,1.284545266697861],[103.787373554306654,1.284499949504218],[103.787411416733818,1.284411648027509],[103.787422554639633,1.284382965400529],[103.787433363688635,1.284353788080074],[103.787480864216505,1.284244520891157],[103.787536795212148,1.284114034745903],[103.78757983888049,1.284010192757659],[103.787597668425875,1.283968980278275],[103.787619021899872,1.283935709992307],[103.787640060664557,1.283914835826433],[103.787652598173693,1.283903938458115],[103.787665174135384,1.283903440379294],[103.787684934587929,1.283915771746122],[103.787698427195878,1.283958258134432],[103.787718539012872,1.284019304012434],[103.787739389433057,1.284080174456795],[103.787760957790113,1.284140866754057],[103.787783156929208,1.28420118917731],[103.787806061425698,1.284261334357552],[103.78782961377496,1.284321198291811],[103.78783994922091,1.284346687089649],[103.787870913355249,1.284421644097557],[103.787872919806375,1.284420910693778],[103.788201713602874,1.284300702080584],[103.78818322513365,1.284256695368955],[103.788160060896459,1.284199624122567],[103.788137528339504,1.284142200185004],[103.788115609488827,1.284084599907067],[103.788099612663231,1.284041064413194],[103.788539594033367,1.284556873867029],[103.789385420640087,1.284288030080679],[103.789358293984264,1.283747951181992],[103.789306610111026,1.282691472402393],[103.789587744216234,1.282201935618291],[103.789460155334311,1.281991324978178],[103.791296465910278,1.281224762206288],[103.791171353226005,1.280908887255392],[103.79117151586172,1.280908868266425],[103.791181029601006,1.280907753342261],[103.79121650127054,1.280902721139634],[103.791224390110244,1.280922602823512],[103.791235370270883,1.280921048402158],[103.791928189632571,1.280822845754548],[103.792672269348841,1.280230081944192],[103.792982955178275,1.280849803709416],[103.793065577238835,1.280812228663259],[103.793923517712685,1.280331200538008],[103.793819522366931,1.280179058553503],[103.79377164395278,1.280109019284239],[103.793707863576486,1.280015710462444],[103.793688301949757,1.27998709605822],[103.794040122081398,1.27907761806783],[103.794220279810574,1.278420075320387],[103.794193370578412,1.278290758888505],[103.794143630146877,1.278120078271052],[103.793980604493498,1.277560356281757],[103.793897857166982,1.277276256958643],[103.793811979438217,1.276986759431165],[103.793749848826465,1.276777325680216],[103.793725787033438,1.276710755017965],[103.793626971062793,1.276437590111047],[103.793528189256747,1.276164416157265],[103.793514079237568,1.276125583419359],[103.79350360364468,1.276096757534003],[103.793475273991234,1.276018798137588],[103.793409570668956,1.275995800021002]]]}},
{"type":"Feature","properties":{"OBJECTID":17,"CLASSIFCTN":"NATURE AREA OTHERS","INC_CRC":"8DD3C085164EEDB8","FMEL_UPD_D":"20251230175800","SHAPE.AREA":2172113.50602561,"SHAPE.LEN":24793.170570624399},"geometry":{"type":"Polygon","coordinates":[[[103.662796771359325,1.404495458502728],[103.662808895375093,1.40447779091168],[103.662842199040711,1.404421088176065],[103.662866264345865,1.404377671618876],[103.662884673099043,1.404346573838136],[103.66288959538781,1.404286332971065],[103.662868345998547,1.404233744686657],[103.662865293173482,1.404226186726136],[103.662847748220159,1.40416682053527],[103.662843819734348,1.404115788116645],[103.662875309653742,1.40394063126928],[103.662923500585777,1.403740283793118],[103.662945945550689,1.403649864812352],[103.662984809488705,1.403545118354581],[103.66301935995611,1.403481607683033],[103.663056909341847,1.403437939793459],[103.663076375859234,1.403417223235852],[103.66307408500434,1.403385157175003],[103.663055523982365,1.403347517255967],[103.663030338071579,1.403317688713323],[103.663020301946688,1.403278982273828],[103.663028041288996,1.403255772441089],[103.663080500451656,1.403216800175624],[103.663191147776018,1.403131058667647],[103.663205828598862,1.403120832334469],[103.663227584252013,1.403043994976885],[103.663254587398626,1.402957560029734],[103.663290444254841,1.402920708172363],[103.663376706988998,1.402857583818248],[103.663389907893048,1.402809397767339],[103.663407887904555,1.402779663723309],[103.663436579348073,1.402744755713497],[103.663442518252694,1.402692182985323],[103.663431755647224,1.402547212380657],[103.66343140064393,1.402435966121999],[103.663441537639642,1.40233447234385],[103.663455337817879,1.402237431901803],[103.663476251221581,1.4021642272921],[103.663576308671097,1.402091798972678],[103.663666001707043,1.40204715183324],[103.663751242081943,1.402005303359765],[103.663813606765004,1.401996445175673],[103.663875022775159,1.401984439747746],[103.663882725424557,1.401958967198785],[103.663866944212714,1.401926703004223],[103.66383109337427,1.401905214606594],[103.663799061357793,1.401898127516336],[103.663758639485621,1.401901147846625],[103.663664617536085,1.401927333068808],[103.663622916659023,1.401934898617027],[103.663570857052548,1.401941302210439],[103.66352137692364,1.401939969190701],[103.663481681918157,1.401931669694414],[103.663435617240182,1.401918514223351],[103.663393474551654,1.401897142926886],[103.663361136658068,1.401870162600635],[103.66332877819579,1.401841825732437],[103.663302146936957,1.401805693698843],[103.663268246528631,1.401764722807613],[103.663216066821178,1.401704647782896],[103.663159968721644,1.401652787677345],[103.663090231803977,1.401591232737969],[103.6630529213096,1.401562536473593],[103.662994298617107,1.401492633293266],[103.662970364004408,1.401456449001345],[103.66293645587939,1.401385630607693],[103.662910272451555,1.401320093337467],[103.662896994716164,1.401275117637097],[103.662876757926213,1.401186856043404],[103.662861874170687,1.40109578228194],[103.662856591555183,1.40104432380987],[103.662851602024858,1.400953514845915],[103.662854548843413,1.400910947739727],[103.662831387604214,1.400866611602543],[103.662787168162524,1.40079779289732],[103.662757838489199,1.400761711306193],[103.662727112653641,1.400722489674509],[103.662726669950302,1.400693552834544],[103.662752167153627,1.400655539024383],[103.662790485070815,1.400632660617607],[103.662821964358912,1.400603577799703],[103.662861422653478,1.400567109656934],[103.662903621417087,1.400533305054151],[103.662946372315901,1.400506272338732],[103.663000153353664,1.400465463408287],[103.663050475429927,1.400404372140945],[103.663075461303109,1.400391692126485],[103.663100765569212,1.400399810607169],[103.663141664106647,1.400427987123997],[103.663166462734381,1.400432496266184],[103.663224040538935,1.400375336777585],[103.663245644369084,1.400347344794225],[103.663253366688352,1.400323230597395],[103.6632193223126,1.40027276482103],[103.663183963153969,1.40022458607486],[103.663109087314723,1.400150464682332],[103.663095242807202,1.400127207147966],[103.663082592654078,1.400064581099504],[103.663069811928665,1.399993366334191],[103.663012988974444,1.400099806262194],[103.6629944278978,1.400150355013885],[103.66297855752353,1.400171003106202],[103.662923912795122,1.400214088248067],[103.662875823182461,1.400244838397232],[103.66283482830768,1.400269123794639],[103.662784083195689,1.400302636567129],[103.662762105520258,1.400306215319374],[103.662737825946849,1.400306218967675],[103.662724180877348,1.400296073762037],[103.662694429646066,1.400261808094875],[103.662684310358244,1.400217678202077],[103.662679181582277,1.400176167701436],[103.662637886849481,1.400122219601142],[103.662581103395965,1.400054995264588],[103.662536908105068,1.39998798708744],[103.66249421934377,1.399901503627266],[103.662447995612311,1.399789761132257],[103.662398064639277,1.399636842853518],[103.662349367606225,1.399394473511765],[103.662269968971316,1.399225370452211],[103.662169155715162,1.398953436469084],[103.662089418779658,1.398865052033473],[103.662053555368232,1.398732793984218],[103.662391372659627,1.398088526463927],[103.662780302898625,1.397415119600871],[103.662850255878212,1.397307401863172],[103.662847260800874,1.39723429860405],[103.662838669217123,1.397113708798614],[103.662838321367644,1.397002912910074],[103.662825339742341,1.396889190494252],[103.662806721005424,1.396730347334999],[103.662781062095164,1.396581588180632],[103.66275753304835,1.396454494031147],[103.662708520336764,1.396278132102334],[103.662651637168878,1.396086992354994],[103.662603841440159,1.395931410899482],[103.662542034307933,1.395712325161419],[103.662515736442245,1.395602151385428],[103.662509363870015,1.39557545421107],[103.66247556021618,1.395452623367514],[103.662424471333082,1.395258211162506],[103.662392007821865,1.395105506691029],[103.66237362968856,1.394962488945314],[103.66237112573836,1.394857613745023],[103.662372381224699,1.394792918632055],[103.662371627281686,1.394743638189183],[103.662379084164201,1.394686880193194],[103.662380084828726,1.394679261032922],[103.662395262354622,1.394584003184987],[103.66241881449919,1.394477734460598],[103.662452774529768,1.394375793858704],[103.662489344447707,1.394267924461922],[103.662522680453804,1.394184086387849],[103.662554945590955,1.394059563788665],[103.662580897422217,1.393933804467651],[103.662591373017477,1.393883859234276],[103.662593985890638,1.393848987300776],[103.662632530075541,1.393664650782209],[103.662669186186747,1.393445074829757],[103.662696713085865,1.393246020853366],[103.662717124957268,1.393110867536084],[103.662726155824359,1.392995827261603],[103.662748143935019,1.39284617173986],[103.662751418146954,1.39264892923576],[103.662739064998362,1.39251755737309],[103.662710157026268,1.392391469385106],[103.66266329447943,1.392267527944423],[103.662618916291962,1.392158915587638],[103.662579911371964,1.39207824292224],[103.662488749637788,1.391909454652553],[103.662467166515711,1.391850615412602],[103.66243426856731,1.391816408307282],[103.66235866586571,1.39169481519932],[103.662306535888575,1.39160850921924],[103.662261536406348,1.391517999388805],[103.662218444082029,1.391434688403196],[103.662137620184637,1.391295103570434],[103.662068575875182,1.391190571687915],[103.662044002457392,1.391142190247165],[103.661959481681478,1.391054682714332],[103.661856605676405,1.390943097963802],[103.661813597124151,1.390894609363341],[103.661777802239058,1.390847343080353],[103.661703928784078,1.390721195727603],[103.661666016147166,1.39067139888908],[103.661661925569916,1.390662668802193],[103.661634437036625,1.390603983771318],[103.661612879720209,1.390536626361593],[103.661585720407658,1.390435933830465],[103.661559329705852,1.39030583608867],[103.661541338642905,1.390191385294864],[103.661518341847,1.390073874684516],[103.661489622044058,1.38989409575297],[103.661473744924336,1.389772816291138],[103.661466584522756,1.389706056812769],[103.661471959407635,1.389636768757111],[103.661485083946559,1.389550134738607],[103.661519135054746,1.3894305003445],[103.661545345341722,1.389346300915586],[103.661552508419135,1.389276521922453],[103.661563156725961,1.389223849154548],[103.661603071990669,1.389128053213441],[103.661631955761251,1.389065497122947],[103.661638196394264,1.38904004526975],[103.661641339310691,1.388994314724472],[103.661634696387637,1.388953767255629],[103.661625499192994,1.388920506933392],[103.661604543376455,1.388860823968006],[103.661525023939802,1.388726437483476],[103.66145141777065,1.388595539546605],[103.661395355610438,1.388510836699297],[103.661331895505299,1.388438497720073],[103.661301842186361,1.388396188652408],[103.661253699189018,1.388348389698593],[103.661232296187791,1.388334378689569],[103.66116192786464,1.388299261755801],[103.661086902981907,1.38827871100596],[103.660971393885575,1.388256763665826],[103.660873595008667,1.388243933569212],[103.660796897425087,1.388229749382437],[103.66072860380396,1.388208600429714],[103.660653957491633,1.388184425924072],[103.660597765973421,1.388161665383224],[103.660523714738233,1.388122104136306],[103.660470269845646,1.388078938719802],[103.660421884400961,1.388041542587052],[103.660396511986946,1.388008628346449],[103.660350190951135,1.387916481505401],[103.660306696494885,1.387853664171145],[103.660258534450435,1.387759296989669],[103.660210903170977,1.387668988614374],[103.660148793529231,1.38757401357876],[103.660088114126083,1.38748308113663],[103.660049678229186,1.387426031275678],[103.659990135268927,1.387301615891258],[103.65991339454358,1.38710296936984],[103.659891256683153,1.387074507528411],[103.659860860654547,1.387037630912388],[103.659832506045788,1.386990312706266],[103.659808604785013,1.38691803268415],[103.65980528850551,1.386863850423996],[103.659815327293501,1.386803052851336],[103.65983054011221,1.386753900199392],[103.659850401440863,1.386689728279362],[103.659872041111925,1.386624613242632],[103.659892041071473,1.386544614127884],[103.659917345487628,1.386437374271926],[103.659935984289433,1.38637955810231],[103.659952264881298,1.386338973434048],[103.659980686070313,1.386298579575629],[103.660039647895928,1.386234025275447],[103.660116115797976,1.386168190783845],[103.660144103059935,1.386151317485931],[103.660199741987981,1.386123453726126],[103.660310996855998,1.386112035319421],[103.660367512731028,1.386060190705113],[103.660404120453805,1.386024597784788],[103.660443495520383,1.385992560106272],[103.660443022292952,1.385975754349181],[103.660724619201972,1.386278777230105],[103.66105714244523,1.3867728833368],[103.661120464534449,1.387075712031582],[103.661120440335267,1.387410412970019],[103.661183767947321,1.387649489707898],[103.661342121692144,1.387761067676795],[103.661643007968379,1.387761089672854],[103.661959729553445,1.387777051227025],[103.662102233387927,1.388063947241123],[103.662244708358571,1.388765235511101],[103.662387208591042,1.389115884381655],[103.66268806646616,1.38951435918634],[103.66311567825899,1.38902030844873],[103.663258213963971,1.388876875501206],[103.663606621399623,1.388701581444788],[103.663780830210271,1.388542213208043],[103.663970889064458,1.388191587486541],[103.664018421338568,1.387856890827448],[103.664034366766742,1.386310893664632],[103.663765176432221,1.385976174196307],[103.663511813529183,1.385768959779266],[103.663226788027131,1.385418300678893],[103.663131803045744,1.384972026442659],[103.663115980018205,1.384796706038706],[103.663416882971291,1.384557655628339],[103.663543580796343,1.384430159924461],[103.663733627957839,1.384238915900313],[103.663907838660634,1.384047671622761],[103.664002874648517,1.383776730325218],[103.663781191803437,1.383457951838468],[103.663306130523551,1.383155093528266],[103.662435155819637,1.382995648858233],[103.66161168504479,1.38289996020491],[103.661152435347319,1.38294774114967],[103.660835708664919,1.383011470871752],[103.660645676386935,1.382995518524891],[103.660555370950902,1.382907576461968],[103.660585265954495,1.382889061879363],[103.660634439486316,1.382874906818893],[103.660645293850266,1.382855235069192],[103.660656641366771,1.382837816116432],[103.660624953027764,1.382803676917575],[103.660597423756869,1.382775325927295],[103.660575903086411,1.382724123102556],[103.660550724695796,1.382655487565412],[103.660535473278259,1.382543237278504],[103.660525141037397,1.382475189758221],[103.660529546608913,1.382402304990934],[103.66053630634039,1.382380458860055],[103.66055876961974,1.382356921821295],[103.660592148429359,1.382362528584186],[103.66059936117081,1.382363740050277],[103.660630738843324,1.382382058351177],[103.660661097225386,1.382417127134192],[103.660692396118634,1.382431378521447],[103.660729496927914,1.382398033862516],[103.660771907091018,1.382319069147519],[103.660806355946576,1.382264537849711],[103.660887901138622,1.382178992251084],[103.660914849423122,1.38215208498589],[103.660899126135106,1.381991435122074],[103.660709107491769,1.381800164452926],[103.66075662962713,1.381608910241979],[103.660915002766117,1.381433602567254],[103.661089206550955,1.381337986435806],[103.661263395418601,1.381449566422069],[103.661279214628934,1.381688638784008],[103.661184186490345,1.381848013566395],[103.661120718401605,1.382025974341364],[103.661194659772988,1.382029118768841],[103.661231742241654,1.382063138977771],[103.66129798534098,1.382094276403211],[103.661346615852338,1.382121268765667],[103.661397519655267,1.382149568093224],[103.661473017977798,1.382194070822113],[103.661527805099809,1.382214149796659],[103.661578127119597,1.382235679943059],[103.661616484931216,1.382266056572923],[103.661684882418641,1.382315232512314],[103.661722097401039,1.382356030903585],[103.661805665880451,1.382399458021691],[103.661835998320583,1.382433170249737],[103.661950046817552,1.382494932766798],[103.662000855567769,1.382495656327317],[103.662052998585935,1.382472840393822],[103.662123972969496,1.382424757099065],[103.662173916838199,1.382381643544153],[103.662184094473361,1.382350682608775],[103.66224661551017,1.382284241994312],[103.662292905825154,1.382215437108438],[103.66231492695762,1.382192361242176],[103.662340736657782,1.38217915041057],[103.662424844023576,1.382113153586078],[103.662543184152739,1.382073552081987],[103.662598272672057,1.382063332275965],[103.662688760801529,1.382047385002167],[103.662775609873862,1.382029252527641],[103.662888896098366,1.382006939293134],[103.662974369550966,1.381987480919563],[103.663060958967819,1.381956244236242],[103.663119638022735,1.381922890238605],[103.663161125111401,1.381884026542143],[103.663198387045583,1.381858816570347],[103.663211799203395,1.381832307122416],[103.66329128957031,1.381805742747038],[103.663357593226451,1.381794379714245],[103.663393312466368,1.381804919890759],[103.663418239886255,1.381815237721822],[103.663441530428173,1.38183372813794],[103.663470096007046,1.38184622935586],[103.663559676952829,1.381875511748474],[103.663611354004388,1.381897465191018],[103.663660621856636,1.381933937962491],[103.663712359982412,1.38198166115164],[103.663818746651003,1.382065289557012],[103.66388553417039,1.382123993661281],[103.664186633250608,1.38237074281699],[103.664247132015362,1.382361313771122],[103.664323770168025,1.382349729884786],[103.664376061087367,1.382357203644824],[103.664471252685587,1.38237460763641],[103.664581578924427,1.382430123351845],[103.664669095622756,1.382514154624206],[103.664739286045148,1.382585897113237],[103.664783439165205,1.382636495606643],[103.664832895457607,1.382728120781249],[103.664869547889651,1.382808718176274],[103.664875697707515,1.382847015559268],[103.664889336248663,1.382923132014268],[103.66493652058692,1.38317304720151],[103.664943912671959,1.383319824494761],[103.664956323147749,1.383379238232405],[103.664930233757715,1.383446707974956],[103.664909277040593,1.383500957241088],[103.664894461116461,1.383543093040002],[103.665096089584438,1.383839506085089],[103.665096938722641,1.383814170492997],[103.665076242748398,1.383598375092379],[103.665101491274953,1.383540804415432],[103.665144880124856,1.383509298694891],[103.665205890426819,1.383547782671094],[103.665333142316271,1.383282743641136],[103.665317320464553,1.383075546339927],[103.665222315837553,1.382916158733267],[103.665222332656882,1.382677086574211],[103.665349032525796,1.382517714760322],[103.665491557603659,1.38251772490292],[103.665649896955202,1.382820560301225],[103.665792408642332,1.383011828160527],[103.66647335913261,1.383043752419575],[103.666964269507673,1.383171291959269],[103.667347528368509,1.383454039198227],[103.667409773834294,1.383446734538628],[103.667506637552407,1.38341526961166],[103.667535093734941,1.383399226450872],[103.667787750963186,1.383107597924655],[103.667961944736064,1.38315542458352],[103.668278658150115,1.383282951639905],[103.668627051252429,1.383298913542316],[103.668864594264164,1.383282992577297],[103.669054640948886,1.383091748059073],[103.669213002710393,1.383075820635339],[103.669593066473368,1.383123661493709],[103.669814752316526,1.383410563532031],[103.670115618568445,1.383697471038384],[103.670210631001865,1.383761229603223],[103.670289822243575,1.383601854204549],[103.670337339338303,1.383474351702735],[103.670540042950236,1.383458428161096],[103.670840927741239,1.383474386460743],[103.671078463202662,1.383570031710127],[103.671268495880298,1.383570044780117],[103.671537720613813,1.383410682383333],[103.671791115172098,1.383171627517895],[103.67191780713722,1.383123821744304],[103.672218685466504,1.383235409665747],[103.672535405622767,1.383267307280304],[103.673057999173196,1.383235466856434],[103.67339055898583,1.383219550982426],[103.673533089493901,1.383139870192919],[103.673564774245108,1.382948614531589],[103.673311458671535,1.38202418613623],[103.673327302727913,1.38189668230681],[103.673754229161545,1.381292117158378],[103.673753423996232,1.381279330348426],[103.673749571767218,1.381105030846806],[103.673749236308993,1.381001621702828],[103.673754887806609,1.380766800313323],[103.673765001594461,1.380559068444319],[103.673779583455257,1.380372555891029],[103.673776136430661,1.380239346947389],[103.673781973250314,1.380068503660488],[103.673787882573464,1.379996241118917],[103.673785310784965,1.379862571914345],[103.673802911203026,1.379779907300494],[103.673865008032067,1.379682284848991],[103.673977829364475,1.379635629252506],[103.674083397479976,1.379655818982782],[103.674135059208851,1.379666141217363],[103.674221738022794,1.379706677785714],[103.674150895007926,1.380175419446801],[103.674071706269274,1.38030291902218],[103.674071650053762,1.381147639835068],[103.674356710922609,1.380972339674047],[103.675196076575986,1.380175489607894],[103.675845383085758,1.379777079743789],[103.676478833154093,1.379681492934855],[103.677254793775703,1.379793110759943],[103.67780904805366,1.379936590674764],[103.678038194996589,1.380052004899294],[103.67805894969635,1.38008727362361],[103.678026438156778,1.380161877641831],[103.6780568232018,1.380205448127413],[103.678159290572793,1.380140234159636],[103.678252082301796,1.380432972821875],[103.67832633078838,1.380536844444577],[103.678345776462407,1.380486005264603],[103.678382398429932,1.38048900019648],[103.678716823287616,1.38098851961512],[103.678769525512948,1.381264788133935],[103.678809678471353,1.381288003896873],[103.678863274511897,1.381652036176206],[103.678876022375235,1.382252805758526],[103.678823243689891,1.38229724078886],[103.678942335142054,1.382559315186106],[103.679006054137545,1.382609289815742],[103.679225769452671,1.383095139512916],[103.679303423567418,1.383144437680762],[103.679345950475906,1.383336680454459],[103.679574537438256,1.383586539541025],[103.67976457416853,1.38353873746066],[103.679827937456707,1.383251854789552],[103.679891294709392,1.383044663494359],[103.680033828101855,1.382917167819165],[103.680350553542226,1.382869373913964],[103.680778131311271,1.382821587136106],[103.680984009479275,1.382694095491684],[103.681126554977368,1.38237534186404],[103.681142421962278,1.381881260637139],[103.681094940972855,1.381450928252181],[103.680952432093989,1.381195908254439],[103.680762412729251,1.380988700556457],[103.680588218744489,1.380940874829973],[103.680461522048603,1.381052433124661],[103.680303150216247,1.381227742284709],[103.680097273051928,1.38135523478583],[103.679843891709623,1.381403032797706],[103.679669697721479,1.381355207002302],[103.679527178761873,1.381259568791567],[103.679416345985857,1.380956737221183],[103.67921051397181,1.380382950209529],[103.679147180498774,1.380207626671233],[103.679131352296352,1.380080120697515],[103.679036339718891,1.380016361574717],[103.678909651107958,1.38001635330176],[103.678719641281432,1.379665702072961],[103.678577129667516,1.379458497337743],[103.678561307674542,1.379235362433787],[103.678466302357194,1.379060036811869],[103.678137574554398,1.378840536829015],[103.678121220363977,1.3788437616114],[103.678068816252576,1.378849679023468],[103.677991804610102,1.378858374824037],[103.677830499409268,1.378860384569183],[103.67772086560629,1.378862327162468],[103.677628774088973,1.378844378583759],[103.677518284190427,1.378801163660749],[103.677406450387608,1.378752531522953],[103.677266308867701,1.378704837144247],[103.677147725958633,1.378669309643053],[103.67701564636512,1.378650056122307],[103.676875901909298,1.378659263227307],[103.676672351562459,1.37867171004244],[103.676560909980111,1.378685398301431],[103.676392851009609,1.378703221155356],[103.676276045146409,1.37868665727152],[103.676190228172516,1.378685410790548],[103.676038805235336,1.378691019522609],[103.676034071556373,1.378691183801569],[103.675885054908008,1.378533907358006],[103.675758378966876,1.378342641994654],[103.67567921238998,1.378135440432636],[103.675615891805379,1.377768858998315],[103.675552559702055,1.377577597847998],[103.675473392112607,1.377386334737031],[103.675315101457286,1.376328032158055],[103.675315136068861,1.375802074017166],[103.675552721432055,1.375116749853551],[103.67591696034637,1.374973330669703],[103.676835437771402,1.375196525292099],[103.677025473985367,1.375132785807429],[103.678118216161764,1.37430407408661],[103.678403265522093,1.374304092709308],[103.678593230832831,1.375340084010863],[103.678814887500366,1.376089190572334],[103.678989054452273,1.376551408133103],[103.679226585584715,1.376710804547502],[103.679479956331548,1.376806449948939],[103.679796687070365,1.376663027088439],[103.679955065605697,1.37639208898764],[103.679955092076952,1.37597769812702],[103.679844268700251,1.375515484719176],[103.679448428422759,1.374559170596734],[103.679084253114425,1.373714425887684],[103.679115940162973,1.373491294060648],[103.67965440058957,1.372949432240546],[103.680588773924569,1.372216337854068],[103.680905510030982,1.371977286722719],[103.68136478782391,1.371451356904188],[103.681713217631,1.370861668784841],[103.68177657217349,1.370702290933848],[103.682045785802387,1.370686369602765],[103.682315974484709,1.370955575276874],[103.682286649658181,1.371472792007858],[103.682268444740743,1.371915915135599],[103.682267331317021,1.373220548204403],[103.682124777624537,1.373682745428148],[103.681950537964781,1.374368074528538],[103.681760462808271,1.375037464129983],[103.681570403530088,1.375467781335396],[103.681570362238176,1.376121245497927],[103.6814594760354,1.376647196691387],[103.681221897255526,1.377236892669947],[103.680841803457596,1.377683136021525],[103.680129141182292,1.378288738753175],[103.67973319936948,1.378910300268949],[103.679733172803353,1.379324692019379],[103.679733151340244,1.379659393290971],[103.680097367342583,1.379882550807374],[103.680461598799155,1.379850698377399],[103.680810004771658,1.379675400555264],[103.68111091969287,1.379213214603608],[103.681522690571811,1.378703220338214],[103.682013642497722,1.378177293488038],[103.682457076880738,1.377794806001208],[103.682552112528214,1.377491987652552],[103.6825838014543,1.377221041280997],[103.682631378797765,1.37612131318848],[103.682631407802049,1.375659106895471],[103.682710593937927,1.375563482975101],[103.682900633971471,1.375451927625204],[103.683169841167697,1.375547573639283],[103.683312350027208,1.375802593504547],[103.683407345666438,1.37613729994894],[103.683660707628604,1.376376388347888],[103.683914083530723,1.376392341891869],[103.684686903804391,1.376073628495389],[103.685034535264563,1.375898719682221],[103.685034725767238,1.375898623831862],[103.685030644590398,1.375925680254794],[103.685020392205857,1.375993655018235],[103.684950315495769,1.376458276141997],[103.684912417154621,1.376709543289122],[103.68487169313228,1.376766614067715],[103.684850509306955,1.376796300204759],[103.684719683244637,1.376979640378261],[103.684175397123795,1.377265813866516],[103.684109809733656,1.377364714287623],[103.684041846625902,1.377476325352329],[103.684022515880855,1.377487634978419],[103.683465859243782,1.378315514381494],[103.682907847690643,1.379149265535909],[103.682813332658682,1.379302900522285],[103.682785015286115,1.379314221320559],[103.682775572156018,1.379329309079613],[103.682833823302218,1.380223802760443],[103.682849636777831,1.380574442641517],[103.682802112376635,1.380829449539011],[103.68265957122054,1.381084451278904],[103.682279486034673,1.381387251392131],[103.682675360460209,1.381833544495813],[103.682960386718563,1.382216077554237],[103.683102882849525,1.382678292908569],[103.683102861806233,1.383012994223224],[103.682991999523267,1.383156430579681],[103.682627755589749,1.383363602777109],[103.682406043906127,1.383459217541007],[103.682231846675663,1.383459206384499],[103.68156675303571,1.383092586367049],[103.681376723458214,1.383028821203653],[103.680949140568458,1.383156299471091],[103.680474042212865,1.383379402607348],[103.679967266556815,1.383698132509987],[103.680299818450024,1.383793782150211],[103.680679872562067,1.384001003120745],[103.68102824368998,1.384367602948486],[103.681075735853852,1.384622615913729],[103.681044044534644,1.384925438228888],[103.680853986311362,1.385307941675614],[103.680616403230772,1.385945450999827],[103.680568874340523,1.386264210725885],[103.680727217835241,1.386551107802053],[103.681059760989001,1.38679020168712],[103.681487315987894,1.387124929700879],[103.681899049960748,1.387204646730586],[103.6823424709291,1.387077170291119],[103.682659203076241,1.386917809637535],[103.683055107436886,1.386917834966081],[103.683435166421106,1.387045364177474],[103.68356183639095,1.387348196640106],[103.683526980644288,1.38760639221087],[103.683352756998161,1.388020772893748],[103.683131029796172,1.388355460034766],[103.682845973659326,1.388435132278318],[103.682481742892364,1.388435108920696],[103.682307536194287,1.388578541138095],[103.682307527089904,1.38872198454635],[103.682450035585632,1.388977003607333],[103.682845913168492,1.389391420783943],[103.68308343470504,1.389726136388229],[103.683320954294217,1.390092728891829],[103.683320942223148,1.390283986775933],[103.683051709234036,1.390570855466194],[103.682608274360021,1.390921466760912],[103.682180690164628,1.39103300573234],[103.681895634576293,1.391112677819946],[103.68162641761721,1.391144537332821],[103.681388867636016,1.391256088437912],[103.681072130848747,1.391463263306558],[103.680784315695803,1.39171021018315],[103.680751129790494,1.391691863966713],[103.680706754839363,1.391673299974719],[103.680624022936513,1.391646442302772],[103.68057385915462,1.391631150813387],[103.680516915759654,1.39161373001552],[103.680436779328545,1.391580949847198],[103.680312140822821,1.39152238615634],[103.680232337308126,1.391482827818623],[103.680114192721831,1.391383954465297],[103.680046376884164,1.391361776008273],[103.679996606893681,1.391343315652845],[103.679942590990706,1.391313196902778],[103.679876094249678,1.391263449991009],[103.679849732927579,1.391246797173395],[103.679811363464168,1.391237600024618],[103.679702802936077,1.391224782642646],[103.67961397708747,1.391209329433374],[103.679556756307122,1.391201849330295],[103.679493142537567,1.391188621593268],[103.679436797059552,1.391179768725015],[103.67934846358807,1.391192753164995],[103.679186658977301,1.391220240529218],[103.679077045234919,1.391250339492599],[103.679046763308293,1.391318649299589],[103.679023791834354,1.391364734919857],[103.678860006407817,1.391190265697609],[103.678912453348048,1.391151764181427],[103.678912097985346,1.391075380034283],[103.678888610476392,1.3910148016866],[103.678866222930722,1.390966406055845],[103.678837889923386,1.390939366514102],[103.678802419291699,1.390916075981736],[103.678782096516343,1.390883913763183],[103.678789728145304,1.390828173987014],[103.678806954184566,1.390808865209773],[103.678837957838027,1.390779354341134],[103.678878490532242,1.390727515430757],[103.678899209746334,1.390701813051622],[103.678900017015067,1.390668802125948],[103.678910992169236,1.390641760651086],[103.678910815571811,1.390579963855532],[103.678901287000514,1.3905259421387],[103.678827029026209,1.390466801094973],[103.67883930219412,1.390363386434259],[103.6791243617524,1.390235900257385],[103.679425279566118,1.389757775388195],[103.679726198281728,1.389263712913339],[103.679694543730491,1.388992762516823],[103.679520363634765,1.388721803696142],[103.679076963821672,1.388530516770845],[103.678443520727413,1.388482660632673],[103.67807928601033,1.388530451051661],[103.677920910340134,1.388753574424274],[103.677857547649865,1.389024518533715],[103.677778356663111,1.389183894217704],[103.677556650531358,1.389183879520601],[103.677224096118948,1.389104166974165],[103.67681235263332,1.389167892477887],[103.676511451389203,1.389375067776589],[103.67617887472916,1.38964599381876],[103.676052183515694,1.389677861335653],[103.675988844841356,1.389582228181065],[103.676226419053876,1.389104100440723],[103.676590694813456,1.388434723293683],[103.67687576170178,1.388179732457016],[103.677192480550161,1.388243505530938],[103.677461698223297,1.388195708945657],[103.677905147761962,1.387621965702415],[103.677952703040006,1.386904752844394],[103.677050110320636,1.385876683539643],[103.676875924461669,1.385701352588178],[103.676559201765485,1.385701331517127],[103.676210828076378,1.385382545545202],[103.675704089574154,1.385111563393978],[103.675339864715937,1.385031848530709],[103.674769750816878,1.38522306712922],[103.674421353040856,1.385270858098008],[103.674072965897963,1.385159268109657],[103.6738987675473,1.385175193870715],[103.673819564742345,1.38550988966889],[103.673993749273421,1.385701159271252],[103.67435797187305,1.385828688801471],[103.674627185044372,1.38584464542048],[103.675070537362885,1.386737210543142],[103.674943835866216,1.386912521377462],[103.67473797067592,1.386848754599694],[103.674437101320535,1.386593724483725],[103.674199574975958,1.386354636168694],[103.673740331135733,1.386290853066773],[103.673217744397519,1.38621112621323],[103.672916854921809,1.386258920170625],[103.672821822991523,1.386482047483724],[103.672916817371657,1.386816755105513],[103.673122658910771,1.387231160727234],[103.673375994904021,1.387868702462462],[103.673518457601872,1.388789936374109],[103.673597622988339,1.389029014007489],[103.673755965907418,1.38929997302036],[103.673850971179419,1.389475298824067],[103.673819289511314,1.389618740021543],[103.673660927476291,1.38961872925535],[103.673486745938192,1.389379645155396],[103.673201728110243,1.388885543700523],[103.673122569032202,1.388566775612752],[103.672900855485878,1.388678327829462],[103.672742495494873,1.388662378558067],[103.672774179357518,1.38848706138304],[103.672837538290835,1.388279870373234],[103.672520859455034,1.387626384906688],[103.67218833461979,1.387116341669989],[103.671966650331626,1.386797564697461],[103.671887483902623,1.386590363028702],[103.671713329759442,1.385952825723065],[103.671412447886297,1.385889053051879],[103.671107205415268,1.385889032034074],[103.671065634914072,1.385912935938918],[103.670954765303335,1.386152000516058],[103.67089138546099,1.386677954125128],[103.67092302813019,1.387108286307639],[103.671065529634319,1.387458934800278],[103.671049683402572,1.387602377039267],[103.670938825460951,1.387682059822487],[103.670764627119482,1.387682047782121],[103.67065378441005,1.387538596784322],[103.670416269307424,1.387140127250155],[103.670083768838552,1.38629538358456],[103.669988762869238,1.386135995215936],[103.669877916094904,1.386040358635567],[103.669450337749609,1.386088143342092],[103.669276130564015,1.386231574526401],[103.669117750121728,1.386502511671787],[103.668975206990012,1.386773449908199],[103.668880166981239,1.3871081443407],[103.668880128462661,1.387665978255039],[103.668911764151886,1.388191938392134],[103.668895836260106,1.389514802204882],[103.669133369992664,1.389642323699191],[103.669038346364573,1.38973794592763],[103.668895816419962,1.389801688832803],[103.668705784371582,1.389785737064588],[103.668610777285281,1.389642287086554],[103.668594961794213,1.389339461808403],[103.66861083026879,1.388877256991544],[103.668468314727889,1.388733803679687],[103.668389154095962,1.388446912402187],[103.668278342662205,1.387841255381833],[103.668230868446329,1.387347170130231],[103.668199217431479,1.387044343739421],[103.667993371282179,1.386709628216805],[103.667613324752523,1.386406777313568],[103.667280773433902,1.386295187454338],[103.666789857957198,1.386231399879805],[103.666520641337172,1.38627919524508],[103.666061377758993,1.386502296360935],[103.665807984547584,1.386709473600914],[103.665728783926369,1.386996354549288],[103.665728758132929,1.387362931554334],[103.665728727845007,1.38779326053006],[103.665744539615844,1.388143901121337],[103.665681176724433,1.388398906297334],[103.665380268931301,1.388701708927896],[103.664968503112178,1.389068256438323],[103.664667589492581,1.38945074936585],[103.664176582778381,1.390662012242661],[103.663780625590576,1.391411075110536],[103.663701413119995,1.391857336741561],[103.663701376670161,1.392367356965617],[103.663907235082803,1.3925267526749],[103.664160607765041,1.392606461393871],[103.664398143744933,1.392702107388786],[103.664556514981598,1.392574613970093],[103.664809895623108,1.39254275622911],[103.665237460457845,1.392702167773133],[103.665712534823015,1.392861583551031],[103.666060925885233,1.392925360430209],[103.666314306564175,1.392893502528681],[103.66691610048062,1.392622597221145],[103.667327823451259,1.392861698601572],[103.66792958949442,1.392989246035508],[103.668056270952945,1.393100821391323],[103.668056260957002,1.393244264694915],[103.667818705823549,1.393419567204297],[103.667581158239813,1.393499240818702],[103.666377610109549,1.393483217751066],[103.666235080999186,1.393531022011939],[103.665744133687483,1.393897562998124],[103.665490746128015,1.394025050583913],[103.665459059589693,1.394216305118785],[103.665712424397626,1.394423519442301],[103.665918284254758,1.39456697747038],[103.665981616972019,1.394742301274208],[103.6662983173307,1.395061086477164],[103.666440831935944,1.395220477483641],[103.666440821826924,1.395363920772837],[103.66628245474368,1.395443599876432],[103.666139941263893,1.395268270415821],[103.665886576103318,1.395076994568904],[103.665807398994843,1.395013236929227],[103.665649037562076,1.395013225578733],[103.665443169781128,1.394981333919198],[103.665047280035211,1.394774110216622],[103.664873081225622,1.394774097675924],[103.664588031645636,1.394758138683688],[103.663986277978253,1.394455271106617],[103.663764573787745,1.394423379065777],[103.663131131071012,1.394359580201401],[103.662774042978299,1.394378240987722],[103.66270773080528,1.394552815628274],[103.662695006968491,1.394602801394015],[103.66270439222491,1.394657798022934],[103.662691045589057,1.394696490998973],[103.662679990314786,1.394735267343194],[103.662670563670829,1.394768330963615],[103.662661650584965,1.394832264952138],[103.662659134877771,1.394902863636734],[103.662664322377751,1.39497738690177],[103.662679447911785,1.395054890758499],[103.662726503356737,1.395220887672878],[103.662751870433368,1.395291866414532],[103.662785584986523,1.395379423589372],[103.662830814085311,1.395514248886957],[103.662834570866607,1.395553976794233],[103.662889967228836,1.395765493470796],[103.662908370163848,1.395851529298934],[103.662954934887551,1.396044218363097],[103.663091254529064,1.396578027734713],[103.663137722366415,1.396793785207214],[103.663196709204158,1.39703417926428],[103.663228684676568,1.397301763651476],[103.663239313751163,1.397379349476276],[103.663269834126453,1.397463800843236],[103.663292788118952,1.397553367623724],[103.663342956790402,1.397687649757048],[103.663388502867605,1.39781387641806],[103.663431761363853,1.397937434145514],[103.663445178626802,1.397991452549606],[103.663467496997441,1.398098216594328],[103.663488314244702,1.398224455923894],[103.663523355837413,1.398340026648711],[103.663550453317626,1.398465243604023],[103.663618823435982,1.398701844549822],[103.663691655754818,1.398965497038127],[103.663752480975106,1.399208569938598],[103.663821994466602,1.399490373595152],[103.663824683318651,1.399548663415294],[103.663842652808071,1.399665007028946],[103.66393819650834,1.400031797102727],[103.664016637398305,1.400338759799463],[103.664052378173636,1.400441202881087],[103.664083846067896,1.400558197710112],[103.664157019793919,1.400961588320786],[103.664189012698387,1.401112943444554],[103.664234477761894,1.401292538190491],[103.664278115870871,1.4014115659997],[103.664320344404146,1.401526548503478],[103.664380698687751,1.401709481418093],[103.664439041754406,1.401907829908133],[103.664451186307318,1.401966846616041],[103.664527217799986,1.402116472180153],[103.664555103310136,1.402293229574813],[103.664551530432234,1.402382842357146],[103.664553599469443,1.402488630029004],[103.664562708105009,1.402554939276212],[103.664569349069495,1.402636220025658],[103.664578664614297,1.402686697560098],[103.664617537953347,1.402788176817777],[103.664640790168562,1.402867788419263],[103.664686808324888,1.403054156859211],[103.664700654943076,1.403136205933022],[103.664708130984181,1.403213399939745],[103.664720492281987,1.403345225789653],[103.664745596219035,1.403428420599808],[103.664780631664485,1.40354353913704],[103.664850379390856,1.403781921758767],[103.664867822135108,1.403863905074731],[103.664923119558992,1.404156174753032],[103.664944917443705,1.404229484666832],[103.664997488389176,1.404285939538542],[103.665018523679706,1.404304856658613],[103.664872394316177,1.40440072360974],[103.664508155693795,1.4044803875658],[103.66368467049422,1.404480327564041],[103.662796771359325,1.404495458502728]]]}},
{"type":"Feature","properties":{"OBJECTID":18,"CLASSIFCTN":"NATURE AREA","INC_CRC":"3C6F5F6DC4054F7B","FMEL_UPD_D":"20251230175800","SHAPE.AREA":23555.301705135,"SHAPE.LEN":1102.4315671204199},"geometry":{"type":"Polygon","coordinates":[[[103.76623541826936,1.352938467764424],[103.766236785492254,1.352919982606588],[103.766279746894128,1.352880580671312],[103.766326294491421,1.352807328498075],[103.766357701391016,1.352730476535381],[103.766398151706895,1.352512354154493],[103.766415731352183,1.352375569617886],[103.766430253924099,1.351982008982215],[103.766458184492222,1.351864116891225],[103.766526272430795,1.351724620660415],[103.766599283839241,1.351608836982287],[103.766666561752189,1.351517136351409],[103.76682643054059,1.351316797046332],[103.766930595655481,1.351180430894052],[103.766976074247623,1.351094707498197],[103.766994873992502,1.351027956921358],[103.766989305346911,1.350937864044657],[103.766997735268589,1.350886134665764],[103.767336787590096,1.350640609176941],[103.767338216578707,1.3506304532102],[103.76733735424861,1.350619700300706],[103.767301879611907,1.35056354738103],[103.767298223917066,1.350542927785792],[103.767309474351663,1.350526975115425],[103.767559324509591,1.350347664671079],[103.767940115676268,1.350074150164951],[103.76820401054924,1.349884485062684],[103.768458793792632,1.349701132144447],[103.768931266794155,1.34936197215651],[103.768936615137449,1.349358133274374],[103.768936484551375,1.349369334721755],[103.768764599436693,1.349984312936792],[103.768417488358125,1.349984303636536],[103.767454761198792,1.351825864393227],[103.76743762920978,1.35185863535724],[103.767392577258818,1.351850983208592],[103.766856421507228,1.351759918053393],[103.766769083598803,1.352000946688159],[103.766748326928649,1.351995854547181],[103.76661304611666,1.352370049421009],[103.766534740308757,1.352585901709853],[103.7665281356158,1.352595125133292],[103.766256153341558,1.352977697833895],[103.76623541826936,1.352938467764424]]]}},
{"type":"Feature","properties":{"OBJECTID":19,"CLASSIFCTN":"NATURE AREA","INC_CRC":"3663B46B94469C62","FMEL_UPD_D":"20251230175800","SHAPE.AREA":232794.967603325,"SHAPE.LEN":3514.1021599391001},"geometry":{"type":"Polygon","coordinates":[[[103.736657089258415,1.440617886917551],[103.736684609330354,1.44064711618211],[103.736710690153387,1.440669190069299],[103.736732834140938,1.440693311264835],[103.736774735390455,1.44076421506771],[103.736793317920061,1.440817349866816],[103.736800799704653,1.440836973946509],[103.73681849009678,1.440864778419703],[103.736852041072268,1.440926758521185],[103.736863668853744,1.440949403347969],[103.736897499829468,1.441020041826884],[103.736950766803915,1.441084568547234],[103.737010980650908,1.44113196060681],[103.737067141974748,1.441218727529262],[103.73712084024649,1.441284165861826],[103.737138776526635,1.441298527899891],[103.737181936268257,1.441337654262149],[103.7372246929705,1.441366549554117],[103.73725039286245,1.441387180961575],[103.737275570616958,1.441409085688934],[103.737329070428459,1.441471677980084],[103.737409605771518,1.441547278861448],[103.737458934024559,1.441595086455645],[103.737517101211623,1.441656345005994],[103.7376033130721,1.44175178240775],[103.737724515251784,1.44189370913345],[103.737761691351253,1.441930634014764],[103.73777524424375,1.441946007844731],[103.737794623822325,1.44197849698031],[103.73780179599521,1.441988712961553],[103.737825312376017,1.442007746262494],[103.737861004085161,1.44202099306168],[103.737903414983307,1.442025093421805],[103.737931168151718,1.442024878449732],[103.737955258276173,1.442033403081767],[103.737979741888395,1.442044277263816],[103.738007126120209,1.442056375170271],[103.738036600529767,1.442089081776376],[103.738059072467877,1.442136370932028],[103.738062318557922,1.442149358618152],[103.738068081845427,1.44217847752361],[103.738072961073613,1.442203752851348],[103.738091584612405,1.442222473034313],[103.738108032461042,1.442245706798625],[103.738121742786092,1.442278517646145],[103.738126858402879,1.442302423778956],[103.73813071328108,1.442326506209393],[103.738124862446782,1.442349819523174],[103.738104269248865,1.442394352177176],[103.738096584940706,1.442404127107517],[103.738074373705984,1.442418940533665],[103.738039384554597,1.44245220060676],[103.738016407564501,1.442470618788784],[103.737962807072137,1.442472696562732],[103.737890848344719,1.442450822425309],[103.737870549256058,1.442445667606896],[103.737850962686949,1.442442140670815],[103.737839443477696,1.442444441786913],[103.737814288177404,1.44246549699575],[103.737807115948797,1.442478131540718],[103.737806890854401,1.442488806625661],[103.737805550224195,1.442508522574998],[103.737805117267243,1.442526070805836],[103.73780990158555,1.442543101057388],[103.737825126799279,1.442600887748438],[103.73783637825855,1.442619393288234],[103.737860054736657,1.442635053323954],[103.737894418705366,1.442660839052657],[103.737907613866724,1.44270004824397],[103.737909174141365,1.442714168120878],[103.737908960842219,1.442722128310247],[103.737903690006419,1.442735675437437],[103.737898236740364,1.442749582493179],[103.737887391915791,1.442762924094765],[103.737877103496075,1.442772104748119],[103.737864302652284,1.442780008335546],[103.737846831838326,1.442786986562893],[103.737827926025403,1.44279251232337],[103.737804004441045,1.442793310769225],[103.737758154473525,1.442792200987583],[103.737737255406458,1.442801697718573],[103.737709507067891,1.442815143510523],[103.737691294714395,1.442826822581282],[103.737672192817826,1.442836870144374],[103.737647850976003,1.442852321955565],[103.737611394476431,1.442883822069614],[103.737560702999858,1.442922497696083],[103.737506772064634,1.442961520459143],[103.737458771821849,1.4430016540294],[103.737417266855758,1.443036570607153],[103.737370344020007,1.443076890519658],[103.737329350072201,1.443118503921169],[103.737293579750613,1.443158150555445],[103.737261331076752,1.443196683164219],[103.737231980791179,1.443225364675655],[103.737195144882151,1.443261386578153],[103.737165702825862,1.443292737762601],[103.737122217327013,1.443328007855639],[103.737053444156913,1.443390485518764],[103.737055823140309,1.443423788766625],[103.737054606844424,1.443456894710324],[103.737042052872823,1.443491759155886],[103.73702829078249,1.443514857794644],[103.737012218688022,1.44353107051931],[103.736989491552649,1.443547976606116],[103.736960865507683,1.443555810781618],[103.736929165171304,1.443568153976625],[103.736911853202344,1.443579836696226],[103.736885807636966,1.443615907888804],[103.736798409995259,1.443702728375652],[103.736778375007944,1.443720733375445],[103.736750449667568,1.443733273880041],[103.736718047714305,1.443741089803573],[103.73668904609201,1.443747987944219],[103.736639193103798,1.443719748903618],[103.736608130878466,1.443708210622826],[103.736586046400021,1.443699970031392],[103.736566651331273,1.443693912685795],[103.736541653233914,1.443694342996018],[103.736507444109904,1.443704322978362],[103.736479333596193,1.44371831045145],[103.736427952266567,1.443749745694638],[103.736389348188737,1.443778884404288],[103.736337758989293,1.443817192790617],[103.73629554057473,1.443850477844959],[103.73625584093466,1.443883592986515],[103.736213598900832,1.443922847734343],[103.736171721765118,1.443960477357738],[103.736122439848344,1.444006034302457],[103.736082554131997,1.444040595508026],[103.736043931888418,1.444074076958522],[103.735992165683768,1.444111662742832],[103.73594038314107,1.444153045942839],[103.735898704764011,1.444186513693331],[103.735854145451839,1.444220692147482],[103.735823290141383,1.444245704575084],[103.735792081735511,1.444269448166548],[103.735746562092956,1.44431827996065],[103.735704827425678,1.444365136789824],[103.73567359087464,1.444395575372955],[103.73564177612289,1.444435419299374],[103.735625856495659,1.444458147046151],[103.735604314755577,1.444492246906482],[103.735583535458389,1.444516219749599],[103.735548184450195,1.444541392050444],[103.735524364452885,1.444561731937573],[103.735495290890569,1.444590551802865],[103.735481366317558,1.444609306770916],[103.735461303169302,1.44463400494238],[103.735438551509773,1.444656520770663],[103.73540765805275,1.44469076130382],[103.735372422284769,1.444731676746791],[103.735330188400681,1.444768760102006],[103.735279522277366,1.444801102422601],[103.735255734075125,1.444813299429092],[103.735224210713724,1.444826186127697],[103.735193199257495,1.444845951428292],[103.735177340450292,1.444854203045523],[103.735151546289785,1.444873085914612],[103.735115288501078,1.444900244148231],[103.735078149373749,1.444923058690406],[103.735037043734792,1.444948206314116],[103.734978651523576,1.44497906604104],[103.734933243529539,1.445001117842902],[103.734911618286958,1.44501242052538],[103.734886008381878,1.445030218164326],[103.734858397057778,1.445053618240478],[103.734839253374773,1.445073435602052],[103.734821015548079,1.44509162786381],[103.734792307754162,1.445119182531843],[103.734770834998471,1.445136818469075],[103.734749890500836,1.445157171133661],[103.734726610570831,1.445176970226225],[103.734702600869866,1.445199298788149],[103.734659973943593,1.445244161437098],[103.734635277134259,1.445259068770716],[103.734609836043461,1.445279582213689],[103.734593064115302,1.445291087682225],[103.734573261490411,1.445296246203053],[103.734545352458881,1.445304987452556],[103.73452537193495,1.445309601539027],[103.734512055513392,1.445311894418969],[103.734483954056415,1.445323529618751],[103.734456936355031,1.445334083248292],[103.734438898215373,1.445347574639831],[103.73440461641971,1.445374922863489],[103.734370361847425,1.445396120519468],[103.73435017799639,1.445406344355002],[103.734323690364349,1.445419252061244],[103.7342894811988,1.445429412879883],[103.734259763177661,1.44544067902591],[103.734219587891417,1.445458411807382],[103.734185565711712,1.445466764812275],[103.734154991773465,1.445467713049362],[103.734139696638422,1.445469996796416],[103.734111248206219,1.445463529355177],[103.734096447754212,1.445434652415089],[103.734093716768356,1.445396632902449],[103.734096942905296,1.445372008162279],[103.73410017065855,1.445351548010706],[103.734101060907108,1.445336882005849],[103.734102491244329,1.445321493439225],[103.734111659169727,1.445290891125171],[103.73411074600287,1.445274596284456],[103.734108388063447,1.445254319472852],[103.734104897767466,1.445236883213576],[103.734084623408961,1.445199936407692],[103.734072665297305,1.445190063862632],[103.734059865258033,1.445178844684951],[103.734048329247315,1.445174505047108],[103.734034994188661,1.445171434150411],[103.734017874275168,1.445167460533509],[103.734001476692896,1.445166743557044],[103.733978049513283,1.445162953247855],[103.733953002989693,1.445160791623695],[103.733929758060299,1.445160804165654],[103.7339086795795,1.445162444654975],[103.733883279426678,1.445171327991623],[103.733861302135253,1.445177857423667],[103.733817525569052,1.445188742207866],[103.733792484090159,1.44519454801426],[103.733769787786002,1.445204154958667],[103.733756102479205,1.445217016196013],[103.733740617241224,1.445230784429271],[103.733725855232436,1.445247810207414],[103.733708391092208,1.445265923814046],[103.733700113420582,1.44528167924911],[103.733695986955553,1.445304674287796],[103.733696361646224,1.445325858087426],[103.733698897638533,1.445343056457712],[103.733710084243768,1.445364596148988],[103.733746126065057,1.445386195720616],[103.733789560721917,1.44538555825253],[103.733818759211687,1.445398217899635],[103.733842371220803,1.445408525958059],[103.733869773926457,1.44543005822419],[103.733883076528855,1.445456265421954],[103.733890367532013,1.445502648678349],[103.733887320394771,1.445523108837392],[103.733866124787326,1.445614369818837],[103.733843477673943,1.445691148277617],[103.733829814403748,1.445734425934246],[103.733819206878948,1.445765933449841],[103.733805719189164,1.445801064618154],[103.733792585034408,1.445827324007549],[103.73377045001574,1.445865174211561],[103.733740763996252,1.445925479398431],[103.733726726023832,1.445947755935748],[103.733711966500522,1.445969488919352],[103.73369414455432,1.445991223576306],[103.733675417900997,1.446008795413371],[103.733646795937588,1.446045743680048],[103.733614042358695,1.446100076320458],[103.733588297098493,1.446130324292995],[103.733570652387101,1.446147170878299],[103.733549407582515,1.446171080373864],[103.733490344162433,1.446220355558448],[103.733468728017243,1.446228694630788],[103.733456118656903,1.446233951130614],[103.733441167557331,1.446239027558566],[103.733421346276728,1.446239038437398],[103.733364951927967,1.446241781582739],[103.733345129907306,1.446238170489829],[103.733316479087449,1.446236193187972],[103.733287110988087,1.446238742187308],[103.733271257735126,1.446242915116149],[103.733242078732218,1.446257051717461],[103.733213620333416,1.446272817106876],[103.733201194175308,1.44628060763653],[103.733184082717671,1.446288583352345],[103.733168773816402,1.44629728082919],[103.733153285092129,1.446308332353017],[103.733145901994234,1.446313224625131],[103.733133840325081,1.446328801729978],[103.733117292719186,1.446367916473031],[103.733102534905086,1.446391460889723],[103.733086691814336,1.446409754530554],[103.733068143202615,1.446424429697419],[103.733052662159096,1.446444713855488],[103.733035738069589,1.446462647511626],[103.733019353194564,1.446479311466954],[103.73299774471927,1.446497065850665],[103.732964249258401,1.446522248137049],[103.732938134343328,1.446539279734098],[103.732923549606284,1.446550331296357],[103.732910221197145,1.4465593915087],[103.732897433807921,1.446567001147922],[103.732888247221652,1.446571895147501],[103.732830776049369,1.446581336842371],[103.732800687261502,1.446584068484073],[103.732771863508887,1.446591142929492],[103.732741779801529,1.446600934926986],[103.732704482528902,1.44660204020243],[103.732672234297112,1.446607306673503],[103.732645742981319,1.446601345743386],[103.732610058313242,1.446590680814134],[103.732576836552724,1.446583437196882],[103.732532272330076,1.446543488618991],[103.732504279670962,1.446512338417544],[103.732485479264938,1.446490439348639],[103.732480239534652,1.446470165120692],[103.732479486654455,1.446426169670731],[103.732489207343917,1.446413671818656],[103.732499108627536,1.446401717496322],[103.732502999755567,1.446397243790072],[103.732509190513341,1.446390124926933],[103.732524309489889,1.446368391063977],[103.732536728090395,1.446348651199072],[103.73254914244535,1.446323297052811],[103.732563360174879,1.446300477914519],[103.732587660647681,1.446266970568596],[103.732607637056972,1.446233647519196],[103.732623656411008,1.446212274536157],[103.732640037112844,1.446188368450364],[103.732653532447358,1.446163739650157],[103.732669905452042,1.446130960865302],[103.732674392347008,1.446106154407916],[103.732677444600597,1.446092211990681],[103.732681750869148,1.446067587301999],[103.73268725623349,1.446034653386081],[103.732660443453071,1.446003143303172],[103.732648905716104,1.445997173092806],[103.732637914151283,1.445995187526998],[103.732619535131306,1.445995015782132],[103.732605843087612,1.445997375556426],[103.732597199160693,1.446004441857407],[103.732586936722797,1.446014585630934],[103.732579918971112,1.446028167030364],[103.73257398397422,1.446043016394071],[103.732559946816849,1.446066922584145],[103.732549877717034,1.446094266432426],[103.732513030601481,1.446218668861907],[103.732505111474751,1.446234060754016],[103.732497785809613,1.446240686689],[103.73248908703161,1.446248553347636],[103.732475937675702,1.446252361029298],[103.732464398755539,1.446252821738079],[103.73244836953215,1.446253461309722],[103.732426035259593,1.446265059661312],[103.732413800711328,1.446288421504771],[103.732381058904821,1.446360315032155],[103.732364675687251,1.446380058336083],[103.732347747364386,1.446392015960607],[103.732325581005767,1.446386052507497],[103.732264488085065,1.44634361890138],[103.732163313036608,1.446243825223395],[103.732147990596545,1.446233513901829],[103.732132305171177,1.446222113711684],[103.732120049446621,1.446216327051965],[103.732106890655018,1.446209996829945],[103.732077163052239,1.446213994585666],[103.73207266182132,1.446217436386429],[103.732069606113853,1.44622812128949],[103.73207033698705,1.446241336768189],[103.732072869509551,1.446255457594396],[103.732076121006969,1.44626740527034],[103.73208225952402,1.446283334982951],[103.732086395096061,1.446298580003404],[103.73213961618525,1.446363693762329],[103.732174233337062,1.446394094548677],[103.732193165175133,1.446410559312917],[103.732214076681544,1.446425758058602],[103.73224075705329,1.446444030085694],[103.732259951342712,1.446459144648336],[103.732270143819292,1.446466466822075],[103.732295744020732,1.446486006716085],[103.732320080921383,1.446502651689616],[103.732347659973243,1.446519114126898],[103.732374879578188,1.446535757420229],[103.732392362403772,1.446542627738687],[103.732413278213784,1.446562171943627],[103.732433653926606,1.446582620486505],[103.732470263481474,1.446628770827013],[103.732514436924205,1.446666226966228],[103.732545977185126,1.446678523181353],[103.732568324205459,1.446683581373938],[103.732602745517241,1.446692616586667],[103.732651763606285,1.446702912227333],[103.732739888197301,1.446724594628714],[103.732768185458482,1.446735987238267],[103.732781707049739,1.446747749072826],[103.732788575551652,1.446776894262574],[103.732788051547118,1.446800068522832],[103.73277166840117,1.446818182168816],[103.732755100398876,1.446830501557266],[103.732741410878489,1.446836664175541],[103.732720696862117,1.446846270291878],[103.732685383619142,1.446849003507363],[103.732667366615729,1.446851366706034],[103.732646645046373,1.44684884261002],[103.732622856600415,1.446845414014537],[103.732610596154487,1.44684469992503],[103.732583427285604,1.446838905366407],[103.73256717443833,1.44683656957669],[103.732544467985122,1.446831330495476],[103.732522482120118,1.446828081947642],[103.732501037283328,1.446823205571675],[103.732472928256556,1.446822495294449],[103.732457797367672,1.446829019591395],[103.732427802580816,1.446839637271097],[103.732419072301141,1.446848591875657],[103.732384497524194,1.44687576731867],[103.732371704988054,1.446877765386507],[103.73235350997372,1.446882119980392],[103.732345041557508,1.446882667644633],[103.732319272592804,1.446879420734074],[103.732304137538492,1.446878523832932],[103.732285755093514,1.446874368368876],[103.732267373603335,1.446868944988809],[103.732242139673616,1.446857371637927],[103.732212219577292,1.446845255459247],[103.732189868352123,1.446833678619655],[103.732172929040857,1.446829884964354],[103.732159230155872,1.44682428001672],[103.732142290868822,1.446819942839487],[103.732129857042153,1.446818138983069],[103.732116881384783,1.446815790676174],[103.73209922050728,1.446811816115495],[103.732035599031633,1.446787225456839],[103.731971069387882,1.446755572590712],[103.731857661782655,1.44667451763956],[103.73182830946746,1.446604840632365],[103.731799864758315,1.446534711484614],[103.731784936041223,1.446501106519516],[103.731773565406357,1.446475764872568],[103.731760940006481,1.446457666206412],[103.731731911931675,1.4464319710627],[103.731719293205757,1.446425459085922],[103.731708116786507,1.446417680162554],[103.731697481315507,1.446410080327222],[103.731682517457727,1.446398862847743],[103.731666111398241,1.446386559164083],[103.731655295317267,1.44637878025672],[103.731643035269613,1.446369189846596],[103.731628975249052,1.446361412601579],[103.731616898394762,1.446354537095074],[103.731607165004107,1.446349473131828],[103.731590402842443,1.446342963680587],[103.731564088734686,1.446333019030431],[103.731558321652159,1.446330304779073],[103.731544442210065,1.446323432808327],[103.731531102849814,1.446316017340157],[103.731517943249727,1.446307694804694],[103.731484942985418,1.446270594566395],[103.731462945370993,1.446248879835279],[103.73145158840795,1.446239471241803],[103.731441492915451,1.446233681963018],[103.731436262465962,1.446227166701065],[103.731427967003043,1.446218299054399],[103.731422198228685,1.446213232556445],[103.731414264820117,1.446206176363692],[103.73140795247474,1.446199298403528],[103.731399839387024,1.446191336936017],[103.731383067098434,1.446170161440231],[103.731340701373327,1.446139223101171],[103.731324840516166,1.446132531007707],[103.731303573749059,1.446124576179925],[103.731288793865261,1.446118789401704],[103.731263209771853,1.446121156768985],[103.731249883998714,1.446131482174159],[103.731245389510647,1.44614488281059],[103.731244508496786,1.446173670429843],[103.731251732271645,1.446195030888727],[103.731272298299899,1.44621935645077],[103.731318644448663,1.44629875612672],[103.7313440722466,1.446315204008512],[103.7313640833829,1.446329678326751],[103.731386976372562,1.446343063922917],[103.731412029738038,1.446353191199323],[103.731437440850854,1.446360964436655],[103.731448256979377,1.44636765720595],[103.731466100138292,1.446374528451948],[103.731485566077055,1.446383389368058],[103.731501789849133,1.446392796372413],[103.731512424501474,1.446398584770977],[103.731525044004186,1.446407811644374],[103.731540548752733,1.446420478841968],[103.731556232403236,1.446431333705558],[103.73156723162873,1.446442915464946],[103.731575889981514,1.446455042449113],[103.73158292548203,1.446466806710764],[103.731592125601111,1.446480924220652],[103.731601505383509,1.446496308750122],[103.731613412745745,1.446515675300591],[103.731621709822207,1.446528707534947],[103.731633432275046,1.446543547743881],[103.731645699085206,1.44656273253361],[103.73165544259912,1.446582643412405],[103.731666266333178,1.446600200284899],[103.731680335732193,1.446619385155737],[103.731691153530932,1.446628975500737],[103.731698004122649,1.446636214325022],[103.73170882374292,1.446645261148308],[103.731720722571836,1.446654489797004],[103.731737126884681,1.446665705532513],[103.731751190244097,1.446679277930497],[103.73176561832193,1.446695384367892],[103.731773011530663,1.446705700761197],[103.731782752583882,1.446720361816498],[103.731791769536002,1.44673121999586],[103.731801508872763,1.446744069613419],[103.731811070198603,1.446758911532989],[103.73182477321302,1.446772664786799],[103.73183901890863,1.446788047725786],[103.731852543037974,1.446803248855393],[103.731907529195695,1.446843233185104],[103.731930962243425,1.446856801481777],[103.731950431597809,1.446869826078257],[103.731970262999113,1.44688484390529],[103.73199513742378,1.446897867840063],[103.732019108933969,1.446906908922567],[103.732043077836892,1.446913958599017],[103.732065063621491,1.446919015876073],[103.732086327903815,1.446922445268443],[103.732101827628611,1.446926965062674],[103.732122191443182,1.446932024075101],[103.732143998358907,1.446938168386818],[103.732169770677658,1.446946846899352],[103.732190675424832,1.446952448552805],[103.732207794544934,1.446954250810379],[103.732219687440164,1.446955512024794],[103.732240052980359,1.44696220069706],[103.732271944321909,1.446960374410695],[103.732286718228266,1.446959279890176],[103.732298249076393,1.446958552395328],[103.732318968134592,1.446956911001842],[103.732334824844074,1.446955998306348],[103.732350498327548,1.446953093292444],[103.73236671279129,1.446949645685285],[103.732382385408087,1.44694601718131],[103.732403648014184,1.44694673077073],[103.732413197436614,1.446946364027124],[103.73242581017341,1.446946176484315],[103.732438243214531,1.446945445411678],[103.732449232239759,1.44694399168888],[103.732469948737887,1.446939274557772],[103.732499315193223,1.446933466248077],[103.732513189562255,1.446933278761198],[103.732536073272072,1.446933266218966],[103.732547605869428,1.446933623053272],[103.732561118961925,1.446934340816586],[103.732577159572458,1.446940488483915],[103.73258959679498,1.446946819575657],[103.732601855124599,1.446954780320185],[103.732612133706041,1.446965818521045],[103.732637741580149,1.446994955504586],[103.732645324753946,1.447017582987556],[103.732646059772094,1.447038765898125],[103.732643920680829,1.447068821378639],[103.732632777368181,1.447104856100357],[103.7326000261655,1.44716552468503],[103.732586717076217,1.447184656778622],[103.732552343294657,1.447218337310773],[103.732547016077319,1.447225694964081],[103.732501940179773,1.447275310784465],[103.732452073263687,1.447338215088631],[103.732423993972972,1.447396489127847],[103.732394117102217,1.447422737809306],[103.732339537660877,1.447451062703648],[103.732260133976254,1.447489613916285],[103.732203631968758,1.447528330747641],[103.732140549723013,1.447582756958861],[103.732101804905739,1.447662345428353],[103.732078369024919,1.447692178382034],[103.732055410631503,1.447714528663552],[103.732052670697811,1.447716916961134],[103.732036822519007,1.447727969364297],[103.732020432605552,1.447736305943098],[103.732005661213151,1.447741382368625],[103.73198458598911,1.447750084098826],[103.731959184998715,1.447756795132876],[103.731920265736846,1.447757900321],[103.731280635450062,1.446904169765563],[103.730618252366341,1.44600741298731],[103.730917351345255,1.445753249246476],[103.73125346137104,1.445848678312148],[103.731579338253027,1.445498725636811],[103.731835675027313,1.445659734464336],[103.732052045926167,1.445371573668209],[103.731962799705528,1.445294489056075],[103.732245159807235,1.444806826165255],[103.732246294822644,1.444804867367363],[103.7322465158706,1.444805027449382],[103.732464080060254,1.444963046454947],[103.73278537774631,1.445074839967809],[103.7329661689066,1.444408730910612],[103.732638005168766,1.44431620003979],[103.732700818069588,1.444090582531126],[103.73310904617324,1.443787322775779],[103.733475104537945,1.443242939989807],[103.733500538032359,1.443169615415068],[103.733732454118368,1.442821400925066],[103.734149813609292,1.442907577873673],[103.734472570762208,1.441658278700748],[103.734603974824935,1.440310912904845],[103.734613324857804,1.440307613294033],[103.735173815943568,1.440392928977054],[103.73581344053062,1.44049029042316],[103.736253077618443,1.440557209522941],[103.736528234961582,1.440599092378691],[103.736643538481218,1.440616643744997],[103.736657089258415,1.440617886917551]]]}},
{"type":"Feature","properties":{"OBJECTID":20,"CLASSIFCTN":"NATURE AREA OTHERS","INC_CRC":"842C3EEAE3E55235","FMEL_UPD_D":"20251230175800","SHAPE.AREA":78814.118003555006,"SHAPE.LEN":1312.0900742624599},"geometry":{"type":"Polygon","coordinates":[[[103.673050083300751,1.377053228877266],[103.673033335434098,1.376963979102233],[103.672998370398545,1.376908680507132],[103.672964268353951,1.376847953092972],[103.672938045191472,1.376824211850234],[103.672894662017569,1.376787502722057],[103.672849583983378,1.37676662069449],[103.672802289774509,1.376750274789095],[103.672710297426661,1.376702651252797],[103.672643539822062,1.376665222473723],[103.672592678890808,1.376653422543671],[103.672497201676038,1.376622546618528],[103.672466547936111,1.376608326179579],[103.672401171107154,1.376575856097575],[103.672341988222925,1.376528428309681],[103.672267579429672,1.376489251776673],[103.672182805041871,1.376445638647836],[103.672089884801039,1.376393504076218],[103.671978770775468,1.376308078748019],[103.671914771165902,1.376280116081404],[103.671854863157932,1.376259350593836],[103.671808416835674,1.376235316758619],[103.671749615665405,1.376177493358825],[103.671702605461746,1.376067167201641],[103.671644244688309,1.376007985480336],[103.6715320578042,1.375895910363145],[103.671501650591736,1.375850514811166],[103.671488713946275,1.375796398797719],[103.671374350911265,1.37569518489731],[103.671335485546123,1.375662055513365],[103.671297516086341,1.375628465870545],[103.67117000635993,1.375510186683578],[103.671057466305299,1.375412573155032],[103.670999388377894,1.375396762766093],[103.670939504418712,1.375379611989735],[103.670900262699391,1.375357780750981],[103.670809971549588,1.375295234413654],[103.670764202376034,1.375237308790352],[103.670703062329437,1.375165496560248],[103.67065641770958,1.375111194648234],[103.670627501735282,1.37501879776204],[103.67065686733747,1.374973384596104],[103.670682151105851,1.37492258387383],[103.670737173120784,1.374883294986465],[103.670788369613049,1.37480879636468],[103.670856405782473,1.374766694899635],[103.670953670657099,1.374696965407696],[103.671248068870483,1.374614086415119],[103.67162748477287,1.374563198604692],[103.672512777156243,1.374614172459343],[103.672984927158168,1.374724519230441],[103.673490804886285,1.374809410430973],[103.673726882354572,1.374834884077064],[103.674123163637319,1.374741567107205],[103.674249631678663,1.374784004578021],[103.674300207845903,1.374970694252732],[103.674224310563062,1.375182832297822],[103.674097824505381,1.375411939080484],[103.674055643385159,1.375785308810148],[103.674047161446794,1.376549023689612],[103.674055558932935,1.377058168487277],[103.674038648480405,1.377779454708151],[103.674013341336845,1.377966139282425],[103.673903730624758,1.378000075273455],[103.673760399301557,1.377966122246007],[103.67370138903668,1.377821860979827],[103.673650808928386,1.377694571514191],[103.673617096803241,1.377499397350129],[103.67347376890811,1.377414530611296],[103.673237701954079,1.377227828394014],[103.673050083300751,1.377053228877266]]]}},
{"type":"Feature","properties":{"OBJECTID":29,"CLASSIFCTN":"NATURE AREA OTHERS","INC_CRC":"662E1FC42D14209F","FMEL_UPD_D":"20251230175800","SHAPE.AREA":978413.29331142001,"SHAPE.LEN":8205.1438869843605},"geometry":{"type":"Polygon","coordinates":[[[104.062213588000574,1.430035164382271],[104.061660450446354,1.430286664409509],[104.06115665921115,1.430471239714607],[104.060112808055095,1.430917164476319],[104.059812336385875,1.431012857198447],[104.059068469870965,1.431340339777122],[104.059048301958796,1.431349218036114],[104.059004792286416,1.431357384164501],[104.058541415730616,1.431444346826579],[104.05852740971379,1.431446975367093],[104.058527031428497,1.431447177980403],[104.058526788822732,1.431447308231751],[104.058523158722025,1.431449257479322],[104.058508731766949,1.431457002007672],[104.058318276100763,1.431565779671202],[104.058082594345763,1.43146038748063],[104.057715993359679,1.431460423605681],[104.05803020918033,1.43132862333617],[104.058134937556531,1.431170489837482],[104.058449155876758,1.431065043381058],[104.058684804162866,1.430827834444707],[104.058789518711009,1.430537931623211],[104.058658554180127,1.430168990511818],[104.05834426926755,1.42958923657693],[104.058579912303784,1.429299319948124],[104.058946470881224,1.428877621968712],[104.058972623145138,1.428535019192014],[104.0587107123729,1.42798161306009],[104.058632134807198,1.427770789916975],[104.058422608380639,1.427349148773078],[104.05844872999883,1.426690298739101],[104.058631996332451,1.426347680481957],[104.058789084653341,1.426084126383529],[104.058762791345629,1.424977265864607],[104.058605667230353,1.424871865881624],[104.058631822153515,1.424555616958295],[104.058684180633975,1.424423842494255],[104.058736454636801,1.423422389672063],[104.058814983364996,1.423132489460065],[104.058762555834036,1.422552708733708],[104.058553037671075,1.422210129099742],[104.058369715394662,1.42197296232079],[104.057688832589605,1.421393243982323],[104.057217478963821,1.421261519778343],[104.056719947367867,1.421208860521157],[104.056615176204005,1.420918978178741],[104.056562772112343,1.420576383002164],[104.057531642716654,1.420602642479388],[104.057531650337665,1.42068170407484],[104.058186291206056,1.420681640063026],[104.058448147185715,1.420681614406079],[104.05873625006906,1.421314079762429],[104.059102907402718,1.421920182558113],[104.05912911350066,1.422131010876504],[104.059469594067693,1.422816178638275],[104.059600537573843,1.422974288886194],[104.059941017533362,1.423659455626364],[104.059941043266718,1.423922994226747],[104.060255301771193,1.424239210341027],[104.06056957327111,1.424687194786634],[104.060831461581984,1.425003415082684],[104.06117187751515,1.425029735085517],[104.061433723561024,1.424924293580462],[104.061590814055705,1.424687093210096],[104.061747907115475,1.424476246690229],[104.061800221290582,1.423896455718086],[104.061852584760729,1.423817388925344],[104.061904893731779,1.423184891145376],[104.06193107156713,1.423105826964446],[104.061826295380584,1.42276323726947],[104.061642946857773,1.422262531337628],[104.061459629475138,1.422078072572577],[104.061826225390533,1.422051682229111],[104.061957143053121,1.421946253757287],[104.062218974049173,1.421682689084009],[104.062271329678524,1.421524560721847],[104.062585528289475,1.421234636035031],[104.062690273274626,1.421260979426654],[104.062821183047902,1.421076489352435],[104.063344939248267,1.421524453364959],[104.063580639247789,1.421814322123379],[104.063999663801411,1.422367710951656],[104.063973538387415,1.422973853104935],[104.064052103083284,1.423052906758126],[104.064104531946938,1.423632686240381],[104.064523528124099,1.423896182523243],[104.064523612167235,1.424739506673705],[104.064392741780637,1.425319304623438],[104.064288085892215,1.426188993200894],[104.064864185964865,1.426347058062633],[104.065335504801396,1.426109825652751],[104.065440220987938,1.425846276533581],[104.065597326922031,1.425767199041654],[104.065597308434619,1.425582722097819],[104.065754414345193,1.425503644598756],[104.066094856757331,1.425793502329997],[104.066225784963351,1.425793489006557],[104.066251952064547,1.425609009405809],[104.066382859959802,1.425398164389202],[104.066251904401582,1.425134639238218],[104.066147138052045,1.424897465259711],[104.066147082499668,1.424344034444838],[104.065911396021875,1.424185935296052],[104.065361434676348,1.423553497761887],[104.065387607120613,1.423421725860299],[104.06559708413559,1.423342643090371],[104.065728020122791,1.423421691366463],[104.06682789371348,1.424185842053267],[104.06708975789499,1.424264876885066],[104.068058696124467,1.424949977761818],[104.068320557744556,1.425002658586873],[104.068687137811381,1.424818144022446],[104.069053707998009,1.424528214037372],[104.069079832026958,1.423922072051549],[104.069760625771721,1.423605755791765],[104.070624703274518,1.423131297349308],[104.070938906232882,1.422894080242938],[104.071279254226525,1.422261551896479],[104.071672002952837,1.421918911215856],[104.072117177781635,1.42210334178935],[104.072876578840933,1.422287739467958],[104.073740690510661,1.422155879884415],[104.075626001243549,1.421654958726583],[104.076734899462423,1.421668386807833],[104.076640264303236,1.421753180190109],[104.076491565435177,1.421918901047765],[104.076425802161324,1.421948001139852],[104.076358681808856,1.422069524718355],[104.076173669967631,1.422128917072842],[104.076067216701887,1.422231735498654],[104.076025117929831,1.422401867352316],[104.075937890237981,1.422543164076728],[104.075169894545141,1.423200250625802],[104.074843756097621,1.423479604343589],[104.074691962287829,1.423515848828975],[104.074517080772011,1.423608654147865],[104.074407770451899,1.423803581460737],[104.074310340991673,1.423840950649361],[104.074265913606951,1.423740462397501],[104.07423802368524,1.423760597195239],[104.074261524749531,1.423790674503463],[104.074256911969158,1.42384784836416],[104.074278501971392,1.423906031443409],[104.074344601237584,1.423901285666248],[104.074332500924115,1.423935932810824],[104.074201320739149,1.423973857203266],[104.073354907247563,1.424733794900046],[104.073224404098326,1.424802331622683],[104.072931495089406,1.425084548468552],[104.072697931388078,1.425308012121627],[104.07261740480898,1.42526435823771],[104.072530194403868,1.425323620754257],[104.072552468117323,1.425389636409367],[104.072429113770681,1.425507884795297],[104.071498501082772,1.426086109496093],[104.071170927076508,1.426220151957319],[104.071025856860743,1.426367910777057],[104.070851417897813,1.426486426671244],[104.070800049584065,1.42643527258475],[104.070712839081835,1.426494535046741],[104.070727807276782,1.426560578614817],[104.069833383378665,1.427087178371018],[104.069709215696491,1.427065803192188],[104.069267885200787,1.427341831146619],[104.069098350582294,1.427354934675041],[104.068851394379053,1.427460969670666],[104.068390938673289,1.42760886936678],[104.068132010932942,1.427692061488168],[104.067902459988161,1.427795777644907],[104.067674700477681,1.427843089804294],[104.06738187518404,1.427986785854792],[104.066214202453324,1.428368860081089],[104.065986434188844,1.428410701636359],[104.066094539297552,1.428561690092969],[104.065943652088336,1.42859378298726],[104.065867136730233,1.428576673123422],[104.065775755174599,1.428362800341523],[104.065682243279568,1.428401298359099],[104.065765138920753,1.428591639753067],[104.065722639530108,1.428717828920451],[104.065140363889157,1.429063270857362],[104.064583571413493,1.429223706802689],[104.064024577842957,1.429479568731532],[104.06381115574834,1.429669894027567],[104.063640954019363,1.429754188193131],[104.063457257738762,1.429770566536861],[104.0629099887514,1.429819654975285],[104.062453660503579,1.429926008864197],[104.062259796606313,1.430014154255639],[104.062213588000574,1.430035164382271]]]}},
{"type":"Feature","properties":{"OBJECTID":30,"CLASSIFCTN":"NATURE AREA OTHERS","INC_CRC":"5228FC32CBD284E7","FMEL_UPD_D":"20251230175800","SHAPE.AREA":60232.831076085,"SHAPE.LEN":1147.5174545396201},"geometry":{"type":"Polygon","coordinates":[[[103.688084145184533,1.432210287322768],[103.688119772351968,1.432141724569653],[103.688138140155701,1.432089359627853],[103.68812204728512,1.432046543444669],[103.688054975106681,1.431982099837846],[103.688041520295869,1.431971096525269],[103.687909162147307,1.43185969704638],[103.68780436643091,1.431792056822526],[103.687767525479771,1.431714746988582],[103.68771831051717,1.430660949090607],[103.687762849161643,1.430504101391794],[103.687876977744466,1.430412223799346],[103.688205456463507,1.430500403635395],[103.688635724534279,1.430522082281731],[103.688824531788157,1.430437644126575],[103.688866988272437,1.430224072035282],[103.688910795274865,1.430025732178681],[103.689066421240241,1.429824382445378],[103.689203818398383,1.429824391129201],[103.689377153715952,1.429955244110794],[103.689518466940754,1.429955253023569],[103.689560665372852,1.429742975939637],[103.689715148710903,1.429476484056959],[103.689938309191888,1.429431579384751],[103.690119499382433,1.429499975826907],[103.69014152609428,1.429855018479188],[103.690141460912457,1.430906558776836],[103.689965493312599,1.431039364882438],[103.689381690664362,1.431800906717553],[103.689165815643605,1.432235359813995],[103.689078984480844,1.432584821984953],[103.688844918806922,1.432938366137784],[103.68865848616413,1.432996602374549],[103.688635679019498,1.433053757438094],[103.688632338429173,1.43306212979893],[103.688510190566504,1.433013060452765],[103.688433854513974,1.432909801094891],[103.688344996526624,1.432736179851887],[103.688199339347818,1.432579095747741],[103.688082221001267,1.432471927846506],[103.688065585457537,1.432399352729183],[103.688070937613929,1.432297133160267],[103.688086458177267,1.432224259845891],[103.688086739329393,1.432225958253551],[103.688086816821126,1.432222576853155],[103.688086458177267,1.432224259845891],[103.688084145184533,1.432210287322768]]]}},
{"type":"Feature","properties":{"OBJECTID":31,"CLASSIFCTN":"NATURE AREA OTHERS","INC_CRC":"A0604376823B8208","FMEL_UPD_D":"20251230175800","SHAPE.AREA":98620.031673044999,"SHAPE.LEN":1575.9166900101},"geometry":{"type":"Polygon","coordinates":[[[103.684892629846317,1.420639935505331],[103.684839962210631,1.420663032189039],[103.68468821812931,1.420729576997883],[103.684526411497927,1.420658319162502],[103.684670235215393,1.420468684915744],[103.684751596919583,1.420397013254088],[103.684783831739409,1.420357522805711],[103.684792329362935,1.420291995177445],[103.684785275683211,1.420218119292797],[103.684764139592886,1.42019684464572],[103.684713780721609,1.420159190133115],[103.684667086497697,1.420146370509708],[103.684610013869161,1.420143420407657],[103.684518518070334,1.420142388936787],[103.684379342926647,1.420132806352462],[103.684198337135356,1.420117862706587],[103.684025625111062,1.420105864184603],[103.683944141571303,1.420087634207923],[103.683882151499006,1.420062674339294],[103.683830747114243,1.420004465428726],[103.683833392192042,1.419968114818307],[103.683831921237996,1.419785785636224],[103.683963341761711,1.419624148731996],[103.684206870498599,1.419508829604536],[103.684578630258443,1.419307396468954],[103.684934638383723,1.419307419482337],[103.685786354429709,1.418907463736685],[103.68606713283792,1.418752067317345],[103.68609394083623,1.418630693852374],[103.685753291683127,1.418059212695123],[103.685724293026709,1.417781788180927],[103.685855805927844,1.417590628283969],[103.686499426011395,1.417331573651549],[103.686789815644644,1.417273141502128],[103.687078428412619,1.417592696811955],[103.687405657390073,1.418151209318963],[103.687731507233465,1.418507714594763],[103.688387241486069,1.418938175783507],[103.688588291137492,1.419371834978373],[103.68860269891951,1.419822239317447],[103.688213589304468,1.420126787274357],[103.687755508732181,1.420270824799548],[103.687284176709625,1.420285169694857],[103.686628931910548,1.420227783314992],[103.68606185465751,1.420156406516809],[103.685409566998615,1.420413241073395],[103.684892629846317,1.420639935505331]]]}},
{"type":"Feature","properties":{"OBJECTID":32,"CLASSIFCTN":"NATURE AREA OTHERS","INC_CRC":"465A20C451F679CD","FMEL_UPD_D":"20251230175800","SHAPE.AREA":7945.5519639149998,"SHAPE.LEN":345.66948240150799},"geometry":{"type":"Polygon","coordinates":[[[104.053310355451629,1.43302041785306],[104.053363094701893,1.432834532103587],[104.053460448886412,1.432715226236331],[104.05382594773819,1.432566129313597],[104.054101207732089,1.432464493607642],[104.054253212243296,1.432683876789639],[104.054176138739095,1.433145206742133],[104.05396883671763,1.433327618480234],[104.053562141338105,1.433563825294238],[104.053560786940409,1.433561464148991],[104.053559565431001,1.433558027710327],[104.053476994466848,1.433325794088084],[104.053310355451629,1.43302041785306]]]}},
{"type":"Feature","properties":{"OBJECTID":33,"CLASSIFCTN":"NATURE AREA OTHERS","INC_CRC":"625C86E581D10B1F","FMEL_UPD_D":"20251230175800","SHAPE.AREA":61284.096577060001,"SHAPE.LEN":1273.2546530014899},"geometry":{"type":"Polygon","coordinates":[[[104.046820940256737,1.436793947227464],[104.046805137847841,1.436786298753546],[104.04677412255505,1.436752175740728],[104.046719693443919,1.436696871258651],[104.04652929656983,1.436569649664461],[104.046505305316799,1.436562004669938],[104.046484235240968,1.436543177925109],[104.046479550945875,1.436524348737745],[104.046479549964459,1.436513757807417],[104.046490668810506,1.436500811790846],[104.04651173139392,1.436487278817197],[104.046546898903088,1.436461527554037],[104.04656620607814,1.436452701021067],[104.046589028942549,1.436438575527401],[104.04660073129962,1.436429160971577],[104.04660190153291,1.43641268618162],[104.046598389161858,1.436395623999048],[104.046576145744652,1.436359733948284],[104.046542203101069,1.436318549078102],[104.04652172078589,1.43629089846221],[104.046519373229643,1.4362473565831],[104.046511762175143,1.436227941646761],[104.046495378682579,1.436213819833609],[104.046478307508536,1.436196883724373],[104.046455483581695,1.436189825547153],[104.04642739362194,1.436189241254589],[104.046406914088266,1.436191596313974],[104.046379995670875,1.436188656059669],[104.04633434724596,1.43617806941022],[104.046296891179367,1.436156891061139],[104.046269387563072,1.436132182071095],[104.046261192890782,1.43610805819876],[104.046263528570023,1.43608158020112],[104.046271720383416,1.436065104752768],[104.046293953908332,1.436042744238235],[104.046322042232603,1.436025677283389],[104.046337204596213,1.436011287534076],[104.046364641771476,1.436007480329336],[104.046396811288076,1.43599796347162],[104.046416678587661,1.435982740367372],[104.046439386785991,1.435962760980461],[104.04650939963247,1.435925652241779],[104.046583196700638,1.435891399106995],[104.046639018369362,1.435866658785383],[104.046661722319371,1.435859046485537],[104.046697676673674,1.435859043109255],[104.046729847068463,1.435859040087822],[104.046751607499132,1.435851426971382],[104.046764850835899,1.435840961407083],[104.046781291246901,1.435839038102978],[104.046801160411505,1.435834279315973],[104.046814408240877,1.435823813750993],[104.046829543741254,1.435810492952081],[104.046850360299402,1.43579907619603],[104.04690144820978,1.435764822473108],[104.046926991715296,1.435747697872231],[104.046952537178342,1.435741986262048],[104.047000629089936,1.435706662059739],[104.047005465112164,1.435694991776397],[104.047019972293072,1.435689156402215],[104.04704898742213,1.435685750576267],[104.047069781403579,1.435682830258874],[104.047098795990436,1.435673589518118],[104.047117656790192,1.435667266285112],[104.047131680529574,1.435661430955768],[104.047155857111804,1.435652191573902],[104.047179067574803,1.435641492649836],[104.047190191430801,1.435634196151446],[104.047202765609896,1.435626902229575],[104.047214850820751,1.43561814872078],[104.047232745048973,1.435605505928121],[104.047239514296464,1.435597724199493],[104.047249667585746,1.435589459225425],[104.047258370597049,1.435581678219071],[104.047273456320795,1.435574261067837],[104.047284575999768,1.435570370379587],[104.047290861941718,1.435564048329266],[104.047294732430913,1.435557240866401],[104.047304401781403,1.43554362485475],[104.047332952517294,1.435503496731234],[104.047367012047445,1.435477807963814],[104.047414314302443,1.435425480100408],[104.047442696647167,1.435391231219479],[104.047449314606041,1.435370301956372],[104.047458779355878,1.435369348776294],[104.047488587441947,1.435360657805915],[104.047511294902492,1.435342581178605],[104.047530214088383,1.435326407676167],[104.047542514798394,1.435315942197113],[104.047564275043356,1.435306427210405],[104.047586035642212,1.435300716855142],[104.047604960471119,1.435296909535047],[104.047617260724778,1.435291200975738],[104.047631453229599,1.435283588565575],[104.047642805117448,1.435274074559544],[104.047658888886261,1.435263608723252],[104.047677809664549,1.435264557418656],[104.047692003320492,1.435269312095735],[104.047703356891191,1.435277874385287],[104.047709983681131,1.435303559319558],[104.047724178046167,1.435315925068305],[104.047768652039409,1.435355877191806],[104.047798928694021,1.43539012054133],[104.047805554776374,1.435408194403201],[104.047819749319942,1.435422463823489],[104.047834886406918,1.43542626702643],[104.047860437065083,1.435428167382676],[104.047885033965599,1.435426262292713],[104.047897334396339,1.435422456499856],[104.047905849437825,1.43541294185604],[104.047919093576112,1.43540152580644],[104.047928554453463,1.435407232312686],[104.047941804225729,1.43541769538101],[104.047955998149064,1.435425304208121],[104.047971135413547,1.435431010178084],[104.047982488453599,1.435433863257766],[104.047993846252865,1.43543957139324],[104.047992900270387,1.435470964440882],[104.047991959147225,1.435496650088558],[104.047994795892649,1.435505210467707],[104.048009938981693,1.435525187196453],[104.048039384601921,1.435551456901202],[104.048081966552999,1.435576185243443],[104.048100887244814,1.435576183455296],[104.048114136575066,1.435581891411238],[104.048128326095735,1.43559045162141],[104.048153876922328,1.435603766772946],[104.048175640462716,1.435619938242848],[104.048183208912889,1.435625644926714],[104.048191725562759,1.435623741353503],[104.048203077449415,1.435614228249154],[104.048219161661194,1.435608517520033],[104.048231462625012,1.435610420029037],[104.048245656461575,1.435617078374417],[104.048260794172037,1.435627541261901],[104.048267421857929,1.435662739128548],[104.048273099656626,1.435687471861402],[104.048277831319936,1.435722669907286],[104.048288248218199,1.435804483420611],[104.048296774564307,1.435858277408042],[104.048309080061969,1.435908696880397],[104.048315707305619,1.435939137826818],[104.04833273921551,1.435978139339785],[104.048341259511119,1.436015240698916],[104.048346938921924,1.4360475854071],[104.048352618332927,1.436079930115236],[104.048349786652494,1.436125593195599],[104.048349770960797,1.43624613951263],[104.048350725149433,1.436360297357285],[104.04835073510877,1.436466845123942],[104.048356420793453,1.436518217510183],[104.0483573920026,1.436564502428227],[104.048354554940971,1.436600654382575],[104.048346045181802,1.436628241705437],[104.048339422470036,1.436646319531922],[104.048338476138596,1.436673907947358],[104.048329018722896,1.436705300895744],[104.048329024948259,1.436771893249827],[104.04831956637625,1.436790920920084],[104.04830954824007,1.436822313017208],[104.048296079484587,1.436862942547191],[104.04828261431723,1.436893896357347],[104.048282619923413,1.436953870624357],[104.048276848649664,1.436967413922372],[104.048274926577776,1.436986761021518],[104.048249917223174,1.437008044726896],[104.048236446301445,1.437035129696666],[104.048211438030989,1.437068023541569],[104.048196048263492,1.437100913762821],[104.048196051879316,1.437139605788247],[104.048190278456815,1.437168627162763],[104.048178735721109,1.437184104523027],[104.048163345766454,1.437205386412992],[104.048146031931068,1.43722667029368],[104.048138336956228,1.437242149098372],[104.048140265169934,1.437278906521332],[104.048136415270861,1.437313730070707],[104.04812872173656,1.437335012136534],[104.048119103242101,1.437354359964103],[104.048115259276685,1.437394988582901],[104.048105643673878,1.437445288945662],[104.048095777920594,1.437501543621058],[104.048093522974781,1.437516670115905],[104.04807772642134,1.437533311786472],[104.048062683097783,1.437552220609633],[104.048064188750431,1.437567347652972],[104.048070960917016,1.437590793381431],[104.048067202508804,1.437614239202046],[104.048057424446966,1.437637686496638],[104.048035615659174,1.437666428133336],[104.048028094269554,1.43767399198573],[104.048004021540336,1.437679288371398],[104.047993918470326,1.437686516047016],[104.047961576370966,1.437695595237122],[104.047927724781403,1.437706186655117],[104.047898391231001,1.437716020698276],[104.047878081249962,1.437725098749491],[104.047855513182881,1.437734933961151],[104.047854762122014,1.437746278291217],[104.047844232553828,1.43776669967653],[104.047842728898118,1.437782582143108],[104.047835212282848,1.437793171974389],[104.047824681462743,1.437809811337174],[104.047805124588535,1.437829477532996],[104.047799107527069,1.43784763217201],[104.04779158571246,1.43785065705413],[104.047779549593528,1.437855952299975],[104.047772779564767,1.437865028166277],[104.047761502509871,1.437886964420646],[104.047752476686057,1.437902091555416],[104.047742697279091,1.437911167706098],[104.047728405576493,1.437924784157269],[104.047713361118753,1.437931592677042],[104.047699072304496,1.437937644178194],[104.047687788516285,1.437945207480911],[104.047678763237727,1.437956554401528],[104.047671137414113,1.43798129020114],[104.047653836614558,1.437997930203042],[104.04762901738232,1.43801532876659],[104.047605698795124,1.438032727188162],[104.047579370688297,1.438048612903857],[104.047544020401915,1.438070548717927],[104.047517692505593,1.438088702561385],[104.047489863610906,1.438103075427981],[104.047468800464998,1.438110640557418],[104.047439357216788,1.438110165835952],[104.047410291850767,1.438114782610649],[104.047381227813105,1.438124014320748],[104.047339928493969,1.438151704215326],[104.047324632939933,1.4381640085366],[104.047284858032427,1.438167090721257],[104.047274149924078,1.438180934730236],[104.047263441528969,1.438191700306548],[104.047246617512059,1.438194780325897],[104.047229791046064,1.438210162319332],[104.047205313410245,1.438219391786223],[104.047156360301273,1.438222474834196],[104.047089052302539,1.438222481178274],[104.04703550990925,1.43823325078995],[104.046988089896558,1.438247098256453],[104.046917725383324,1.438271715162428],[104.046871833830096,1.438294792354829],[104.04679644498836,1.438325772789443],[104.046770439745714,1.43833500420458],[104.046742902977982,1.438350388107269],[104.04670312820754,1.438355004976889],[104.046649590729928,1.438370393133249],[104.046606758014349,1.438384240161067],[104.046525683764571,1.43841500950264],[104.046479791775198,1.438433469943288],[104.046444608042947,1.438439627402303],[104.046368120521123,1.438464242155238],[104.046287045223096,1.438493474081554],[104.046227385171107,1.438513475931245],[104.046175374389961,1.438528862125365],[104.046152428129105,1.438530401686628],[104.046141721468544,1.438521173723282],[104.046123359190716,1.438496566974894],[104.04610041050806,1.438471958847866],[104.046072876516675,1.43846888571113],[104.046046870983361,1.438475039590124],[104.046011684650679,1.438491961610122],[104.045967325320461,1.438516576050238],[104.045948972093186,1.438541188051499],[104.045930615369016,1.438576565524587],[104.04591072933259,1.438593487917593],[104.045872487504909,1.438607334502428],[104.04584954166954,1.438613488092682],[104.045823535564566,1.438613490529789],[104.045805180058295,1.438613492249756],[104.04577917438003,1.438618108718285],[104.045759286492554,1.438615034861584],[104.045734806710954,1.438601194154362],[104.045701151655891,1.438570435585885],[104.045665961195041,1.438542752880416],[104.045624656538351,1.438522762307292],[104.045581822389579,1.438521226195883],[104.045540520053322,1.438516616029132],[104.045501202177761,1.438486859110751],[104.045463895975644,1.43845416374576],[104.045449545785416,1.438428198270456],[104.0454179781715,1.438387811711329],[104.045405543411036,1.438367616761835],[104.045391194276661,1.438362809634558],[104.045372064187006,1.438362811423144],[104.045356758763972,1.438365696850186],[104.045356758053913,1.438358003480749],[104.045358671085978,1.438337808093919],[104.04536345276226,1.438331074705116],[104.045389276450976,1.438331072290819],[104.045399798588676,1.438327225978796],[104.04540170722683,1.43829837317779],[104.04539597063706,1.438288755871852],[104.045386403989269,1.438276254927818],[104.045372055310409,1.438266640235672],[104.045370138461649,1.438245482066111],[104.045372050961049,1.438219515973935],[104.045400746720674,1.438221437764039],[104.045426569964192,1.438216626880575],[104.045450482626947,1.438209891702692],[104.045461003254303,1.438189694606579],[104.045472782320843,1.438164238553751],[104.045491909222363,1.438119999212271],[104.045504339985527,1.438096917941263],[104.045514860878413,1.438079605745517],[104.045533032101744,1.438059407933608],[104.04555311301705,1.438031517477875],[104.045566505458439,1.438000740034235],[104.045592325767345,1.437964193435528],[104.045621019035679,1.437939186169746],[104.045662146272932,1.437916101308439],[104.045721445796133,1.437884359139649],[104.045759700772138,1.437867046155365],[104.045774047849349,1.437859351442669],[104.045787437216475,1.437843960737187],[104.045811349162818,1.437829534900056],[104.045823316486945,1.437828464828701],[104.045864085519781,1.437828461010074],[104.045874955539503,1.437835746400214],[104.045909382660369,1.437839385926857],[104.045932937346734,1.43784849240853],[104.045943811298287,1.437859422358635],[104.045983670678226,1.437875814624435],[104.046010848480563,1.437884921669937],[104.046013931513968,1.437894314037856],[104.046021259470123,1.437903522423254],[104.046031336298569,1.437913649378125],[104.046038663402427,1.437913648691174],[104.046053315773975,1.437903519417812],[104.046072545733821,1.437895230082638],[104.046100019188572,1.437885097798056],[104.046463646736825,1.437638375750109],[104.04647392212739,1.437628836526733],[104.046485779935011,1.437619298963392],[104.046492891390272,1.437609761845865],[104.046493678583403,1.43759068887292],[104.046484193464465,1.437575588802874],[104.046473916158035,1.437564465266969],[104.046465220369882,1.437553339773752],[104.046461265998815,1.437537445158243],[104.046463635240613,1.437514397385592],[104.046463633545827,1.437496119416914],[104.04646047277717,1.437481813682919],[104.046457306543559,1.437466715732279],[104.046457304701377,1.437446846998814],[104.046462053210021,1.437421649345006],[104.04646837601193,1.437405752859946],[104.046470745386827,1.437393832301605],[104.046471533243434,1.437381910987415],[104.046475545078337,1.437377931437783],[104.046696495988741,1.437041599129024],[104.046698323080875,1.437025024798105],[104.04670839734402,1.437007528151793],[104.046730556769063,1.43698065941748],[104.046745842913211,1.436963820653366],[104.046757495077159,1.436955767159159],[104.046820940256737,1.436793947227464]]]}},
{"type":"Feature","properties":{"OBJECTID":34,"CLASSIFCTN":"NATURE RESERVE","INC_CRC":"E6C29DAB413C5AAF","FMEL_UPD_D":"20251230175800","SHAPE.AREA":310009.65179385,"SHAPE.LEN":3484.33986945792},"geometry":{"type":"Polygon","coordinates":[[[103.797995342468056,1.416334176211015],[103.797992947726826,1.416334488179777],[103.797982183538849,1.416334793689525],[103.797958035282107,1.416308939367717],[103.797932923755468,1.416282053151814],[103.79790559724654,1.416252795659797],[103.797871366102257,1.416216145791863],[103.797762627076409,1.416099722655942],[103.797621477433793,1.415948598575592],[103.79757375512493,1.415897503091942],[103.797430347271856,1.415868680597535],[103.797373067879775,1.415857168962405],[103.796565372264084,1.415694837392053],[103.796304787164146,1.415644683536619],[103.796104568999397,1.415606148084683],[103.795873145680901,1.415674170574879],[103.795174335675043,1.416006992997056],[103.794879347947628,1.415968940605746],[103.793822148673385,1.415552815927289],[103.792682379091474,1.415624582686239],[103.792451010532432,1.415639149701146],[103.792421783948797,1.415640620582186],[103.791632899813479,1.415680319764298],[103.790710957000172,1.415737313982278],[103.790472884932981,1.415753389152457],[103.790403060093837,1.415758673858281],[103.79037154658225,1.415761269699046],[103.790371610385932,1.415761054461675],[103.79003486514469,1.415786543979102],[103.789798934370751,1.415804400716],[103.789158957955152,1.415883187549914],[103.789086619692341,1.41589209323953],[103.789083099916738,1.41589252636213],[103.788980956395221,1.415901852909227],[103.788947869445863,1.415904873751039],[103.788544692278464,1.41594168621039],[103.788489833400135,1.415947319328813],[103.788410904871498,1.415957305583359],[103.78840940063229,1.41595749456603],[103.788409329643684,1.415957504512646],[103.787822540638672,1.416031745772919],[103.787816592264534,1.416017614973455],[103.787694256149251,1.415726961834655],[103.787172247183335,1.414486746023327],[103.786957583081175,1.413976734881321],[103.786954912452217,1.413978198992391],[103.786592384425987,1.414176908404006],[103.786180924145711,1.414402448321125],[103.786067354977021,1.414464700580361],[103.786048549557549,1.414454410345463],[103.785853352584326,1.414347599181551],[103.785675233082046,1.414250132239558],[103.785444655537461,1.414126181715691],[103.785364584973749,1.413741370614831],[103.785250402951348,1.413018674077221],[103.785102199521987,1.413041722310409],[103.785076167388226,1.413045887265292],[103.785093105145847,1.412682706036313],[103.785106027137559,1.412405609288022],[103.785115082597429,1.412211447125741],[103.785116221287183,1.41220265402184],[103.785117418392588,1.412193494651883],[103.785124205584566,1.412141561711536],[103.785133880388074,1.412067542462545],[103.785137348578104,1.41204100398387],[103.785141027070296,1.412012858455378],[103.785146328664339,1.411972296047914],[103.785148135106695,1.411958477409156],[103.785150176116929,1.411942863613441],[103.785153541851614,1.41191710921584],[103.785159017672854,1.41188130738216],[103.785160638041404,1.411870711891502],[103.785161720084574,1.41186363436419],[103.785214251116741,1.411878322324376],[103.785365760916875,1.411916218311493],[103.785986654221404,1.412046812186295],[103.786742433121219,1.412239483238178],[103.78729154017347,1.412378975161047],[103.787411130613066,1.412409354213131],[103.787637502214722,1.412467094184004],[103.78763733955455,1.412467917151725],[103.787649623162281,1.41247128162758],[103.787649793909551,1.412470467703656],[103.787764399148557,1.412493359412262],[103.787764075634087,1.412494562209573],[103.787778128551381,1.412498288465125],[103.787778497903602,1.412496579225077],[103.787979178172776,1.412547706853261],[103.788075347234326,1.412564956763901],[103.788176542971541,1.412583107515099],[103.788340956890963,1.412604327096054],[103.788340470720826,1.412606144857569],[103.788355082591963,1.412608234222309],[103.788355280315542,1.412606434542433],[103.788491083244963,1.412627997213553],[103.788860696939949,1.412722646020705],[103.78900470420524,1.412732054172048],[103.789291461149389,1.412728026197122],[103.789383754876695,1.412731980024925],[103.789508810788746,1.412750521857392],[103.789661138632908,1.41277793600696],[103.789783148206951,1.41280374794682],[103.789900206509429,1.412832980090694],[103.790024336566631,1.412868867573813],[103.791410595094121,1.413352953836535],[103.79277816366519,1.413833982204049],[103.793620610730187,1.414129036480658],[103.794549968837615,1.414455183943257],[103.794897153951453,1.414574629074424],[103.795372098765412,1.414728469214067],[103.795593726120174,1.414795440987288],[103.796057988069478,1.414927667423731],[103.796931806541451,1.415165998418303],[103.796966105474738,1.415175358220161],[103.796989504554517,1.415184023298341],[103.79729719687316,1.415311281153393],[103.797389957663938,1.415336442001537],[103.797453442653634,1.415350198363443],[103.797777490492251,1.415400024784768],[103.797945058381941,1.415446035965824],[103.797963327793809,1.415490155632425],[103.797984366551759,1.41554096220703],[103.798080090325328,1.415842226234054],[103.798134078512589,1.416011372022328],[103.798155337194515,1.416077977833592],[103.798159107470397,1.416091122818397],[103.798162036665559,1.416104444141309],[103.798164139157365,1.416117941802515],[103.798165400569502,1.416131545261442],[103.798165818207238,1.416145183977664],[103.798165377693167,1.416158856142253],[103.798164093406243,1.416172460466673],[103.798161967144694,1.416185922793113],[103.798158454366487,1.416199101128167],[103.798153009581924,1.416215107379176],[103.798151827898607,1.416217786086596],[103.798136218074532,1.416248014206737],[103.798131283800004,1.416256567603747],[103.798121277939018,1.4162622694643],[103.798109505438859,1.416269000463753],[103.798017772312207,1.416321370764258],[103.797995342468056,1.416334176211015]]]}},
{"type":"Feature","properties":{"OBJECTID":35,"CLASSIFCTN":"NATURE AREA OTHERS","INC_CRC":"A757D3B95A9F5098","FMEL_UPD_D":"20251230175800","SHAPE.AREA":7549885.9848753503,"SHAPE.LEN":29657.711258810399},"geometry":{"type":"Polygon","coordinates":[[[103.979836297946918,1.415170838567439],[103.979390105060659,1.415331868459091],[103.979110386957302,1.415800615565101],[103.978000481928817,1.416960628924463],[103.977057631384199,1.417529585347087],[103.976168464758544,1.417999022200785],[103.975277100531045,1.418244358194896],[103.975275878474548,1.41824469288393],[103.975245236308822,1.418253124324703],[103.975166801852865,1.418274715358318],[103.975152254783808,1.418306522636185],[103.975118260503336,1.418293819362476],[103.974812087554824,1.418182908373781],[103.974729877115735,1.418202492847531],[103.974253608037657,1.418193424201681],[103.974163749362205,1.41820698517453],[103.974011003452773,1.418270282620593],[103.973634881182875,1.418550025413319],[103.973625036840659,1.418320715287074],[103.973412684408927,1.417881009728476],[103.973238823092117,1.417248473903811],[103.97275713345428,1.416750760796901],[103.971302882381863,1.415989730696194],[103.97045228059811,1.415544598763024],[103.969518646182351,1.415775655148518],[103.969154806199725,1.41588147786188],[103.968563097434327,1.416047833772489],[103.967899638559658,1.41623390881076],[103.967636410392686,1.416309555920136],[103.967266199304319,1.416416430494865],[103.967249965259484,1.416428627657307],[103.967201739204896,1.416462267280597],[103.966683152904196,1.416824003063943],[103.966629544520885,1.416735660001017],[103.966556261553919,1.416614890385558],[103.966504648228323,1.416529832748455],[103.966444620658535,1.416430907212899],[103.964920291888987,1.413918854802642],[103.964720909628213,1.413714604351022],[103.964650647051684,1.413642624787804],[103.964249075937218,1.413370638251152],[103.964167903823167,1.413317429314062],[103.964159136012938,1.413311681688814],[103.964044558911255,1.413240345807676],[103.963968839490775,1.413204553653754],[103.963872049602571,1.41316047783217],[103.963769297718798,1.413134457018004],[103.963631473327155,1.413110913416598],[103.963532617147706,1.413107083596633],[103.963426461746636,1.413119038006941],[103.96330456234098,1.413132694403128],[103.96317993957409,1.413150856475792],[103.963046686700963,1.413183437264222],[103.962920127657384,1.413221037780912],[103.962784545370923,1.413264909640654],[103.962656911339295,1.413330097755685],[103.962556374799163,1.413375109847837],[103.962466593667429,1.413424719108817],[103.962366816623316,1.41348964067252],[103.962258559252945,1.413547719401566],[103.962144696376853,1.413636069232124],[103.962018114267849,1.413745140501417],[103.961934776581401,1.413838670612813],[103.961838033248441,1.41392216034094],[103.961774594595781,1.413997276535727],[103.961717565551055,1.414056151845636],[103.961680436475831,1.414097067233338],[103.961658115358787,1.414141249255539],[103.961648383345207,1.414184156331758],[103.961655368789224,1.414214058661637],[103.961692007720316,1.414247326279989],[103.961753358645481,1.414280759828847],[103.961830875220656,1.414316110626435],[103.961976245868811,1.414353727585395],[103.962169195338191,1.414401162340605],[103.962468058718727,1.414471926394289],[103.962630467835055,1.414516442635226],[103.962804987341428,1.414563753566034],[103.96297715788171,1.414625977538044],[103.963105372499598,1.414674787765994],[103.963226360102013,1.414728977536235],[103.963337473104346,1.41478219657201],[103.963411356987123,1.414822046716336],[103.963514795456774,1.414880190424551],[103.963580059896373,1.414932195669324],[103.963649377009801,1.414985133984036],[103.963809440875806,1.415110153823748],[103.964004569211795,1.415232694616757],[103.964024138331425,1.415243941956537],[103.964234706095652,1.415364967951044],[103.964462583573933,1.415474359232285],[103.964546208176642,1.415514501795048],[103.964581304454001,1.415534601040707],[103.964625612110169,1.415554348868727],[103.964679745309795,1.415581399759657],[103.964730669271162,1.415617463699325],[103.964778455347442,1.415653054835628],[103.964820407755639,1.415687698532762],[103.964852569436985,1.41571097496334],[103.964850752569149,1.415776033931721],[103.9648208384112,1.415851334589389],[103.964789855957918,1.415912893534187],[103.964715555410393,1.416022631193067],[103.964546067358668,1.416238312089803],[103.964436334707244,1.416380861996652],[103.96436596373826,1.416460277084658],[103.964299702754104,1.416521168803871],[103.964241960544896,1.416553349270986],[103.964162174297073,1.416586741929386],[103.964074310580301,1.416618720622372],[103.963990170512034,1.416633083946427],[103.963895257116505,1.416644207550867],[103.963758924025882,1.416666363091557],[103.963616694788826,1.416695263686662],[103.963470833790495,1.416730021124145],[103.963171399817554,1.416810339911036],[103.963070487831317,1.416844493388752],[103.962996149253911,1.416870230281261],[103.962928541186088,1.416897822542672],[103.96287628259735,1.416922472050346],[103.962850762725125,1.416938061967047],[103.962826572038693,1.416956849631347],[103.962793981300379,1.41699055702117],[103.962773551801817,1.417020275492192],[103.962749584211295,1.417043533402673],[103.962725885872402,1.417060958165466],[103.962687271313925,1.41708393112035],[103.962654810761848,1.417099544938531],[103.96261693987141,1.417116029960386],[103.962560619456468,1.417136910310538],[103.962492627152258,1.417155000454392],[103.96241975592072,1.417164011079325],[103.962362246729029,1.417169663850644],[103.962321608952792,1.4171674504422],[103.962249120489616,1.417159707741364],[103.962187614893779,1.41714201734995],[103.962134898307326,1.417123221335135],[103.962064801559265,1.417093365043965],[103.962004301506596,1.417059802140145],[103.961943177640435,1.417022676988933],[103.961886104591429,1.416985367119968],[103.961809733767339,1.416920063811874],[103.961689548824083,1.416806273785593],[103.961610054807949,1.416729745707069],[103.961463251345933,1.416571792648293],[103.961276006885285,1.41634526317592],[103.961144893104418,1.416193297903516],[103.961014182253848,1.416047667653064],[103.960902688594203,1.415918902674853],[103.960732930169314,1.415698823895437],[103.960674019993974,1.415636455134806],[103.960610261236269,1.415560937221151],[103.960562443470536,1.415519903545427],[103.96047423650451,1.415470004830631],[103.96039482113278,1.415450021912445],[103.960315322808768,1.415441345325987],[103.960224452191781,1.415452947865402],[103.960124888086355,1.415487111991177],[103.96006305486803,1.415524694334343],[103.959995739262581,1.415576716016476],[103.959942745756564,1.415636973836542],[103.959915351260065,1.415699216227811],[103.959891572573568,1.415759671401527],[103.959872748577226,1.415884394768232],[103.959732796763788,1.417595848208712],[103.959706517960498,1.417917210062395],[103.959479794148166,1.417923094525464],[103.959198922484646,1.417930286923249],[103.959141116307109,1.417745085847343],[103.959178267898466,1.417520187141866],[103.958914674093649,1.417456905263198],[103.958670124285433,1.4173982155693],[103.958787541220133,1.416271058815213],[103.958818273332412,1.416112874323243],[103.958910378605268,1.415950284053572],[103.958967279886409,1.41583606910642],[103.959036700417968,1.415608057636856],[103.959317692801932,1.415178814123862],[103.959493539609582,1.415061382178882],[103.959754703088976,1.414870447163351],[103.959839931546512,1.414827061161032],[103.960290960645679,1.414702868412063],[103.9605722989334,1.414542861372341],[103.960686905209627,1.414391564377933],[103.960900198743346,1.413832086412408],[103.9609875069753,1.413682880896059],[103.961325015577145,1.413374429648781],[103.961503354396314,1.41315098815617],[103.961563595777889,1.412828300424756],[103.961539120023559,1.41271148448131],[103.961446623669403,1.412602523075563],[103.961296680192305,1.412498276573329],[103.960907725043967,1.41211455028876],[103.960698814504113,1.411973019259726],[103.960551937676357,1.411913032899845],[103.960423959611774,1.411881295942077],[103.960315465356103,1.411879150430761],[103.96005276449128,1.411899124117079],[103.959972142703521,1.411883871954837],[103.959838529466708,1.411832583876015],[103.959803715972171,1.411789122156145],[103.959795850291314,1.411732293398659],[103.959805488352089,1.411662972638673],[103.959780910523335,1.41146780367403],[103.959734464033673,1.411325685764963],[103.959672644594633,1.411200517338223],[103.959621703897341,1.411050919694962],[103.959606094869201,1.410872616582465],[103.959573445715179,1.410805667559483],[103.959376051771059,1.410600208237584],[103.959316070855479,1.410441260880136],[103.958865906765666,1.410411531854024],[103.958474128352861,1.410318403818418],[103.957779624521777,1.410025012047993],[103.957501219350263,1.417690967481203],[103.957496483479673,1.417819889935034],[103.95729664633528,1.417844141223842],[103.95702707375915,1.417907433927189],[103.956609224866867,1.417943576565108],[103.956495938253312,1.417926292139048],[103.956321791907982,1.417750718702999],[103.956191317309305,1.41775362867478],[103.956137372781754,1.417708404419411],[103.956047513661787,1.417699356551446],[103.955877475940085,1.417733395844907],[103.955895121674061,1.417856651284207],[103.955821888981333,1.417879644062071],[103.955823909351054,1.418057197314192],[103.955788340671901,1.418161182731971],[103.955708262175435,1.418228643343191],[103.955738494501261,1.418302320093552],[103.95565875991403,1.418399371404647],[103.955547245465013,1.418933348739088],[103.955562119643815,1.418947980522913],[103.955532878621455,1.418963103007322],[103.955518015225749,1.41894847122273],[103.955459636005855,1.418986095777307],[103.955430325402688,1.418993811540705],[103.95537921445856,1.419023965678572],[103.955387079417321,1.419068278991378],[103.955350507723779,1.419083483255455],[103.955290954909003,1.419017522262517],[103.955239673354782,1.419032881046672],[103.954940209944596,1.419198937744656],[103.954683829088594,1.419275722572976],[103.954647338644222,1.419298315458685],[103.95435354652686,1.41931631870429],[103.95425073961718,1.419324834160463],[103.954191520838634,1.419288481927489],[103.953999515620168,1.419209179477847],[103.953933632402226,1.419232098561479],[103.953793990248528,1.41923361707271],[103.953551048262568,1.419199273083068],[103.95346995866278,1.419177952468865],[103.953462599238762,1.419178035150417],[103.953440475655157,1.419170873760202],[103.953417584838803,1.419097132381685],[103.953424258283675,1.419037860153463],[103.953364624267252,1.418964519516822],[103.953334220510015,1.418876056421573],[103.953339368483171,1.418683616980935],[103.953301862385459,1.41868402680527],[103.952958661855291,1.418813558357195],[103.952812510562595,1.418889142578899],[103.952511945770382,1.418959002051657],[103.952357631504384,1.418960692159287],[103.951225082221868,1.419550177480023],[103.950925951491627,1.419745824391512],[103.95063333353167,1.419867394644376],[103.950458222491037,1.419980286042937],[103.949873571302447,1.420275237273491],[103.949610688043791,1.420426089138982],[103.949455588566238,1.42036117283631],[103.949390129443074,1.420421090129586],[103.949501369987971,1.420508662924234],[103.949386903634178,1.420783703292172],[103.949227755106861,1.42100741432329],[103.949120640941814,1.421282345786768],[103.949115899737578,1.421511791717232],[103.949065465535099,1.421601127142828],[103.94894897741213,1.421698578024216],[103.948876664222013,1.421802954089455],[103.948767427317833,1.4218929436109],[103.948089676375503,1.422626668462358],[103.947238314490491,1.422911730568583],[103.946970671936086,1.422973031564784],[103.94683293252946,1.423080756957053],[103.946678916092608,1.423115294026841],[103.946416302442884,1.423462427398881],[103.946304857085451,1.423506401172172],[103.946157692596572,1.423564468469634],[103.946028173354762,1.423615573110934],[103.945756353328235,1.423866320860774],[103.945167648792435,1.423993964214045],[103.944859687412887,1.423890583503034],[103.944240235257084,1.424044988195518],[103.943731562976751,1.424238817581185],[103.943510388194937,1.424266346163455],[103.943508180373911,1.424266621195749],[103.942941455064897,1.424337159698606],[103.942247640885583,1.424781505956903],[103.94196978072236,1.424837354481529],[103.941416982254225,1.425154495265347],[103.940243166266086,1.425606604917069],[103.939618445730119,1.425741573916566],[103.939272387923964,1.426095620674761],[103.939033676213043,1.426068853549723],[103.938531824657005,1.426312819375616],[103.93830703316911,1.426508153878605],[103.93751630095484,1.426716527992668],[103.937300626758685,1.426838961340835],[103.936610308297091,1.426988419517916],[103.935523303232472,1.427625637797547],[103.934941626925152,1.427615742881135],[103.934367890047625,1.427923396243651],[103.933711486027391,1.428102461811217],[103.93359623811395,1.428019410225758],[103.933349481108209,1.42751368347127],[103.932932468199212,1.427237048161732],[103.932729068508621,1.426921641610749],[103.932542501966878,1.426769246548815],[103.932398537321163,1.426651650397401],[103.931397630942101,1.426387013763915],[103.930482843570402,1.426072208029563],[103.930361954559785,1.425818494247155],[103.930353757256668,1.425788384748017],[103.930353582004599,1.425787740849311],[103.930310812415385,1.425630643130387],[103.930309864256927,1.425627160470382],[103.930228104784007,1.425511601773404],[103.929923142140552,1.425080571048617],[103.929179222271756,1.424329176484379],[103.928391388596069,1.424011208291551],[103.928267916975116,1.423879321167012],[103.927863390676947,1.423898826908422],[103.927526389669595,1.42382686256606],[103.927041429792396,1.423826266581398],[103.926401501218066,1.423653597378304],[103.926655265517908,1.42349460823996],[103.926620003301821,1.423232118411114],[103.926507726926445,1.423067411404278],[103.926607591387082,1.422948827309551],[103.926515931356775,1.422627230625888],[103.926373237910269,1.422465834812295],[103.9263854461298,1.422375786924732],[103.926989782290718,1.422129042241918],[103.927287228851753,1.421798676345685],[103.927482340672455,1.421828765536989],[103.927483968812084,1.421648761126554],[103.927421226749019,1.421140683712246],[103.927603683049639,1.420645121661902],[103.92813654198234,1.42032658319832],[103.928260819596403,1.420176318210874],[103.928262597144055,1.419915445686885],[103.928148917603536,1.419715577190538],[103.928049846335881,1.41966802084421],[103.928068448238818,1.419475020041979],[103.928558108600896,1.419651209440663],[103.928558500391048,1.419651350504996],[103.92855905331497,1.419636531595754],[103.928559094603997,1.4196354065669],[103.928567287922704,1.419415609929435],[103.928258148257484,1.419232959549063],[103.928242735035596,1.419173100421161],[103.928381209134528,1.418994953343473],[103.928512390945613,1.418921160967189],[103.928655376026924,1.418965179417077],[103.928774078466191,1.419159973301858],[103.929026671087257,1.418931268480434],[103.929113655169232,1.418732006638026],[103.929649766503076,1.418417455965789],[103.930104773804416,1.417733078541336],[103.930141938391003,1.417709455026383],[103.930208755923687,1.417459251251995],[103.930380870738972,1.417445759954],[103.930657004267104,1.417175642312837],[103.930888158217627,1.417231323177185],[103.931581597801937,1.41699653019961],[103.931744688635888,1.417358602880271],[103.93215326425846,1.417501764055823],[103.932617078363123,1.417487617949841],[103.933437515677213,1.417077761483337],[103.933569357128249,1.417095979555798],[103.933666967248215,1.417226393423703],[103.933724304722205,1.417173973167306],[103.933673719514147,1.417107703686836],[103.933918067723013,1.416586129972794],[103.93414172862083,1.415816090774973],[103.934297983733018,1.415814393679667],[103.934422260351297,1.415655933064983],[103.934796694463373,1.415499444711668],[103.935365912210713,1.415483692717023],[103.935728313247168,1.415511413441364],[103.936174850551225,1.415372284522717],[103.936268330488886,1.415372741574564],[103.936417672483017,1.415304256574136],[103.936638030149297,1.415245327494202],[103.936933600484508,1.415189316105613],[103.937252743817083,1.415041492742369],[103.937499398719282,1.414482649833367],[103.93756826527995,1.414459051001469],[103.93772716928315,1.414215372399686],[103.937885691690965,1.414280425053302],[103.938091450145052,1.41428721652301],[103.938367485816556,1.414088117627115],[103.938445225079846,1.414126459052737],[103.938472503689141,1.414271707457038],[103.938266969527419,1.414457029719847],[103.938308002456282,1.414515005622746],[103.938952699173214,1.414278215015396],[103.939205719417558,1.414002589932579],[103.940239479916372,1.413233173159641],[103.940770413306765,1.412936075423155],[103.941107068263605,1.412722811091103],[103.941489590491329,1.412606003853739],[103.9420105966379,1.412380675608245],[103.942248537499708,1.412286132311554],[103.9426001047852,1.412200227514793],[103.943241691129501,1.411922539767353],[103.943326839275983,1.411885686569473],[103.943505769883501,1.411808242928267],[103.943946637864144,1.411901814316525],[103.94399636715859,1.411898134798228],[103.944116263082904,1.41188926268493],[103.94411863615575,1.411906364061559],[103.944117858835369,1.412000327337982],[103.944176739043726,1.412104696962321],[103.944162269177312,1.412238389529493],[103.944337368366917,1.413584063104764],[103.944470317384784,1.414598796352638],[103.945250312577514,1.414363879486118],[103.945411140882939,1.414315441271781],[103.945669658529454,1.4142967147286],[103.947129823261932,1.414190944016935],[103.948237392602834,1.414190717283322],[103.948745036036712,1.414668312695875],[103.948898001457124,1.415197094592754],[103.949318577019582,1.415408413842097],[103.949962949330228,1.414977778376021],[103.950584660236032,1.41618056642888],[103.951779193100165,1.415778272234008],[103.952432341617197,1.415561633926365],[103.952671755839901,1.415482223986595],[103.953555235579614,1.415189187411029],[103.953919661766761,1.415108517379337],[103.954168872614702,1.41505333825283],[103.954201716908813,1.414725324463792],[103.954350800428202,1.414016477774622],[103.954282259320649,1.413552796923947],[103.954144214457642,1.413122752925648],[103.953910445480162,1.412732352097444],[103.953607970476398,1.412335325843084],[103.953241337789208,1.41196037834526],[103.952591467426657,1.411329429573925],[103.952214293584959,1.411110114084946],[103.951666873089437,1.410870920326325],[103.951319793813937,1.410846674029749],[103.951128481822309,1.410795608128554],[103.951078355789306,1.410743133078691],[103.951033123251179,1.410686332654639],[103.950993150975251,1.410625667421764],[103.950958763076116,1.41056162928317],[103.950930238387528,1.410494737491116],[103.950907808201478,1.410425534436665],[103.950891654392777,1.410354581251717],[103.95088190794435,1.410282453259077],[103.950878647885105,1.41020973530746],[103.950879570877021,1.41017095113074],[103.950882341697664,1.410132256187002],[103.950886953965252,1.410093739598404],[103.95077677670163,1.410020895505581],[103.950673227163733,1.409938791526197],[103.950577071529594,1.409848035159489],[103.95048902126868,1.409749297924961],[103.950409727877627,1.409643310393715],[103.950339778059728,1.409530856782848],[103.950279689383805,1.409412769152915],[103.950229906454695,1.409289921251396],[103.950190797623478,1.409163222047711],[103.950162652262065,1.409033609007621],[103.950145678622079,1.408902041156785],[103.950140002293935,1.40876949198479],[103.950140412053884,1.408733746173202],[103.950141644849552,1.408698019520953],[103.950143700018657,1.408662331220118],[103.950015184488635,1.408369470310115],[103.949914068933126,1.408065923630141],[103.949841216198536,1.407754281426166],[103.949797247956965,1.407437203025461],[103.949782539401312,1.407117394143836],[103.949784623925424,1.406996650475387],[103.949790886897262,1.406876053198939],[103.94980132071278,1.406755748735149],[103.949911376365804,1.406537912213674],[103.950180543576366,1.406005147989215],[103.950324283906454,1.405869495472196],[103.950387141502986,1.405724803407601],[103.950494917179356,1.405557500021858],[103.950589256818134,1.405507765289546],[103.950724043204815,1.405489679373371],[103.95083189326806,1.405534919152001],[103.950998119224224,1.405480658048605],[103.951645158253896,1.405602795429215],[103.952629156126321,1.405715916923674],[103.952646479340444,1.405722838924512],[103.952727184420453,1.405755088845757],[103.953003706017469,1.405774183771807],[103.953461787943525,1.405776610924279],[103.953462234538875,1.405776613614258],[103.953481724786485,1.40577671660683],[103.953447198393789,1.405931468299995],[103.953290259869263,1.406102049043217],[103.953212037081002,1.406166231137081],[103.953290604074141,1.406279007349632],[103.953359147471559,1.406463719744915],[103.953367536891449,1.406486324743575],[103.953496945092738,1.406499632964483],[103.95349545713573,1.406712293767065],[103.953554126113374,1.406915942196681],[103.953565640796981,1.406955911686947],[103.953369540152295,1.407248627654285],[103.953344577575237,1.407442884096557],[103.953329979399129,1.407464310092624],[103.953319718355615,1.407479370059944],[103.953225294286696,1.407617959380161],[103.95320933575627,1.407641381372943],[103.95320092924689,1.407653719114268],[103.953063633160085,1.407727258982488],[103.952764954700314,1.408108833774715],[103.952837195024671,1.408349046687628],[103.952836608154385,1.408470656277784],[103.952850293805028,1.408651573191965],[103.952832130971245,1.408779467196084],[103.952832050127881,1.408780038757052],[103.952832441013385,1.40878007491135],[103.953008446484418,1.408832852527466],[103.953018283424427,1.408835802047893],[103.953021312594529,1.408836710775137],[103.953110515324383,1.408844206940951],[103.953240304923142,1.408810015339996],[103.953299564126027,1.408764007375905],[103.953439128687236,1.408698307286234],[103.953500639304337,1.408573782492857],[103.953678061889363,1.408522514042829],[103.953798391547522,1.408530511390643],[103.953938206987488,1.408451300092195],[103.95400878862884,1.408411459270855],[103.954015743237392,1.408403229214558],[103.954128346066398,1.408273387714159],[103.954131258200562,1.40827002876195],[103.954294627246639,1.408364737682784],[103.954297006765316,1.40836611761489],[103.954386949599055,1.40836759968706],[103.954396048657244,1.408367749335603],[103.954550343863175,1.408463117990945],[103.954553602228955,1.408465131834484],[103.954688112459436,1.408456510742996],[103.954693825630741,1.408456144177052],[103.954778725213046,1.408484491473965],[103.954867951130083,1.408506199619533],[103.954957005644118,1.408514914802495],[103.954957002068639,1.408515278356189],[103.954968246992593,1.408516378374127],[103.954966888368503,1.40865565922792],[103.955030829091953,1.408747139313489],[103.955037144802333,1.408756175366045],[103.955040955077294,1.408761627563884],[103.955055475528155,1.408749084204974],[103.955055480919896,1.408749088726493],[103.95505586279495,1.408748650995245],[103.955065801150766,1.408736629354084],[103.955075117599506,1.40872411340112],[103.955083787909544,1.408711135689744],[103.95509170579335,1.408697343485063],[103.955098274694393,1.408682851434742],[103.955103434211637,1.408667792793173],[103.955107136903308,1.408652306024554],[103.955109348723184,1.408636533529709],[103.955110276603904,1.408609793164086],[103.955108851739439,1.408583074951672],[103.955105085289802,1.408556588158786],[103.955105063724091,1.408556593586083],[103.955099779827265,1.408534869281467],[103.955099772637055,1.408534839437901],[103.955094353924309,1.408512564383938],[103.955078384335764,1.408478461734803],[103.955054616783045,1.408443161215759],[103.955054431660699,1.408442886299454],[103.955038520125782,1.408419255253775],[103.954996823439117,1.4083722034926],[103.954975977852712,1.408349845142787],[103.954975867320826,1.408349725772816],[103.95495847877531,1.408331075125223],[103.954913762680079,1.408280677381588],[103.95489292511111,1.408256940782844],[103.954892829855751,1.408256833168769],[103.954845317180713,1.408202710503414],[103.954845254276222,1.408202639062107],[103.954797380351806,1.408148104929822],[103.954797348899589,1.408148069661347],[103.954747863723568,1.40809170066188],[103.954747835865817,1.408091668106314],[103.954728903407997,1.408070101874609],[103.954728898016228,1.408070096448729],[103.954725660231659,1.408066407725979],[103.954713819732021,1.408051463765089],[103.954713805353805,1.408051446582961],[103.954712058400418,1.408049349459108],[103.954678718944876,1.40800737215055],[103.954647256568961,1.407963952082335],[103.954617732830712,1.407919174208399],[103.954597473824734,1.407886536348971],[103.954578383807132,1.407853192354123],[103.954560487047843,1.407819184615469],[103.954557161366779,1.407812526507409],[103.954553881442322,1.407805845448113],[103.954550647430864,1.407799141756086],[103.954529014148065,1.407748884341542],[103.954507932932614,1.407698389853599],[103.954487406348917,1.407647664434654],[103.954463410870233,1.407583275117102],[103.954437186152916,1.407504244295389],[103.954418846847901,1.407449393891543],[103.954406755461704,1.407413393681954],[103.954382111946074,1.407328393987578],[103.954356668367339,1.407237054757079],[103.954317419434474,1.407084961209168],[103.954285826567954,1.406935562259272],[103.95425973427821,1.406810408966192],[103.954228294526217,1.406667747503279],[103.954200557062137,1.406527509536602],[103.954189132174349,1.406451543725427],[103.954188715421665,1.406385353493578],[103.954190442382952,1.406364293481091],[103.954193736326289,1.406343423529556],[103.954198578638938,1.406322861566586],[103.954207558394501,1.406296609298397],[103.954218642567994,1.406271184630939],[103.954231756810657,1.406246758103973],[103.954246813156743,1.406223493562082],[103.954263710613574,1.406201547055662],[103.954270449534121,1.406192900099445],[103.954312968176836,1.40614898296906],[103.954313090376175,1.406148831029863],[103.954358712963241,1.406092195694364],[103.954358747107165,1.406092153187575],[103.954379563226013,1.406066310862384],[103.954379678237245,1.406066169775918],[103.954402447748009,1.406037902754167],[103.954411768143117,1.406026332765],[103.954431162948239,1.406005228465996],[103.954443416223853,1.405991895722145],[103.95444352854031,1.40599177362742],[103.954476313262603,1.405956100262028],[103.954476337522919,1.405956073129914],[103.954494389920782,1.405936430349523],[103.954509035048531,1.4059197549586],[103.954545227804672,1.405878545814774],[103.954545260151704,1.405878508734239],[103.954548370859698,1.405874966185884],[103.95454848946558,1.405874831429747],[103.954571420828515,1.405848721301493],[103.954608397720378,1.405801230417599],[103.954608426473101,1.405801193337251],[103.954642946803361,1.405756856091498],[103.95464295938271,1.405756840716696],[103.954650589634312,1.405747039747109],[103.954658476829536,1.405736255722588],[103.954658620592511,1.405736059468521],[103.954658740095468,1.405735895772764],[103.954678255916505,1.40570921155236],[103.954678334087674,1.405709105737916],[103.954678464372805,1.405708926667434],[103.954700780875442,1.405678414136202],[103.954701020777932,1.405678048761416],[103.954717630656447,1.405652761027609],[103.954717701638813,1.405652652500459],[103.954731221537031,1.405632070323539],[103.954731266462574,1.405632001589678],[103.954739082611454,1.405620101585992],[103.95459154479272,1.405522053852053],[103.954571843609955,1.405508961528539],[103.954598824070985,1.40508390094559],[103.95473133067857,1.405048351690732],[103.954733618435668,1.405047737509326],[103.954895364997597,1.405083921612231],[103.954935304240124,1.405118382946571],[103.954952912733233,1.405133577113997],[103.954893429634566,1.404983134189403],[103.954892690005295,1.404981264911941],[103.954860814048999,1.404900645423821],[103.954850140826665,1.404903151065083],[103.954848512384231,1.404899035398966],[103.954889342996381,1.404898350468544],[103.954933858688165,1.404897602943453],[103.954990245247203,1.404821689654929],[103.955036308718917,1.40475967333233],[103.955014158332659,1.404752864647461],[103.955076439004316,1.404561643088869],[103.955033766948915,1.404262057335276],[103.955081177711349,1.404119545491672],[103.955286607757046,1.403876659267897],[103.955360895054852,1.403734073660613],[103.955399475409394,1.403643092820882],[103.955401661225252,1.403340140491327],[103.955505643296419,1.403133877195567],[103.955627854543081,1.403042666770819],[103.955540891972248,1.402909611663107],[103.955612260257141,1.40279430176086],[103.956113414404513,1.402577888671678],[103.956111571324939,1.402558906211665],[103.956101280771662,1.402351816912026],[103.956155149290709,1.402152854439564],[103.956447057909557,1.401727806985397],[103.956631310146335,1.401868000461931],[103.956707658021486,1.401782091075224],[103.956577331480858,1.401678078270674],[103.956568321323928,1.401555980842249],[103.9566985402532,1.401320848883865],[103.956797371767493,1.401257547352454],[103.956952815252677,1.401050132738271],[103.956966943630931,1.401033078435171],[103.957014317350826,1.401044167918285],[103.957106412150893,1.401065725725848],[103.957197567197497,1.401056109319778],[103.957273209441695,1.40106899426059],[103.957286956940465,1.401071335826119],[103.957347205013903,1.401124129266628],[103.95740613062361,1.401198628366126],[103.957470378247606,1.401216612699701],[103.957573671910396,1.401218264884988],[103.957659935858828,1.401240284205304],[103.957710285346735,1.401279085876456],[103.957729704644635,1.401365836658721],[103.957701975352549,1.401450857202875],[103.957592633689501,1.40162638250546],[103.957490920201437,1.401804613247961],[103.957438503165562,1.401904129315312],[103.957436792762493,1.401964705375858],[103.957449891884622,1.402025698461614],[103.957485904145983,1.402091186812055],[103.957628467146307,1.402237419945614],[103.95770709890148,1.402265325255595],[103.95777539606145,1.402292797021891],[103.957838270678479,1.402293614818224],[103.957901107798392,1.402265040853476],[103.958005663431379,1.402204779428776],[103.958131762462642,1.402126395240902],[103.958247054559962,1.402036732425748],[103.958338132810582,1.401967896551867],[103.958415771603967,1.401927556935629],[103.958496619611296,1.401928339383057],[103.958550571260716,1.401978881265257],[103.958559579830236,1.402001473548643],[103.958535838853138,1.40204309175076],[103.958528729591478,1.402099597567269],[103.958531525730521,1.40217959184153],[103.958516801014298,1.402253289082535],[103.958486377559453,1.402333787969412],[103.958402068776024,1.402428381520614],[103.958322229416027,1.402503974186175],[103.958247340786741,1.402588158925687],[103.958181870713588,1.402665543260658],[103.958149191614183,1.402742432052835],[103.958150159683512,1.402798929296043],[103.958180766056145,1.402846339728762],[103.958240085639133,1.402876089144441],[103.958281892833512,1.402906761044304],[103.95834478336532,1.402919326485296],[103.958413949858979,1.40292012764776],[103.958489404297268,1.402931762724861],[103.958575122673935,1.402882370908227],[103.95864826113521,1.402837065673594],[103.958761819985071,1.402783108035937],[103.958844409412947,1.402749090530588],[103.958907724319914,1.402749447952955],[103.958943151970729,1.402770274397407],[103.958965254152361,1.402783267074506],[103.958970052895424,1.402789315187296],[103.958995911291353,1.402821906086734],[103.959003940649154,1.402832025461897],[103.959109520988733,1.402862148568453],[103.959161177645981,1.402878072490192],[103.95903502900866,1.403109191683676],[103.958930667917613,1.403351065935255],[103.958848989618332,1.40360162036407],[103.958790694775473,1.40385870562771],[103.958789168235739,1.403876728804341],[103.958788251992303,1.403894793825132],[103.958787947106543,1.403912879763723],[103.958790076845091,1.403960534844359],[103.958796443794583,1.404007805765836],[103.958806996659931,1.404054311691923],[103.958821650422408,1.404099677949546],[103.958840287024586,1.40414353904732],[103.958862756321466,1.404185541620118],[103.95888887729005,1.404225347275947],[103.95891843948786,1.404262635322179],[103.95895120474826,1.404297105349205],[103.959077751828417,1.404235717393623],[103.959200186935107,1.404166395643883],[103.959318019629094,1.404089417782644],[103.95941847698279,1.404092309766166],[103.95951827223557,1.404104253950802],[103.959616601718409,1.404125154147897],[103.959712673566372,1.404154842044422],[103.959805714095694,1.404193078558435],[103.959894974034341,1.404239555764444],[103.959979734556029,1.404293899373193],[103.960059313069124,1.404355671745873],[103.960133068713617,1.404424375418514],[103.960200407522095,1.404499457108142],[103.960260787203097,1.404580312168476],[103.960313721508243,1.404666289459243],[103.960358784148085,1.404756696589935],[103.960395612225128,1.404850805495748],[103.961198255488895,1.408727213072925],[103.961679668551128,1.407873443664095],[103.961748443698539,1.407781143410328],[103.962069414807161,1.407734977831826],[103.962183965572493,1.406235153600112],[103.962216987496689,1.406130649962726],[103.962258947007498,1.406029446171907],[103.962309523795227,1.405932314795214],[103.962368331767735,1.405839997312293],[103.962434921997854,1.405753198454578],[103.962508786150366,1.405672580825529],[103.962589360362514,1.405598759842462],[103.962676029548405,1.405532299038585],[103.962768132094482,1.40547370576111],[103.962864964910082,1.405423427298279],[103.962965788794719,1.40538184746486],[103.96306983408094,1.405349283672189],[103.963176306509823,1.405325984505125],[103.963284393294202,1.405312127824404],[103.963727894092202,1.405194544599411],[103.964157314933715,1.405032448424924],[103.964568257562789,1.404827499538165],[103.964636070212421,1.404767652307501],[103.964698291653164,1.404701939878489],[103.96475442299014,1.404630889136969],[103.964804014159199,1.40455506977166],[103.964846667535653,1.40447508970637],[103.964882041122408,1.404391590225623],[103.96490985129212,1.404305240832811],[103.96492987506133,1.404216733882074],[103.964941951878345,1.404126779026971],[103.964945984910614,1.404036097530435],[103.964941616759589,1.403941847568524],[103.964928560706497,1.403848414583249],[103.964906929855999,1.403756607985051],[103.964876911596264,1.403667223094977],[103.964838765975642,1.403581034254798],[103.96483782261366,1.403535420116111],[103.964836421240108,1.403446278173496],[103.96480803808609,1.40332315184676],[103.964774713119638,1.403238978463176],[103.964750871096953,1.40315875750752],[103.964727868598231,1.403034663207654],[103.96471965166063,1.402867893958988],[103.964731706410277,1.402744282415372],[103.964750330241685,1.402645025863946],[103.964790922847186,1.402502541393039],[103.964880507166342,1.402203117562946],[103.964906848621524,1.40211507375444],[103.965296648056238,1.400812203891712],[103.965455657691095,1.400870631106874],[103.96552931128916,1.400897694470311],[103.96567587085606,1.40095154630628],[103.965975213699394,1.40106153762885],[103.966212280635844,1.401126122660657],[103.966322446900591,1.401117118876976],[103.966370493656285,1.401111770450656],[103.966436741998479,1.401089725563503],[103.966489991647762,1.401070555479136],[103.966560582978289,1.401035352783507],[103.966607132099398,1.401019418885823],[103.966653959860821,1.400989026942611],[103.966701314545475,1.400964945603537],[103.966752026966688,1.400920479761104],[103.96680717941237,1.400910326950372],[103.966880077692196,1.400880523152331],[103.966950896579462,1.400865216387568],[103.967019676690512,1.400867562875706],[103.967074508981838,1.400868724544893],[103.967117140008426,1.40086369836755],[103.967157704302636,1.400874526670886],[103.967241991448049,1.400897042237186],[103.967280202724112,1.400898402008024],[103.967336843906708,1.400900448936847],[103.967420617657254,1.400917547400233],[103.967486492049147,1.40094073143632],[103.967533009073364,1.400960983741623],[103.967576886356539,1.400986246361104],[103.967628905023886,1.401015931742447],[103.967682011925973,1.401062331469823],[103.967725593428412,1.401100706441261],[103.96777157266915,1.401113280742801],[103.967833726333495,1.401125666001835],[103.967834935809648,1.401125454311368],[103.967997857462265,1.401097033471679],[103.968001145349731,1.401096762877398],[103.968042749391742,1.401093338366597],[103.968089113813534,1.401100477426622],[103.968150393290102,1.401115131770753],[103.96821140769292,1.401145613359644],[103.968243248985047,1.401179159709956],[103.968288750198795,1.401207680635313],[103.968344406848928,1.401246441960602],[103.968412740146448,1.401307552939423],[103.968515356679674,1.40142646600011],[103.968528706431528,1.401450003041906],[103.968551039294809,1.40148936769695],[103.968607309735916,1.401575985077136],[103.968646892355039,1.40165737350321],[103.96865922605555,1.401700738729052],[103.968685418655852,1.401792826529217],[103.969030918061335,1.401963374411719],[103.969092938014938,1.401993988856511],[103.969182527277709,1.402086541408041],[103.969693451410535,1.402359980478312],[103.97038062017397,1.402566572213393],[103.970615352282053,1.4021436265137],[103.970719612951399,1.402101422855148],[103.970836992930714,1.402152435470454],[103.971568316359026,1.402470261596062],[103.971799055144714,1.402494168230256],[103.971950967303826,1.402616609712031],[103.972278730223991,1.402700371094781],[103.972438263557876,1.402857991741974],[103.972490890488643,1.402960849748941],[103.972468851295773,1.403011278256824],[103.972373710920849,1.403033259929069],[103.972386841146601,1.403066602946964],[103.972481451615764,1.403048944153036],[103.972586532140866,1.403225469196577],[103.97287690563023,1.403467512235038],[103.973019073206885,1.403369607486249],[103.973091949938947,1.40340107487985],[103.973358007077522,1.403342040248462],[103.973478319391219,1.403214545184137],[103.973530723518181,1.403211615511245],[103.973543915530868,1.403210878565549],[103.973545187182765,1.403213579816074],[103.973563946518723,1.403253409469649],[103.973492871807025,1.403288493026778],[103.973496495946307,1.40333655147262],[103.97375692056265,1.403756258877107],[103.973930008334023,1.403809949384867],[103.974072061650631,1.404055846566418],[103.974066551108677,1.404168592716768],[103.974228322621727,1.404334506074279],[103.974333210264859,1.404543064410012],[103.974201937345057,1.404720452891193],[103.974136256961458,1.404998671863241],[103.974105597966499,1.405128542714066],[103.974107161953398,1.405196200599026],[103.974066263556566,1.405240547997493],[103.974021741507684,1.405281207099435],[103.973973922992343,1.405317879107451],[103.973923159421375,1.405350294524668],[103.973869823848332,1.405378215135233],[103.973814308228057,1.40540143575493],[103.973757020536169,1.405419785739043],[103.973698381771015,1.405433130236396],[103.973638822859741,1.405441371180358],[103.973578781491497,1.405444448009514],[103.973518698900946,1.405442338112728],[103.973459016625682,1.405435056995302],[103.973400173261453,1.405422658165034],[103.973342601238983,1.405405232738995],[103.973286723646098,1.405382908773926],[103.973232951118504,1.40535585032517],[103.973181678822129,1.405324256241051],[103.973133283549117,1.405288358701574],[103.972467407795151,1.404828880052],[103.971040613439826,1.405202324373281],[103.969708871944306,1.404407818363807],[103.969696195811451,1.404394442269827],[103.969682418355049,1.404382218936145],[103.969667642698084,1.404371239853251],[103.969651979434914,1.404361587198537],[103.969635545803584,1.404353333221205],[103.969618464808264,1.404346539701492],[103.969600864298584,1.404341257488247],[103.96958287601268,1.404337526118333],[103.969564634591165,1.4043353735207],[103.969546276569346,1.404334815807338],[103.969527939355274,1.404335857152676],[103.969509760201248,1.404338489762344],[103.969491875176502,1.40434269393151],[103.969474418148749,1.404348438192366],[103.969457519782196,1.404355679549666],[103.969441306559503,1.404364363802539],[103.969425899835102,1.404374425950178],[103.969411414926853,1.404385790678364],[103.96939796025292,1.404398372923187],[103.969385636520258,1.40441207850774],[103.969374535970829,1.404426804847026],[103.969364741691209,1.404442441715795],[103.969356326990649,1.40445887207357],[103.969349354852355,1.404475972940686],[103.969343877462151,1.404493616318777],[103.969339935817757,1.404511670148836],[103.96933755942203,1.404529999299661],[103.969336766062042,1.4045484665793],[103.969336893483643,1.404555851599778],[103.969337274460926,1.404563227774871],[103.969337908538591,1.404570586289327],[103.969356959314226,1.405020530320278],[103.970422388371745,1.406274570040764],[103.970850493943047,1.407298887710364],[103.972163213045405,1.408083820415212],[103.972185584284261,1.408102734322948],[103.972209542747393,1.408119564394567],[103.972234897408782,1.408134176440247],[103.972261446110224,1.408146453954976],[103.972288977173136,1.408156299047461],[103.972317271086368,1.408163633220642],[103.972346102256424,1.408168397997564],[103.972375240806116,1.408170555387624],[103.972404454407439,1.408170088189483],[103.972433510134039,1.408167000128214],[103.972462176318274,1.408161315825599],[103.972490224398442,1.408153080603819],[103.972517430741092,1.408142360124085],[103.972543578424151,1.40812923986311],[103.972568458966478,1.408113824431585],[103.972591873990083,1.408096236740094],[103.972613636801924,1.408076617019121],[103.972633573882348,1.408055121700963],[103.972651526268692,1.40803192217246],[103.972667350822675,1.408007203408489],[103.973080021182867,1.40680158265249],[103.973159847652838,1.406863169366318],[103.973162174187593,1.40686496438319],[103.973142433235836,1.406894963237732],[103.973158482339372,1.406902269509232],[103.973866152972107,1.407079770929776],[103.973890550939586,1.407074373127056],[103.974054843642818,1.407038023212188],[103.974070130752054,1.407045325001418],[103.974845438554723,1.407415636339313],[103.975527101945346,1.408144836218819],[103.975655395355872,1.408191845174428],[103.975715179361529,1.408213943183699],[103.976307216079803,1.408429190797813],[103.976560371154164,1.408521230982743],[103.976820918147311,1.408615958441202],[103.976926094140737,1.408654196450208],[103.977001774418142,1.408681711465532],[103.977187059908417,1.40874907577103],[103.977332592141025,1.408801986320648],[103.977800998479609,1.409292827163667],[103.97811297252926,1.409637503088451],[103.97840186935376,1.410564012853357],[103.978555332871764,1.410621059360634],[103.978757429057353,1.410699925031057],[103.978756461061536,1.410681875854218],[103.978750447069658,1.410569679392479],[103.978709406529717,1.410084311397831],[103.978605081889739,1.40885028020649],[103.978599371709294,1.40878273564551],[103.978568495379221,1.408417510460681],[103.978559910198101,1.408357370987844],[103.978468959123006,1.408092682862984],[103.978771551335996,1.407819545940779],[103.978823825398536,1.407804485047456],[103.97894523313353,1.407810117921314],[103.97899361983805,1.407489482710624],[103.979063049959933,1.407436591311533],[103.979455661964678,1.407496317727032],[103.979464453983653,1.407501075016146],[103.979772226919152,1.407640901457965],[103.979867825959218,1.407681405362789],[103.980419767405778,1.407627597995687],[103.980607532427058,1.407442896564491],[103.980899962597917,1.407232831082802],[103.98108103329119,1.40719370593696],[103.981544207005697,1.40719215794874],[103.981685998980907,1.407225607521254],[103.981739942528492,1.407238333853148],[103.982050825803853,1.407311672975561],[103.982503762904713,1.40756506388792],[103.982631560646652,1.407588242568123],[103.982856813740256,1.407535973168954],[103.983099172214821,1.407582233667152],[103.983262817704571,1.407502740616814],[103.983347241308877,1.407391425512321],[103.983669816601918,1.40729055028851],[103.983819288570601,1.40718060648309],[103.983953278700511,1.407082067665757],[103.984218008981571,1.407070302804285],[103.985005879549973,1.407263495213423],[103.985600692719899,1.407498436281765],[103.985866909786481,1.407549895896273],[103.986034867869989,1.407614979819697],[103.986210820007486,1.407628948732411],[103.986423919694957,1.407645884194209],[103.986603013011759,1.407600780025376],[103.986722014750384,1.407640645417077],[103.98703598933308,1.40793427054132],[103.987225569337426,1.407892783974892],[103.987521657894987,1.407573173165918],[103.987517217029648,1.407421511266721],[103.988297343258566,1.407346415391921],[103.988463372004475,1.407586512042848],[103.988593976034366,1.407922039187941],[103.988661058145027,1.407967469771033],[103.988701598676627,1.408050885279224],[103.988803875179954,1.408145218607554],[103.988893304784071,1.408227702051277],[103.988903064293041,1.408227926581678],[103.989052983865264,1.40823138111419],[103.98916162519528,1.408152115642973],[103.989229892195837,1.408043416850528],[103.989240244882822,1.408031849381461],[103.989256110856132,1.408014121941079],[103.989511106628441,1.408094041200702],[103.989552620821456,1.408116975699957],[103.989709979011877,1.408203907599102],[103.989831398563851,1.408252201299186],[103.99002673276722,1.408260535342555],[103.990115771391004,1.40823334423865],[103.990202776114245,1.408159723396867],[103.990297697693023,1.407957122109882],[103.990377252670484,1.407876167403541],[103.990476833050479,1.407870138515085],[103.990588406832799,1.407945146750403],[103.990598973727245,1.407952254307247],[103.990671708180827,1.408001157188559],[103.990845167014342,1.408085657896551],[103.991037781036155,1.408131785268097],[103.991127791383533,1.408123576588816],[103.991533145036072,1.40791019220791],[103.991646321352917,1.40776368711648],[103.99174251150022,1.407732932285151],[103.992029699401797,1.407885713386743],[103.992192387209997,1.407880836778956],[103.992243676365803,1.407986037518605],[103.992275326187652,1.408145112358594],[103.992363837599484,1.408294633247537],[103.992349464108159,1.40835086736953],[103.992162458983316,1.408331047574405],[103.992003872781268,1.408662342878314],[103.991882088342308,1.408800031967331],[103.991706313996261,1.408891737108621],[103.991665271457734,1.40896094158215],[103.991475371385718,1.409052656717719],[103.991293180438944,1.409134124908543],[103.991104746533821,1.409248277101695],[103.990933634088492,1.409315130045728],[103.990916687279523,1.409321751118691],[103.990900728884981,1.409327992292832],[103.99080947545599,1.409545840871772],[103.990731470752891,1.409991849670144],[103.990676099855349,1.410242144261905],[103.990313660105699,1.410695126917587],[103.990302571110163,1.410821918116477],[103.990337633751821,1.410955264604476],[103.990783895883084,1.411877121297673],[103.990842839737056,1.412230351458138],[103.991020789924875,1.412686643458863],[103.991028603584269,1.412893651046564],[103.99092613094966,1.413053666549215],[103.990781295718875,1.413430604852687],[103.990745241398002,1.413650665357064],[103.990836332580798,1.41407692042549],[103.990752657822156,1.414230414203217],[103.990552796220641,1.414384739774288],[103.990489037639648,1.414457987374011],[103.990418881633147,1.414538606850764],[103.990316705783982,1.414837622529849],[103.990129600974782,1.414813117142897],[103.989956226652893,1.414790421337504],[103.989249896227449,1.414571306466454],[103.988884466723121,1.414495328680089],[103.988838107957974,1.414496516518818],[103.988515251503415,1.414703410754685],[103.98822903135364,1.414506704433364],[103.988366637809989,1.414073416015869],[103.987965510096302,1.413939127296596],[103.987930834548422,1.414087038706927],[103.987785467574554,1.414448412869124],[103.987741624776277,1.414557353278926],[103.987668222283574,1.414477866700558],[103.987465406368599,1.414258183026017],[103.987412601716102,1.413381814951437],[103.987824670056128,1.413319577341581],[103.988091295095415,1.413279305483941],[103.988108129279681,1.413199685349236],[103.988192390031102,1.412801354056959],[103.988212698741037,1.41240519842266],[103.987922157630976,1.412507699131814],[103.987606789330897,1.412607109456752],[103.987233538786299,1.412666026328835],[103.98706340502666,1.412179998054023],[103.98523196661337,1.412178247182353],[103.984633347512329,1.412177727572916],[103.984116734904561,1.41217728023193],[103.9841582499852,1.412743063730793],[103.984161173043788,1.412784347610657],[103.9840413812218,1.412758626367401],[103.983505697221389,1.412860592682071],[103.983499071147392,1.412861854696383],[103.983240312795004,1.412911108532706],[103.982204177653941,1.413109234225705],[103.982095854707694,1.413129947455629],[103.981981912073351,1.413151555455472],[103.981834093237822,1.413179588400554],[103.981820108747584,1.413182239981942],[103.980670097926691,1.413400334293936],[103.980736573201455,1.414224103385463],[103.980921611326721,1.414947426552826],[103.980856994470486,1.415507625305716],[103.980856420265241,1.415507472505467],[103.980825432424169,1.415490895744458],[103.980787305961002,1.415470107830887],[103.980745360382258,1.415447238322038],[103.980714935055857,1.415430648862323],[103.980687056406452,1.415415449242083],[103.980647402299098,1.415393827602832],[103.980609561598655,1.415373196122149],[103.980548266135244,1.415339775762287],[103.980507433945448,1.415317513003677],[103.980442479322534,1.415282096949727],[103.980393182177068,1.415255218870848],[103.980335991594686,1.415224036536108],[103.980281284786741,1.415194208774147],[103.980242329809244,1.415172969627198],[103.980201498523456,1.41515070686245],[103.980154970017054,1.415125337979911],[103.980073242749015,1.415080777180191],[103.980022215777012,1.415052955954085],[103.979975907270173,1.415082317170097],[103.979927334419273,1.415113115558876],[103.979880650316602,1.415142716452748],[103.979836297946918,1.415170838567439]]]}},
{"type":"Feature","properties":{"OBJECTID":36,"CLASSIFCTN":"NATURE RESERVE OTHERS","INC_CRC":"E5EEB6B079903CE3","FMEL_UPD_D":"20251230175800","SHAPE.AREA":84790.523009915007,"SHAPE.LEN":2348.52483897099},"geometry":{"type":"Polygon","coordinates":[[[103.80584713307735,1.413575535885808],[103.805726414179517,1.413807955952757],[103.805598677338239,1.414036559512698],[103.80545751022099,1.414262500455203],[103.80545502647891,1.41426647329553],[103.805280587091318,1.414364022194481],[103.805271522975616,1.414369640896734],[103.805262007778893,1.414374446570355],[103.805252113388605,1.414378402137327],[103.805241915286416,1.414381477754541],[103.805231490751098,1.41438365081386],[103.805220917959943,1.414384904133283],[103.805210276887351,1.414385228670178],[103.805199649304768,1.414384621712421],[103.80518911249068,1.414383088687179],[103.805178748216321,1.414380640447784],[103.805168633760047,1.414377295986839],[103.805158847298586,1.41437307972312],[103.805149460718567,1.414368023310239],[103.805146809907598,1.414366281473095],[103.805140546805063,1.414362167445462],[103.80513217115444,1.414355552825985],[103.805124398464358,1.414348231905701],[103.805117287142281,1.414340258947154],[103.805110889305553,1.414331695447725],[103.805105255274299,1.414322603809151],[103.805100427281218,1.414313054572331],[103.805096441268958,1.414303120086831],[103.805093327788541,1.414292873606458],[103.805091109303703,1.414282393811178],[103.805089804683803,1.414271760285242],[103.805089422015158,1.414261053517113],[103.805089964891096,1.414250353090869],[103.805091428817704,1.414239741303558],[103.80510088960429,1.414201509438252],[103.805100893198855,1.414201491351017],[103.805106107894645,1.41418533857237],[103.805131573006534,1.414106443087162],[103.805199629450485,1.413943939684569],[103.805209912276439,1.413919388140455],[103.805242857216456,1.413840724262004],[103.805259017900042,1.413799385987607],[103.805291563020461,1.413716139691868],[103.805301147675522,1.41368882711596],[103.805303265717114,1.413682791417427],[103.805368438848873,1.413497085614998],[103.805374108914165,1.413498532665846],[103.805378682926573,1.413481331720971],[103.805373228526364,1.413479531970842],[103.805403602016469,1.413374309605407],[103.805480178542936,1.413084042293377],[103.805560877051605,1.41277814942868],[103.805569461634789,1.412745607807507],[103.805573371573701,1.412729677485284],[103.805618766760261,1.412544715726944],[103.80562024320902,1.412538698107586],[103.805683075263659,1.412293968958254],[103.805702835984803,1.412225554069086],[103.805767761727438,1.411980842124407],[103.805860850508395,1.411619939652011],[103.805938563508036,1.411339922391672],[103.805988248242954,1.411175753807568],[103.806094410755449,1.410868416044146],[103.806170972325305,1.410690646138866],[103.806175726029096,1.41067465704145],[103.806290370483225,1.410424312377691],[103.806579236316566,1.409854720235729],[103.806654297205029,1.409674562773541],[103.806770515792508,1.409352529174831],[103.807172286731841,1.408061961256098],[103.807214305111515,1.407931027924824],[103.807257996383285,1.407824186865682],[103.807307554355063,1.407731291162827],[103.807368757706811,1.407662968060885],[103.807361659279678,1.407627641718557],[103.807366225060818,1.407539801808085],[103.807387181539355,1.407405187475546],[103.807428051110989,1.407228411919893],[103.807689386807013,1.40636901588701],[103.80772608616634,1.406260185138759],[103.807781970456873,1.406136025632729],[103.807825687412048,1.406058205598596],[103.807866699436758,1.405997912106622],[103.807936699096359,1.405917361179491],[103.808005559207032,1.405849778816294],[103.808136834469593,1.405742956778871],[103.808265800255199,1.405645955196621],[103.808367116148261,1.405592247019544],[103.808439299595989,1.405572107610275],[103.808450729604473,1.405569937259419],[103.808450262374308,1.405566781024309],[103.808792308919848,1.405505902886576],[103.808915604037509,1.40546331768945],[103.809243885231425,1.40530711033747],[103.809269512870443,1.405303909154949],[103.809285534637695,1.405301910676696],[103.809305878621842,1.405297027322103],[103.809303326730543,1.405288581440892],[103.80944671407326,1.40525436992871],[103.809608880892441,1.405222038772219],[103.809609365229974,1.405221942914585],[103.809615416304382,1.405220736554917],[103.809616265467625,1.405220567447538],[103.809616257380256,1.405220578299821],[103.809616555710619,1.405220519519211],[103.809612613573719,1.40522552422897],[103.809116239815438,1.405899115586865],[103.809104160867776,1.405916861794135],[103.808657720700396,1.406632093193976],[103.808657110550755,1.406633139536531],[103.808266580578945,1.407381387964062],[103.808257538817557,1.407400543198281],[103.807925681378194,1.408176544408293],[103.806376290500836,1.412222990920015],[103.806355775157854,1.4122765697174],[103.806345880432957,1.412310460637461],[103.806337247386296,1.412338866605391],[103.806325080952391,1.412379873937994],[103.806313565141792,1.412416793553468],[103.806306458850628,1.41244017579788],[103.806264794400292,1.412569179196748],[103.806251385239975,1.412608357890539],[103.806217031130032,1.412707565298037],[103.806193030053706,1.412770468948364],[103.806165439013597,1.412842778844597],[103.806065459337603,1.413094751522557],[103.805957626030491,1.41334340508677],[103.80584713307735,1.413575535885808]]]}},
{"type":"Feature","properties":{"OBJECTID":21,"CLASSIFCTN":"NATURE AREA OTHERS","INC_CRC":"B944CA0E762648A3","FMEL_UPD_D":"20251230175800","SHAPE.AREA":121855.97894236,"SHAPE.LEN":4054.8864326604098},"geometry":{"type":"Polygon","coordinates":[[[103.735799830662671,1.424225145146791],[103.735773026448015,1.424229471380051],[103.735752220041775,1.42424040514131],[103.73573101906328,1.424253505738207],[103.735711429239672,1.424266993470729],[103.735694177567851,1.424279969433552],[103.735682245368551,1.42429718798772],[103.735678100959575,1.424321221245671],[103.735684716730603,1.424334176521218],[103.7356960457318,1.424344119566023],[103.735718693408657,1.424353138834717],[103.735738495322209,1.424360486719942],[103.735765313466345,1.424366848244365],[103.735800216256109,1.424372418795576],[103.735837981928526,1.424378574590692],[103.735873845477997,1.424380175030098],[103.73590308375951,1.424380955834646],[103.735950786155286,1.424405730162502],[103.735971571774499,1.424419069489526],[103.735995129275793,1.424438789212012],[103.736020910077343,1.424454011633767],[103.7360512103959,1.424478537424837],[103.736076901096354,1.424499554093068],[103.73610233417547,1.424514047583004],[103.736134099272164,1.424536782797402],[103.73615287915888,1.424552085408894],[103.73617367510839,1.42457629426826],[103.73618555720391,1.424596752357777],[103.736199755339541,1.424629741393068],[103.736201038956807,1.424662365422398],[103.736203270722442,1.424691741926009],[103.736203198580739,1.424719275240973],[103.736208202229179,1.424755031235622],[103.73621127444494,1.424799454559067],[103.736217644666013,1.424839578682798],[103.736227372779524,1.424883010202812],[103.736236660849968,1.424920095792078],[103.736248728007595,1.424963200031979],[103.736265375955028,1.425011621213533],[103.736286760080304,1.42506699443075],[103.736304116993523,1.425115970016373],[103.73632306572641,1.425155004916165],[103.736341369469628,1.425189320824662],[103.736357437780043,1.425217447181011],[103.736382746529998,1.425239909001619],[103.736404787004162,1.42526485768061],[103.736433068983672,1.425292253828739],[103.736465477709174,1.425331120181575],[103.736487595675641,1.42535099900663],[103.736512765252883,1.425370922274367],[103.736544470000837,1.42539746032601],[103.736573518609191,1.425421787098496],[103.736600310587392,1.425452601672295],[103.73662440678207,1.425483740798047],[103.736643704629273,1.425511912507288],[103.736670068691851,1.425547249779457],[103.736685018151078,1.425578077417569],[103.736701886854945,1.425612372462705],[103.736714226123183,1.425638090341961],[103.736734701820012,1.425671170075925],[103.736753336178666,1.425707301955654],[103.736764222382902,1.425734086921173],[103.736775145950858,1.425769927270574],[103.736783861117374,1.425797766631158],[103.736791315547435,1.425825950500643],[103.736794071101045,1.425879245607145],[103.736796987285118,1.426002463320631],[103.736794574723163,1.42604191784432],[103.736804053812904,1.426066869607413],[103.736812208675587,1.426084737442657],[103.736816464209468,1.426110883648251],[103.736814635851829,1.426147447853833],[103.736815248774391,1.426188575575911],[103.736819703848212,1.42621345658668],[103.736820079867556,1.426246791406537],[103.736835820288121,1.426272920009428],[103.736854393805828,1.426324448658645],[103.73687626755887,1.426382908481591],[103.736893174109525,1.426414849471527],[103.736913884913946,1.42645590388329],[103.736935636612159,1.426510737206764],[103.736954334470752,1.426554297522046],[103.736970884290841,1.426586053102152],[103.736987727777048,1.426621978710318],[103.73700505005408,1.426661715322389],[103.73701659519746,1.426703725258503],[103.737033421990802,1.426752149156309],[103.737054465153221,1.42681784203472],[103.737071584233362,1.426882029888453],[103.737075116333173,1.426931532130755],[103.737071529052827,1.426977309908233],[103.7370660819916,1.427015815628009],[103.737064316228754,1.427059807366089],[103.737062410865619,1.427089849305748],[103.737064273715774,1.427131357817012],[103.737065466345641,1.427169776093163],[103.737067829188675,1.427202234669334],[103.737077661840402,1.427238965768803],[103.737089351145855,1.4272717385515],[103.737103347065442,1.427306174554004],[103.737122476926103,1.427333620049989],[103.737143318383744,1.427366342573416],[103.73716620432333,1.427394565978968],[103.737191917116277,1.427425546000332],[103.737215350321236,1.427453233141482],[103.737237441705531,1.427486335549021],[103.737261831594694,1.427521645602035],[103.737280759640981,1.427561948410955],[103.737306089995116,1.427605966610222],[103.737333081065728,1.427647109910438],[103.737361364833561,1.427697328543008],[103.737382627428744,1.427737483133835],[103.737407146584488,1.427776056131111],[103.737426899826644,1.427809486722563],[103.737439593150498,1.427835390007937],[103.737443659060858,1.427862256077316],[103.737450609011873,1.427899671657032],[103.737459377770705,1.427935662942015],[103.737469736975243,1.427973125691614],[103.737481388443513,1.428008434303774],[103.737490359453531,1.428042798648897],[103.737505800292837,1.428099535386553],[103.73751673288956,1.428134834020411],[103.737522586509087,1.428173501191768],[103.737546391252948,1.428234704022346],[103.737560411932478,1.428279103386054],[103.737571199475198,1.428323637364149],[103.737578196275891,1.428358155367872],[103.737586169156415,1.428387613503939],[103.737598405265956,1.428431263076077],[103.73761188276471,1.428464423903171],[103.737629084810649,1.428500354948841],[103.7376402619999,1.428531489907241],[103.737650028469133,1.428560974344832],[103.737664263586353,1.428591609318777],[103.737680839083808,1.428633147385782],[103.737698395161829,1.428669444712689],[103.73771638593378,1.428689446348628],[103.737734754593532,1.428719597661332],[103.737753352521722,1.428746673246443],[103.737772666627365,1.428773758809371],[103.737796025074601,1.428806154958396],[103.737825461959687,1.428851498216019],[103.737840605586229,1.42888142330245],[103.737860590343189,1.428923009442219],[103.737875696132619,1.428955287678291],[103.737893411685164,1.428981444393175],[103.73791346491619,1.429018684168917],[103.737914875593688,1.429043158087697],[103.737916206558211,1.429061290612825],[103.737926018980531,1.429087878378089],[103.737931963177545,1.429109337341536],[103.737939170337867,1.429141864851218],[103.737949916494102,1.429166111260737],[103.737960036100915,1.429195962883229],[103.737973605931955,1.429234740708396],[103.737983844895027,1.429268398797843],[103.738000571761646,1.429300337965023],[103.738022319050472,1.429332529658912],[103.738041932708398,1.429352010447651],[103.738057397988868,1.429361289853263],[103.738075356808011,1.429371870740605],[103.738075599549887,1.429390714049232],[103.738083263928743,1.429405495270967],[103.738084655256969,1.429419824953948],[103.738088283831161,1.429440165123935],[103.738094459102655,1.429458367487094],[103.738097617892834,1.429474353131694],[103.738117865741572,1.429499097336488],[103.738129022691723,1.429520088057222],[103.738134947070208,1.429542815840121],[103.738143105085754,1.42957191495048],[103.738154375087404,1.429597072978549],[103.738166761244102,1.429619712403366],[103.738174863875756,1.429640840459649],[103.73818049140651,1.429671173014931],[103.738187322017112,1.429704781221591],[103.738196182694963,1.429734795576036],[103.738203217822985,1.429755365596012],[103.738210977230736,1.429775582944775],[103.738224770038826,1.429811465009096],[103.738239117744456,1.429857862120093],[103.738251062907793,1.429897158980352],[103.738265093094313,1.429929421795369],[103.738270955308181,1.429956134196891],[103.738277288205268,1.429987200219425],[103.738282703159285,1.4300081084033],[103.738288066759537,1.430032277716472],[103.738294339764309,1.430055734429797],[103.738306449803773,1.430084527125454],[103.738316212685078,1.430114193337516],[103.738329058716218,1.430141910776629],[103.738334861467749,1.430172426020162],[103.738345004506172,1.430200827949095],[103.738348358759779,1.430227323198999],[103.738358550885948,1.430263878862857],[103.738371204582521,1.430292497943261],[103.73838469334413,1.430336346524059],[103.738401643615248,1.430376983857393],[103.738408729631487,1.4304057058032],[103.738420677972044,1.430433410543475],[103.738432588475291,1.430463469337888],[103.73844321301226,1.43049550230225],[103.738456682853766,1.430540616989516],[103.738472861095772,1.430584685441904],[103.738497443324135,1.430642094496033],[103.738504523459653,1.430682773923277],[103.738513192714834,1.43071350995012],[103.738526967078371,1.430739247777305],[103.738544070048206,1.430781518394944],[103.738539491477582,1.430787430022728],[103.738559473558539,1.430829197030038],[103.738574791049871,1.430870897824863],[103.738583324730641,1.430898915331978],[103.738600874963495,1.430946988358139],[103.738602522126428,1.430967842123109],[103.738594348697461,1.430985658630465],[103.738583238499089,1.431007598909024],[103.738565958850984,1.431022568104377],[103.738547907178329,1.43104078664218],[103.738523586950564,1.431058370960966],[103.738501154909528,1.431070005556669],[103.738478821505026,1.431086713630245],[103.738451257798559,1.431093564838272],[103.738407073422849,1.431107785908771],[103.738374408200897,1.431119638028373],[103.738341641639067,1.431126594828684],[103.738295843398518,1.431140611443751],[103.738264095690255,1.431151207440351],[103.738222326951572,1.43116002775465],[103.738180575330531,1.431167764642552],[103.738131753393688,1.431180108057234],[103.738092496218584,1.43118896555285],[103.738061531354447,1.431195406033289],[103.738027739160941,1.431210500240344],[103.738024359914562,1.431201780235308],[103.737600206364363,1.43007271194267],[103.737422292083039,1.429580695068155],[103.737311528202511,1.429274380101554],[103.73696992659184,1.428329685773306],[103.736738929919412,1.42769086958384],[103.736674978287411,1.427514012452947],[103.736318795615873,1.426528991906123],[103.736056220183968,1.425802836414699],[103.735776137014327,1.425028270531323],[103.735638420773753,1.424647415887828],[103.735429429684118,1.42457768061016],[103.735409662425681,1.42453698345081],[103.735067214575636,1.42442528000947],[103.734687098388136,1.424217106547138],[103.734552733608538,1.424143520013445],[103.734236038485648,1.423970078544988],[103.734191524312422,1.423924333963367],[103.734170217439413,1.423934068503595],[103.734135015404448,1.423950150162439],[103.734119712125178,1.423957142030644],[103.734116119494161,1.423958776962466],[103.734081142424827,1.423967402161318],[103.734067791938713,1.423970694366755],[103.734051893924274,1.4239746140893],[103.734017536266776,1.42397660310193],[103.734004885892929,1.423977299816972],[103.733988378763499,1.42397820979424],[103.733985168993954,1.423978386910099],[103.733984110458806,1.423978308184655],[103.733963398985452,1.42397555892871],[103.733938357233669,1.423972234310176],[103.73393278421284,1.423971494299859],[103.733920676685841,1.423969886722329],[103.733918781571219,1.423969635227305],[103.733917048216171,1.423969069925522],[103.733911897573577,1.423967370404868],[103.733905968763423,1.423965414011478],[103.73388872237777,1.423959723014058],[103.733867382076085,1.423952680721202],[103.733857830204173,1.423949528603156],[103.733852081141322,1.423946889423749],[103.733837988895473,1.423939095015759],[103.733818871856201,1.423928520379099],[103.733806048388928,1.423921427811341],[103.733795257503346,1.423914986472831],[103.733744910430801,1.42387308607475],[103.733702780439415,1.423822408290621],[103.733689954060949,1.423799426977474],[103.733683955539746,1.423788661185444],[103.733683679666868,1.423788798636547],[103.733672502761223,1.4237946095838],[103.73247444974875,1.424364340777797],[103.729974089354442,1.423468954850134],[103.730109118719909,1.423384672551983],[103.730109284064909,1.423384569462124],[103.730263581504687,1.423288260001826],[103.730267087904224,1.423285907008519],[103.730276689177245,1.423289344921747],[103.730307252406178,1.423300289080858],[103.732459935894724,1.424071172056309],[103.733657933040121,1.423501467081987],[103.733744829661632,1.423242361959993],[103.735226595651753,1.422554233096919],[103.735338131806657,1.422476462686598],[103.735375914130216,1.42236400681739],[103.735338983016618,1.421469156578673],[103.735476186871892,1.421294756112926],[103.735548562579638,1.421214307103655],[103.735585649063466,1.421173051662968],[103.735521052823074,1.42109486676745],[103.735476894604332,1.421132404975525],[103.735456298218935,1.421149904417394],[103.735263373415975,1.4213119199703],[103.734886783144063,1.420906053971442],[103.734866426234646,1.420785511518419],[103.734833757957347,1.420681725470873],[103.734767463610154,1.420620359818384],[103.734756230375481,1.420619944233789],[103.734720504524489,1.420466327677249],[103.734720471282756,1.420466185690907],[103.734700016853594,1.420378233745857],[103.734512588280282,1.420339415874694],[103.73451052783571,1.42033898892692],[103.734509878162143,1.420338855053301],[103.73450264369238,1.420337356213275],[103.734503072349213,1.420336643594032],[103.734506567205486,1.420330833215063],[103.73450657529331,1.42033082055434],[103.734570433476705,1.420224642998882],[103.734638184612223,1.420111993990005],[103.734726424992246,1.419965276711979],[103.734738756286134,1.419944772629032],[103.734755258146421,1.419961508566243],[103.734763730569043,1.419970102182774],[103.734805232470819,1.420019294051188],[103.734856397879554,1.420066383690307],[103.734891900308057,1.420106218765161],[103.734905657077476,1.420120743417315],[103.734935650874391,1.420146141916025],[103.734966843657304,1.420165183701321],[103.735000732175777,1.420184920152058],[103.735046522178862,1.420212135285634],[103.735082160457367,1.420226958408341],[103.735110830958078,1.420244759298485],[103.735149368871902,1.420283473090026],[103.735165302817094,1.420300511057429],[103.735175850637646,1.420317247641829],[103.735187863918739,1.420337230046046],[103.735198968780509,1.420355952634346],[103.735217571668997,1.420391084297279],[103.735231827392511,1.420421370199795],[103.735244707051621,1.420438080657035],[103.735269889667478,1.420466976116386],[103.735298496721441,1.420497826953566],[103.735329262155688,1.420529377859178],[103.735357668925161,1.420557874631411],[103.73538220686072,1.420574816197783],[103.735407768540966,1.420585766405567],[103.735446506714752,1.42060635496669],[103.735469950261958,1.420621133250285],[103.735491777255902,1.420635749583886],[103.735522596433555,1.420650127548625],[103.73554734003379,1.420669787636033],[103.735578421982467,1.420696446854975],[103.735603587615742,1.420723352712716],[103.735629363048702,1.420758408711667],[103.735647177320601,1.420785577425684],[103.735669362907842,1.420820309509714],[103.735689009220621,1.420851808389393],[103.735698735387075,1.420876891298979],[103.735702513040067,1.420898597970103],[103.735707759685198,1.420967876888114],[103.735709958458429,1.421033819482944],[103.735717871364685,1.421056746315001],[103.735731304493015,1.421075081028593],[103.735752809630682,1.421093687394062],[103.735774577612901,1.421101417906195],[103.735786688330734,1.421112336790213],[103.735807074032621,1.421126063167188],[103.73582511894854,1.421138909499792],[103.735843934618444,1.42115736472168],[103.735845629204206,1.421160994905024],[103.735852526151007,1.421175753490785],[103.735868402903648,1.421206928447313],[103.735879885090966,1.421227822423415],[103.735895542786068,1.421254287450197],[103.735905952934402,1.421275736659304],[103.735913607484974,1.421309722025433],[103.735918247102447,1.421347728963957],[103.735918199046523,1.421443780406631],[103.735918606230314,1.421590932875784],[103.735921255859154,1.421748389747084],[103.735918973310277,1.421794447931611],[103.735915361150973,1.421811886601704],[103.735906252080269,1.421856570769575],[103.735901281795293,1.421882542042813],[103.735896159519399,1.421911596281575],[103.73589315988788,1.421957842542907],[103.735879031296207,1.422002584376526],[103.735870079583407,1.422044729100672],[103.735865044950287,1.422083749418496],[103.735861140483806,1.422128919449765],[103.735856866750098,1.422172825166429],[103.735855528388356,1.422224307757405],[103.735848330895337,1.422262266261515],[103.735835166175235,1.422314425717286],[103.735818212147578,1.422344155915837],[103.735814097554041,1.422385884838338],[103.735796375536594,1.422429760138863],[103.73579498257142,1.422454784696118],[103.735790047161018,1.422484743304826],[103.735777552991308,1.422532002047788],[103.735764876430196,1.422578719069687],[103.735747116836919,1.422618607033464],[103.735730661766439,1.42266391851483],[103.735714656401456,1.422699437577381],[103.735693957900295,1.422751681721088],[103.735683375324072,1.422791852150867],[103.735672162416947,1.422841996768336],[103.735669835144549,1.422882980571545],[103.735671570685369,1.422917032608814],[103.735680723771281,1.422958431099089],[103.73568902206317,1.422984071939749],[103.735701823972278,1.423012381746094],[103.735713385766999,1.42304215475818],[103.735727406347181,1.423066101066972],[103.735742060829452,1.423080616709939],[103.735765377450164,1.423101377344972],[103.735792856163698,1.423126260241447],[103.735816568880722,1.423151365450615],[103.73583610521186,1.423170356991025],[103.735854308574289,1.423197948058171],[103.735881452750306,1.423229129824721],[103.73589819264609,1.423248752490847],[103.735918698940068,1.423280020793627],[103.735931367894835,1.423307553745823],[103.735944112536473,1.423330197717195],[103.735959133151951,1.423356497218667],[103.735970416620248,1.423380750893191],[103.735985629086173,1.423417739968142],[103.736002359909477,1.423460910425597],[103.736020757760159,1.423500661558916],[103.736039398817681,1.423547843849603],[103.736053216781855,1.423582278040752],[103.736059596492808,1.423610264715396],[103.736067239156895,1.423649319937036],[103.736068848869422,1.423684121685431],[103.736074876349065,1.423711741173906],[103.736083398266331,1.423740483986521],[103.736090899473169,1.423788592775688],[103.736095981508598,1.423819278013052],[103.736103307078068,1.423855792866686],[103.736109519204803,1.423894465482127],[103.736117098802211,1.423937503513655],[103.736127126880504,1.423984745126238],[103.736130587361089,1.424027362454357],[103.73613841425329,1.424066056842941],[103.736143327377675,1.424096196742438],[103.736141402606165,1.42413891874808],[103.736139561145279,1.424187801274981],[103.736135071720994,1.424210922922023],[103.736123048524817,1.42423393663017],[103.736113346839687,1.424246116173325],[103.736090187875121,1.424258281579695],[103.73605956451955,1.424265814523804],[103.73603993013279,1.424270605002671],[103.736007848784567,1.424268155530247],[103.735974991382349,1.42425790318429],[103.735949470907968,1.424249023972169],[103.735919330009864,1.424237180967205],[103.735880499541679,1.424230285359689],[103.735852982341996,1.424222826815163],[103.735799830662671,1.424225145146791]]]}},
{"type":"Feature","properties":{"OBJECTID":22,"CLASSIFCTN":"NATURE AREA","INC_CRC":"171E7308F3233FC9","FMEL_UPD_D":"20251230175800","SHAPE.AREA":94770.577269589994,"SHAPE.LEN":1469.4848159390201},"geometry":{"type":"Polygon","coordinates":[[[103.777547218513234,1.351845786927296],[103.777424923276214,1.351486769679772],[103.777064525271157,1.351586702569023],[103.776820579683999,1.351744879173312],[103.776638833534818,1.351863464158722],[103.776631779015574,1.351897844293912],[103.776632201340391,1.351897841590748],[103.776622998131259,1.351941911935404],[103.776628548554896,1.351941992554243],[103.776649812905987,1.351987178695618],[103.776679018226645,1.352055398269407],[103.776686437715014,1.352091970018479],[103.776710147242682,1.352168023063637],[103.776601944237399,1.352043275267963],[103.776601850789305,1.35204316764645],[103.776577121726248,1.352030313339676],[103.776548187437882,1.352015272181589],[103.776548194500307,1.352020699269979],[103.775430006408087,1.351440031239795],[103.774513034245771,1.350963155141552],[103.774958459427509,1.350270260372414],[103.77456564619618,1.349870116824546],[103.774377122523518,1.34967807325945],[103.774376768498627,1.349677711505239],[103.774391047675977,1.349672655554626],[103.774399469074837,1.349669674072013],[103.774417888891875,1.349661953965989],[103.774435974440152,1.349654375836791],[103.774439703516464,1.349652619652855],[103.774457088200521,1.349644434678219],[103.77447793689926,1.34963389211096],[103.774479476156813,1.349633054707406],[103.77449850705959,1.349622679403032],[103.774510600082294,1.349615614806106],[103.77451872679481,1.349610867093094],[103.774531252943106,1.349603026562324],[103.774538506247865,1.34959848773605],[103.774542525581907,1.349595805490318],[103.774558007161588,1.349585474412941],[103.774561760520811,1.349582804821781],[103.77457223883583,1.349575352213145],[103.774577058806642,1.349571931121451],[103.77459575014035,1.349557871429224],[103.774608970045179,1.349547242760792],[103.77461398411981,1.349543219367331],[103.774625098666164,1.349533702110982],[103.774631781411657,1.349527985788668],[103.774634623626383,1.34952540299422],[103.774649126738566,1.349512244850708],[103.774661258507081,1.349500649390462],[103.774666038968206,1.349496086990297],[103.774682396799534,1.34947930691391],[103.774692983037042,1.349467854305504],[103.774698299069485,1.349462110818926],[103.774713678387428,1.349444434493868],[103.774728497912676,1.349426261659331],[103.774742789091476,1.349407737014276],[103.774747583978012,1.349401137082276],[103.774756552823931,1.349388795444573],[103.774764958272101,1.349376414905548],[103.774769760358268,1.349369344704399],[103.774776056820755,1.349359464680583],[103.774782349688877,1.349349586465403],[103.774788309191678,1.349339652171557],[103.774794402585542,1.349329495407409],[103.774805832788005,1.349308998274846],[103.774806983899538,1.349306771758635],[103.774816624120703,1.34928815746844],[103.774825732395954,1.349269413841294],[103.774826874524621,1.349267069757536],[103.774836395302927,1.349245682684437],[103.774845303270908,1.349223905815599],[103.77484749679887,1.349218149591995],[103.774853674801065,1.349201960722043],[103.774858802352355,1.34918709219804],[103.774861328385299,1.349179785902641],[103.774863807709806,1.349171775106559],[103.774868259530024,1.349157414818749],[103.774871753437395,1.349144958193905],[103.774874634472539,1.349134710915433],[103.774878037658411,1.349120856141701],[103.774880229464273,1.349111949113955],[103.774881706861251,1.349105217064278],[103.774885274540338,1.349088998287078],[103.77488949833274,1.349065950673398],[103.774893200963604,1.34904270951321],[103.774894602092928,1.349031357066148],[103.774896085006191,1.349019385131748],[103.774898344550039,1.348995975724963],[103.774899888837837,1.348972586196911],[103.774900419321,1.348958690657301],[103.774900788858915,1.348949097173231],[103.774900978117628,1.348925593662555],[103.77490047008996,1.348902179667043],[103.774899794663611,1.348889921901453],[103.774899178518538,1.348878663459486],[103.774893367260844,1.348776405076016],[103.774887295531741,1.348669481976789],[103.774886780084813,1.348655744675586],[103.774886492729493,1.348648008739217],[103.774886382551543,1.348633538912985],[103.774886330598235,1.348626693780803],[103.774886434931673,1.348622491203936],[103.774886867550322,1.348605291115985],[103.774888142220775,1.348583932782816],[103.77488888641993,1.348575976206561],[103.774890141131124,1.348562618780982],[103.774891485642101,1.348551627173717],[103.774892744771591,1.348541393421406],[103.774894991514259,1.348527237466405],[103.774896091518841,1.348520332674023],[103.774897276869623,1.348514148661812],[103.774900136448508,1.348499280082774],[103.774904813962053,1.348478383057399],[103.774907765109276,1.348467074961541],[103.774910212117163,1.348457697670577],[103.77491179191729,1.348452323073625],[103.774916241058463,1.348437190458671],[103.774922988843372,1.348416929251103],[103.774930370109232,1.348396882393053],[103.774938381262729,1.348377010996793],[103.774947007024068,1.348357492317288],[103.774956280641632,1.348338258528017],[103.774966256926078,1.348319378361973],[103.774976776834464,1.348300744195996],[103.77497821908301,1.348298365753521],[103.774984807597292,1.348287522588343],[103.774987849348619,1.348282516102717],[103.77499962362937,1.34826471217299],[103.77501184089428,1.348247189511081],[103.775024705110937,1.348230198630718],[103.775038095875473,1.348213594830729],[103.775045581102859,1.348204903168868],[103.775052033853726,1.348197424234187],[103.775066500175853,1.348181688649371],[103.775081422055251,1.348166517398535],[103.775090227262254,1.348158141391314],[103.775096889350593,1.348151806481983],[103.775100052355469,1.348148984942499],[103.775112793334273,1.348137624628769],[103.775129151979144,1.348123902203274],[103.775132690581273,1.348121144882613],[103.775145943715188,1.348110831834509],[103.775155808298933,1.348103604394761],[103.775163116429468,1.348098258874964],[103.77516878195388,1.348094388333318],[103.775180728527062,1.348086245727144],[103.775195883898945,1.348076652598198],[103.775198694642569,1.348074876494867],[103.775202491119302,1.348072646424491],[103.775217127996939,1.348064061648776],[103.775230067455084,1.348056997972441],[103.775235762613633,1.348053895236355],[103.775240042517183,1.348051639855324],[103.775760510343545,1.347778129213466],[103.775765678361893,1.34779980151515],[103.775790557220631,1.347898495349411],[103.775875758351575,1.348303109824328],[103.775921786558882,1.348521713781081],[103.776149975616576,1.34893972436292],[103.776394040290512,1.349330231781346],[103.776397452164474,1.349328822862603],[103.776406396120223,1.349343179851612],[103.776430675736464,1.349361977628816],[103.77642741749149,1.349364469074916],[103.777720405315947,1.350365618366584],[103.777803590005419,1.350948681841097],[103.777547218513234,1.351845786927296]]]}},
{"type":"Feature","properties":{"OBJECTID":23,"CLASSIFCTN":"NATURE AREA","INC_CRC":"81688725CDDAD6D3","FMEL_UPD_D":"20251230175800","SHAPE.AREA":109170.018700965,"SHAPE.LEN":2137.7959287425201},"geometry":{"type":"Polygon","coordinates":[[[103.77419231322159,1.297183564476268],[103.77397385312041,1.296523887945994],[103.774458308408043,1.296084117798734],[103.774591295015171,1.29602675797964],[103.774657786327154,1.296065001481689],[103.775075731972322,1.296380505932552],[103.776405613046038,1.295003829703834],[103.776510101846299,1.294965590110496],[103.777668970403866,1.294927374936986],[103.77819142839175,1.294124307204705],[103.778514395303418,1.293990467409563],[103.778713875495569,1.293856624899166],[103.779540292025416,1.293340378083593],[103.779597284255274,1.293407302267838],[103.779673265234962,1.29386620644263],[103.780100720743661,1.293694126705551],[103.780243204806609,1.293675009636307],[103.780252701112701,1.293780174761534],[103.780214703160141,1.29388533888641],[103.779825240286399,1.294248628319218],[103.779844227955309,1.294736212291482],[103.779711238911261,1.294917858297495],[103.779625747644019,1.294975219408251],[103.779150795779273,1.295233341976348],[103.778894323530523,1.295328940426374],[103.778542865410628,1.295214207846743],[103.778010929943932,1.295042107426826],[103.777336498599325,1.295386269197321],[103.777602448153544,1.296304080163414],[103.776738039348515,1.296600434644723],[103.776491065595664,1.296686473921137],[103.776424571418133,1.296734274405673],[103.776348579634089,1.296782074673197],[103.776301082285556,1.296877678476632],[103.77566463547204,1.297728545122359],[103.775531647276679,1.297852827956771],[103.775455653674825,1.297938871050012],[103.775265674580737,1.297977107714245],[103.774382272584162,1.298034450072601],[103.774258787046577,1.298015326197685],[103.774106804416178,1.297986641609998],[103.773992818504396,1.297919715960681],[103.773897832524128,1.297804987866124],[103.773831342292411,1.29768070040763],[103.773793349379204,1.297556413622667],[103.773831347206908,1.297470369682478],[103.77419231322159,1.297183564476268]]]}},
{"type":"Feature","properties":{"OBJECTID":24,"CLASSIFCTN":"NATURE AREA OTHERS","INC_CRC":"A37262A46455AB4F","FMEL_UPD_D":"20251230175800","SHAPE.AREA":126563.42032412,"SHAPE.LEN":2674.4487773092401},"geometry":{"type":"Polygon","coordinates":[[[103.66715285570281,1.4092722248849],[103.667067658784575,1.408723203420003],[103.666965418241986,1.408139868401378],[103.666658659719459,1.406887406118683],[103.666658686502203,1.406509958748267],[103.666863271688356,1.406218309147887],[103.66711898890641,1.406063917026731],[103.667306502790922,1.406115400304656],[103.667783786695068,1.406595822416835],[103.668005361974352,1.407110539466435],[103.668226920135808,1.407882607577724],[103.668329163408217,1.408431630247059],[103.66868709044256,1.409306647756802],[103.669045045072096,1.409804217830825],[103.669198460510174,1.409924325950568],[103.669368936165029,1.409855710659858],[103.669675829390982,1.409203777257756],[103.669863363931157,1.408963596938673],[103.670084991212661,1.408740574717934],[103.670374798952281,1.408637655413907],[103.670562313137935,1.408689138460099],[103.67189189680019,1.409975986221864],[103.671874835616578,1.410181864477619],[103.671806636973329,1.410336270204957],[103.671584999291923,1.410696546454248],[103.671516791128042,1.410988205128517],[103.671499710919193,1.411468592007134],[103.671482652048127,1.411640157916693],[103.670476807721187,1.412566550104528],[103.670016520930744,1.412789554545046],[103.669914246321625,1.412669450979673],[103.669846076243871,1.412412095069203],[103.669880187052669,1.412171903920173],[103.670033624233625,1.41198319015802],[103.670391632379392,1.411708708626732],[103.670493923689833,1.411588618599212],[103.670459859807167,1.411142541388215],[103.670187113996647,1.411039582441968],[103.669743898779799,1.410902297269425],[103.669573433850161,1.410816501205564],[103.669471159340546,1.41069639763132],[103.669334817262595,1.410198842417798],[103.669300732875712,1.410061587054593],[103.669045027031146,1.410061568910169],[103.668789319086571,1.410078707355215],[103.668260875226395,1.409855631873898],[103.667868809837273,1.409598253708519],[103.667596086179003,1.409186472673269],[103.667408561436758,1.409272243228191],[103.66715285570281,1.4092722248849]],[[103.667391627310195,1.407676667598317],[103.667391609115242,1.407934017756456],[103.667510915834725,1.408260004735497],[103.667800695746919,1.408551688859288],[103.667885936718193,1.408465911863648],[103.667920056984698,1.408105623526704],[103.667749615326997,1.407693849822419],[103.667510964323668,1.407573735533421],[103.667391627310195,1.407676667598317]]]}},
{"type":"Feature","properties":{"OBJECTID":25,"CLASSIFCTN":"NATURE AREA","INC_CRC":"52DB1059E3EE08D0","FMEL_UPD_D":"20251230175800","SHAPE.AREA":297493.84347313998,"SHAPE.LEN":3687.1376084859799},"geometry":{"type":"Polygon","coordinates":[[[103.812345859062475,1.280239634909831],[103.811627343287199,1.280328489974193],[103.811388634765848,1.280352982651947],[103.811060691393422,1.280392946402939],[103.810666983044896,1.280440448312815],[103.81060203485444,1.280447365221015],[103.810531993753031,1.280453918527273],[103.810538769109954,1.280512648946942],[103.810540250685861,1.280525490036987],[103.810541005399969,1.280532046689042],[103.809734040039473,1.280626549990986],[103.809783013036167,1.280432655521585],[103.809846939031118,1.280388446235264],[103.809943758998358,1.280113504831947],[103.809957922497489,1.279932134587314],[103.809369861036387,1.279238840304103],[103.809342340002814,1.279209099102164],[103.80927200048724,1.279133222226718],[103.808939532431793,1.278768684058621],[103.808686784502612,1.278780908642094],[103.80835160707629,1.278644617595872],[103.808328605398017,1.278646511110557],[103.808106107581224,1.278664825021657],[103.807930205264654,1.27886121695887],[103.807779662115209,1.27917192085581],[103.807669239632361,1.279292174951002],[103.807514312371623,1.27934207623978],[103.807248646778973,1.279287673276531],[103.806995881722102,1.279299896786658],[103.806752327885732,1.279369033856613],[103.806580681289347,1.279527250691891],[103.806498552039784,1.279806367569235],[103.806462650165273,1.279882799585981],[103.806461565416441,1.279385252401029],[103.805855225611495,1.279243322154373],[103.805897531777674,1.278959474137049],[103.805931673442146,1.278796257449156],[103.805931746227373,1.278795910173836],[103.805953928517312,1.27878691831234],[103.805972165312141,1.278779525325363],[103.806046537576933,1.278749376406632],[103.806099919015978,1.27872783229323],[103.806174036985965,1.278698236839267],[103.806197141175332,1.278689086721577],[103.806204450807712,1.278686200971078],[103.806204733848162,1.278686088832835],[103.806205100452971,1.278685944138367],[103.806214744495236,1.278682137769239],[103.806231192290937,1.278675664500413],[103.806255933620932,1.278665960928263],[103.806272400285309,1.278659525642694],[103.806278190484164,1.278657266600718],[103.806287267546281,1.278653730630384],[103.806292931050763,1.278651526753277],[103.806295709339793,1.278650446066724],[103.806297967373524,1.278649568856738],[103.806300040307789,1.278648763993988],[103.806300062767789,1.278649092278666],[103.806320560849713,1.278931094257356],[103.806912802471771,1.278817561070796],[103.807885770897727,1.278576299982734],[103.808111386869655,1.278533724725235],[103.808338609892317,1.27853515676228],[103.808386861142424,1.277998094729397],[103.809211265849655,1.27805119339408],[103.809211264657876,1.278178924985103],[103.810057322103944,1.278164740643827],[103.810691870636816,1.277582857182081],[103.810684674187186,1.277179899252906],[103.810855411200151,1.27710895152648],[103.810967218348196,1.277062495283266],[103.81176555049143,1.276730750354247],[103.811809950043568,1.27671230891955],[103.811868986811021,1.276687632915401],[103.813246786918683,1.27611219581894],[103.813335341579574,1.276075207083787],[103.813398557425685,1.276048756712439],[103.81358037422676,1.275967259470383],[103.813758188999927,1.275877159865401],[103.81393245911859,1.275775826199825],[103.814100586004571,1.2756644594514],[103.814516393999099,1.275365793314487],[103.814551703921694,1.275346469104208],[103.814558127562165,1.275345886740351],[103.814591437224905,1.275342795865334],[103.814630660964696,1.275352034240201],[103.81466472522348,1.275373158645113],[103.814733573486819,1.275413114893697],[103.814808283243053,1.275531459726295],[103.815054555530565,1.275837942633822],[103.815081974131587,1.275872064518459],[103.815134920807253,1.275941393511322],[103.815187308593281,1.276011111376023],[103.815239150967088,1.276081305836125],[103.815290448828137,1.276151836715071],[103.815341221044861,1.276222826102321],[103.81539136069199,1.276294186273734],[103.815441062752029,1.276365900047792],[103.815490114271086,1.276438073233735],[103.815538640146414,1.276510599117368],[103.815586533451423,1.276583584413077],[103.815633882244029,1.276656834683042],[103.81568074133358,1.276730544366117],[103.815723106883041,1.276798373836631],[103.81576498093267,1.276866553292261],[103.815806434467049,1.276935051985147],[103.815934319920387,1.277158900361128],[103.815950798732601,1.277211854657064],[103.815967964028687,1.277264669685352],[103.815985759201126,1.277317306557901],[103.816004186946245,1.277369660368379],[103.816023404507916,1.27742175010952],[103.816043182759287,1.277473574875392],[103.816063663668729,1.277525204303009],[103.816084776252225,1.277576587747474],[103.816106520510729,1.277627583223452],[103.816128984499414,1.277678417727151],[103.816152080163064,1.277728881445269],[103.816175807501693,1.27777897528215],[103.816200149441855,1.27782889186742],[103.816225141027672,1.277878455754479],[103.816250763389959,1.277927666038836],[103.816266014899028,1.277967356004081],[103.816281827097583,1.278006780089702],[103.816298183811924,1.278045940104291],[103.816315084143,1.278084923771233],[103.816332511917139,1.278123730186061],[103.816350482410755,1.278162165814751],[103.816369085476467,1.278200407913414],[103.816388127030564,1.278238401314515],[103.816407730172926,1.278276112557331],[103.81642782481822,1.278313453013624],[103.816459946210543,1.27837782320799],[103.816492483632487,1.278441393041714],[103.816524563698607,1.278505245938226],[103.816556239423306,1.278569276087191],[103.816595683754713,1.278656452602413],[103.816444852494882,1.278803254451886],[103.81569353264139,1.279534500744296],[103.814427156201859,1.27962197540564],[103.814170989175992,1.279646790169986],[103.814116189045464,1.279660994616887],[103.814049726730687,1.279683382572326],[103.813986585407903,1.279706137723383],[103.813978779788542,1.279708951143321],[103.813936118000413,1.279723568973193],[103.813895732143507,1.279746776477469],[103.81386298656038,1.279769054352365],[103.813838334104062,1.279791758244609],[103.813813999640971,1.279826208030273],[103.813807901199041,1.279834841955192],[103.813807592995886,1.279835456920958],[103.813790009315809,1.279860842308753],[103.813779029185241,1.279860507609535],[103.8136537856942,1.280081534329512],[103.813653835104603,1.280082739848301],[103.81365034787585,1.280083116941527],[103.81363604852946,1.280084832411234],[103.813636689024577,1.280106123878813],[103.813460685941635,1.280126755597231],[103.812568370389059,1.28023135727246],[103.812566467431893,1.280213165957298],[103.812345859062475,1.280239634909831]],[[103.812472803843619,1.278876587140654],[103.812535368213943,1.278975859785898],[103.812817894028598,1.279146805126406],[103.813552476283277,1.279045766240314],[103.813486229730401,1.278703997186678],[103.813414706923211,1.278603159942868],[103.813352923799215,1.278562860959782],[103.813277276199287,1.278528404063519],[103.813207999123264,1.278507874434764],[103.812910763162392,1.278480234681528],[103.812803522789068,1.278471832270962],[103.812768893208315,1.278465429088619],[103.812727084394623,1.278448896960974],[103.812698978329948,1.278425699774194],[103.812674502382677,1.278399264990193],[103.812650448788276,1.278367856202423],[103.812572950065544,1.278352228147633],[103.812486842822409,1.278402745268752],[103.812426038470704,1.278443178925746],[103.812059082483728,1.278722606557035],[103.812025252206169,1.278763962881167],[103.81192450727211,1.278873670542459],[103.812074806069987,1.278822258655532],[103.812181732131691,1.278810520888145],[103.812274254540327,1.278810530697342],[103.812472803843619,1.278876587140654]]]}},
{"type":"Feature","properties":{"OBJECTID":26,"CLASSIFCTN":"NATURE AREA OTHERS","INC_CRC":"03F437132F62F9B2","FMEL_UPD_D":"20251230175800","SHAPE.AREA":28400.244498889999,"SHAPE.LEN":727.04880866364397},"geometry":{"type":"Polygon","coordinates":[[[103.672738694928483,1.413948724003079],[103.672512752221351,1.413872908396159],[103.672236607193938,1.413670755548847],[103.672236621124654,1.413468621062256],[103.672801540701258,1.412748558947321],[103.673454313165109,1.412243270244036],[103.673943889752337,1.411902203736288],[103.674307921571526,1.411826428039844],[103.67444599706424,1.4118769713929],[103.674508742370122,1.412142276180977],[103.674508725218203,1.412394943641949],[103.674358073309293,1.412685500675206],[103.673642528939624,1.413329752034006],[103.673077629363462,1.413759246989988],[103.672738694928483,1.413948724003079]]]}},
{"type":"Feature","properties":{"OBJECTID":27,"CLASSIFCTN":"NATURE AREA OTHERS","INC_CRC":"58554F0F2A5B1899","FMEL_UPD_D":"20251230175800","SHAPE.AREA":211094.662021895,"SHAPE.LEN":2687.3396580274898},"geometry":{"type":"Polygon","coordinates":[[[103.655063146096893,1.345521553299128],[103.655063167144206,1.345231582905684],[103.654746273530648,1.344854597899056],[103.654573442034774,1.344390632183631],[103.654832752938091,1.344216669580244],[103.655408972084174,1.344216711896512],[103.655956357809998,1.344535718878606],[103.656474911487578,1.345144694975769],[103.656820613779644,1.345550679297703],[103.657166346209053,1.345550704445654],[103.657483276791865,1.34540574223889],[103.657742571960924,1.345463754937788],[103.658001851754221,1.34572474673696],[103.658289953282278,1.345840756279163],[103.658693307563922,1.345840785375427],[103.659615254724912,1.345898845540842],[103.660421963373054,1.345898903227638],[103.660594792015246,1.346420862595214],[103.660623552335949,1.347145790841401],[103.660364238481804,1.34734875238664],[103.659442255768411,1.34778364202922],[103.659010068002459,1.348102577892348],[103.658549072893507,1.348363518578303],[103.65826096278245,1.348363497746021],[103.657800002869379,1.348131487818386],[103.657800023633783,1.347841517388122],[103.657800050620835,1.34746455564688],[103.657684831902955,1.347116582952712],[103.657396724031699,1.347087564632516],[103.657223845213764,1.347261534682456],[103.6571373724572,1.347812471832271],[103.656964481046671,1.348160424465395],[103.656589946150262,1.348044408428487],[103.656359465114789,1.347957400279621],[103.656100152969245,1.348131363906922],[103.655725586615048,1.348450304242263],[103.655091738302929,1.348537248920014],[103.654429082834554,1.348566196496128],[103.654054533198945,1.34865316005723],[103.653737594751675,1.348885113018254],[103.653363036533221,1.349088064243458],[103.653218990004291,1.348972065736652],[103.653219011323884,1.348682095380837],[103.653535966801826,1.348218166019946],[103.653622423372767,1.347899204679107],[103.65359364390099,1.347464246992641],[103.653507246884615,1.34697129113538],[103.653564883552633,1.346768315433672],[103.653852990058695,1.346826331597615],[103.654227519458587,1.347000341006926],[103.654486816782409,1.347029357570262],[103.654832571685404,1.346710415292383],[103.655207137841884,1.346391475070637],[103.6550919069049,1.346217484902691],[103.655063118728577,1.345898514990448],[103.655063146096893,1.345521553299128]]]}},
{"type":"Feature","properties":{"OBJECTID":28,"CLASSIFCTN":"NATURE AREA OTHERS","INC_CRC":"7AC58545CD2C8056","FMEL_UPD_D":"20251230175800","SHAPE.AREA":133134.5160181,"SHAPE.LEN":1875.0788134238601},"geometry":{"type":"Polygon","coordinates":[[[103.94774055036288,1.406885835299644],[103.947690034500567,1.406954581074831],[103.947677249416316,1.406971983442663],[103.947422409375847,1.407318843317204],[103.947116372584475,1.407556154863222],[103.947070390548419,1.407524106523688],[103.947021242094564,1.407588689440324],[103.947032063252209,1.40765307949856],[103.946841927822888,1.407750398193236],[103.946464815268314,1.40784840428171],[103.946144279173041,1.407981967080279],[103.94609943040669,1.407990517295378],[103.94584780339936,1.40803848785837],[103.945742382598212,1.408058586096001],[103.944056611485436,1.408200697374169],[103.944010529278771,1.408140025909858],[103.944076999523645,1.407993045773125],[103.944789796167569,1.406954369604233],[103.944816230641294,1.406915851543814],[103.945038630830823,1.40674759328233],[103.945368349326387,1.406592533509142],[103.945534111435563,1.40643562768677],[103.945764417087048,1.406019745550619],[103.946507454776963,1.405273393531229],[103.946828918679444,1.404822336216492],[103.947557916948625,1.404016956875551],[103.947855105105049,1.403820216334821],[103.948324091597343,1.403264272688195],[103.948786857774238,1.402834216488102],[103.949176377166893,1.402556476535405],[103.949179948851992,1.402589489194448],[103.949189588003847,1.402682368518565],[103.949209939883659,1.402790362818128],[103.949218161666664,1.402895218680702],[103.949222394809695,1.403039849494608],[103.949210487832602,1.4032066461253],[103.949205711589926,1.403328694560182],[103.949191020211359,1.403428601085826],[103.94916509719954,1.403523108224639],[103.949182701943315,1.403590875726406],[103.949156764019079,1.403674539563509],[103.949138877011805,1.403732418729413],[103.949130007724534,1.403817856074255],[103.949136824690797,1.403879318900645],[103.949148121561137,1.403932181923795],[103.949124826200574,1.40397606183285],[103.949129394760959,1.404034357694865],[103.949144776387669,1.404119762178171],[103.949163738417681,1.40419612105233],[103.949213649652279,1.404241244426476],[103.949259993668718,1.404307621392562],[103.949279385367788,1.404368615130661],[103.949297455313456,1.40444903553801],[103.949309074852991,1.404521568420428],[103.949146061641756,1.404581896606454],[103.949007611436443,1.404830756843534],[103.948807558478634,1.404979000803992],[103.948503307429078,1.405341041139484],[103.948324780109317,1.405584866034711],[103.948274220274769,1.40565392473117],[103.947949189653357,1.406482825832063],[103.947753739781703,1.406867885772435],[103.94774055036288,1.406885835299644]]]}},
{"type":"Feature","properties":{"OBJECTID":1,"CLASSIFCTN":"NATURE RESERVE","INC_CRC":"EDC786EA75C6A505","FMEL_UPD_D":"20251230175800","SHAPE.AREA":30078973.652403101,"SHAPE.LEN":46175.919023025403},"geometry":{"type":"Polygon","coordinates":[[[103.816414843345271,1.357458027490601],[103.812559229501076,1.362654673487612],[103.812384319476621,1.362890419835098],[103.812370214494706,1.362909429448742],[103.812361865398088,1.363071545716069],[103.812367004048966,1.363205301237659],[103.812289879464558,1.36347064556076],[103.812249315096494,1.363610202176453],[103.812246393711007,1.36362639931482],[103.812184911611396,1.363967335058567],[103.812138264937289,1.364196247329253],[103.812070340519753,1.364281482154022],[103.812056862746189,1.364298394550267],[103.811856101626489,1.364636977692143],[103.811749897826331,1.364861864996401],[103.811668844957268,1.365084762921977],[103.81176746166949,1.365217687272659],[103.811536542546733,1.365769275023271],[103.811477711516858,1.365960927357746],[103.811457905430018,1.366141076534912],[103.81147667780732,1.366994371503618],[103.811490622360523,1.367131744559667],[103.811544292703488,1.367264948859493],[103.812105089822538,1.368186297594508],[103.812175133220137,1.368301374044488],[103.812282430158191,1.36844747503679],[103.812261052157794,1.368564942718491],[103.812118475642251,1.368615088450555],[103.812052492261486,1.368773550563282],[103.812081237322843,1.368795128950376],[103.81200806529597,1.368962508028691],[103.811997371805532,1.369019944105246],[103.811939997155861,1.369127716676045],[103.811591627307052,1.369486348199935],[103.811494804687371,1.369672384078527],[103.81150209006509,1.369896349944797],[103.811579401423728,1.370077277758272],[103.811640547911594,1.370213701658707],[103.811729334365182,1.370357876209877],[103.811785719962373,1.370324460463042],[103.811885137817185,1.370322598370566],[103.812129996870397,1.370482202761777],[103.812393771178463,1.37060600351511],[103.812429516467688,1.370588576730783],[103.812456824062139,1.370584606811541],[103.812483565459502,1.37059191430886],[103.812505661177568,1.370607270606788],[103.812521691482786,1.370629762285213],[103.812527882415907,1.370655057406591],[103.812527172296456,1.370683870444468],[103.812626949505074,1.370692390425638],[103.812624240680947,1.370754348394852],[103.812617305946546,1.370912973818726],[103.813001470100659,1.371124055741438],[103.813337075146649,1.371384099473931],[103.813530742878598,1.371536350810644],[103.813500019174157,1.371617161828199],[103.813474014864852,1.371685561390164],[103.813517903589954,1.3717072312273],[103.813667332650624,1.371781009596341],[103.813908148804828,1.371890593388209],[103.814169183654329,1.371896763270358],[103.814567295924434,1.37185163867094],[103.815510120846128,1.371956172342164],[103.816033691832047,1.371878807849343],[103.816309796911327,1.371717254215652],[103.816749622147853,1.371473802471177],[103.816849977877027,1.370987445124669],[103.816839870911551,1.370701656910558],[103.81654842562817,1.369824331118865],[103.816439457220625,1.369650791892701],[103.816275855818176,1.369469167254491],[103.816261157384133,1.369161846089488],[103.816230293595922,1.368866362935794],[103.816080387051329,1.368602974809787],[103.815898706975361,1.368358550960479],[103.815855848151557,1.368322816501788],[103.815855658554483,1.368322658236653],[103.815583364817229,1.368097639545633],[103.815553415672412,1.368072859741862],[103.815182011596121,1.367843582517381],[103.815173804485497,1.367787192630389],[103.815173304906637,1.367783758755506],[103.81522304444897,1.367767329548261],[103.815223245726642,1.36776758638924],[103.815245154440078,1.367795543167787],[103.815404506902382,1.367777158645689],[103.815414579586019,1.367815051583818],[103.815753428342845,1.367942717781958],[103.816100177339294,1.368073361156528],[103.816091900687695,1.36818892076171],[103.816180324682563,1.368281295877957],[103.816362305285622,1.368471409921634],[103.816380036680101,1.368483335899278],[103.816840466234467,1.368793022391222],[103.816857181355729,1.36880426465893],[103.816925319616402,1.368848126795522],[103.816969957802883,1.36899150772485],[103.816977902786022,1.36901702622563],[103.81690739064689,1.369215298559908],[103.81690972342831,1.369729610526447],[103.817037174485776,1.370048173709024],[103.817468071915883,1.370507711225047],[103.81807780742426,1.370703862773133],[103.818462607152398,1.370651518797156],[103.818708772579356,1.370617997348466],[103.819226970639676,1.37038469258586],[103.819653954067306,1.370265318995862],[103.81988131829722,1.370133806736513],[103.820119903884333,1.369995965776241],[103.820127087978321,1.369991648381118],[103.820299893490457,1.369891693568758],[103.820436108327698,1.369787702368039],[103.820441533017444,1.369783827196535],[103.820696344316104,1.369589773695518],[103.820870119537702,1.369450258335525],[103.820934135471532,1.369101336846912],[103.82077088458486,1.368847028758511],[103.820613619195441,1.368405245976477],[103.82055254516608,1.368242372356797],[103.820461745084899,1.368000225619991],[103.820179092632429,1.367702878146463],[103.820108786970664,1.367663289211355],[103.819770029125294,1.367472534273526],[103.819445062366569,1.367318347337781],[103.819080810076883,1.367184698236435],[103.818933642146305,1.367225393745325],[103.818792179751057,1.367328472327688],[103.818637961763102,1.367199733319223],[103.818630402137529,1.36719342261873],[103.818730612826073,1.366823556331299],[103.818773800031678,1.366496556558118],[103.818736266215282,1.366444673854327],[103.818565893565648,1.366209169112154],[103.8185106922448,1.366132864842326],[103.818445130846911,1.366134433506494],[103.817985289910908,1.366145432186565],[103.817977908308166,1.365981633680159],[103.817968291381916,1.365768257909022],[103.817826045311364,1.365477052594067],[103.817813604790885,1.365451584710602],[103.816808493702808,1.36531959504619],[103.816438589358128,1.365258801092117],[103.816242926356637,1.36521403366867],[103.816205395631556,1.365116745507947],[103.816205188961632,1.365116627034744],[103.816205339921325,1.365116601713636],[103.816185670622147,1.365064822195578],[103.816261896711183,1.364991243663258],[103.816666378214919,1.365010364779399],[103.816696151406759,1.365007148163085],[103.816940672750164,1.364980731563344],[103.816984040394402,1.364976046349061],[103.817115528257688,1.364926547770046],[103.817271421296724,1.364867859197958],[103.817379159760776,1.364852222556641],[103.817775428828895,1.364794708504382],[103.817886563756161,1.364797765976512],[103.818336288277493,1.364798890252347],[103.818419843910959,1.364726160894199],[103.818531054027886,1.364629359335613],[103.81857464582454,1.364556104288394],[103.818636861535992,1.364451552923977],[103.818746255604083,1.364059828197422],[103.818850184879523,1.363912842499049],[103.819194797331448,1.364085510315715],[103.819227294854144,1.364101793586903],[103.819283191148941,1.36472804810701],[103.819375553425985,1.365000841094933],[103.819469245431648,1.365303921246829],[103.819582570504593,1.365727245783945],[103.819694468292042,1.365902240916006],[103.819817881550748,1.366024587636388],[103.819901030168197,1.366107017293171],[103.820125455950986,1.366253317556371],[103.820197666585813,1.366284212847629],[103.820386463591589,1.366364988079854],[103.820389847594882,1.366366435985432],[103.820398829670552,1.366370279582335],[103.820402280170441,1.366371266262476],[103.820814485522178,1.366664879370131],[103.821278569694854,1.366993888583324],[103.821312452826078,1.367017909574128],[103.821598412342553,1.367260217321341],[103.821627213145646,1.367289719634613],[103.82179683616009,1.367463470545205],[103.821831616918729,1.367499097239852],[103.821895325139081,1.367574207713275],[103.82197074165947,1.367663122457227],[103.822102121065768,1.367759039955644],[103.82223410256934,1.367845127009846],[103.822469967408125,1.368000190396279],[103.822657085107963,1.368101380561242],[103.822831686022639,1.368139192807387],[103.823095556213161,1.368186058112259],[103.823089878046602,1.367998804036289],[103.823093935487194,1.367904784533722],[103.82307211506523,1.367800501289566],[103.823053723677162,1.367674922089636],[103.823016470454107,1.367541022656475],[103.822984212172983,1.367456091857527],[103.822943021374542,1.367334139058237],[103.822925802357247,1.367271796630755],[103.822921060080589,1.367185311348456],[103.822905870953761,1.36711816585087],[103.822867615740719,1.367007778977777],[103.822836494253878,1.366901669778507],[103.822801792971219,1.36677232111367],[103.822751302010516,1.366648550497236],[103.822683331485067,1.366457760981158],[103.822578267352114,1.366219828593978],[103.822536557263675,1.366088527370632],[103.822509015597433,1.366005667580082],[103.822488607652275,1.365927099030188],[103.82245098052384,1.365828392921786],[103.822427268437906,1.36577345539542],[103.822401266799119,1.365718647182419],[103.822389248862365,1.365625532874476],[103.822373810877394,1.365553718138786],[103.822359657740606,1.365505273086814],[103.822348308096934,1.365466052563545],[103.822329816649017,1.365422545320534],[103.822262003941844,1.365318502415889],[103.822215978742733,1.365234337538161],[103.822198005730002,1.365200181423407],[103.82217656722959,1.365102910611795],[103.822125574781793,1.365011989203312],[103.822099823836808,1.364961857455817],[103.822097014115272,1.364939822606278],[103.82209846092131,1.364915970908857],[103.822126823176049,1.364950956375226],[103.822174872159806,1.364988116025046],[103.822199218762208,1.365012536687977],[103.822238082578068,1.365050210877006],[103.822279008439239,1.365125281443356],[103.822304774473011,1.36521761896675],[103.822341861780529,1.365264772692512],[103.822384825623999,1.365335038378805],[103.822423449360869,1.365410240064865],[103.822447687063871,1.365474526911977],[103.822486828338597,1.365559078821832],[103.822524555383637,1.365617917838769],[103.822573240521479,1.365666763678936],[103.822624218809494,1.365715476586826],[103.822669090362226,1.365778601415897],[103.822711026343583,1.365830168455271],[103.8227987348954,1.366003433287179],[103.822864375076989,1.366067733877621],[103.822898531326302,1.366103326188527],[103.822957545443842,1.366172692091877],[103.823068030429084,1.36625791624361],[103.823202226808903,1.366355874844646],[103.823273460702154,1.366396413275584],[103.8233223965522,1.366449937377975],[103.823350707542801,1.366504620788212],[103.82335544893516,1.36659109793097],[103.823375840014947,1.366627469739453],[103.823436509371746,1.366685017405122],[103.823468241307509,1.366718402144529],[103.823515403354236,1.36678140487775],[103.82356244230894,1.366842055358004],[103.823646825596711,1.366954547768087],[103.823727500598423,1.367041449363737],[103.823807916836401,1.36712367629657],[103.823857496941372,1.367188884777113],[103.823905951059047,1.367275252663559],[103.82395603090184,1.367307609206641],[103.824029296519797,1.36734334635294],[103.824132512355405,1.367379739276802],[103.82419838458263,1.367406508713043],[103.82427090698458,1.367470430362304],[103.824355229570713,1.36748974880685],[103.824380315385497,1.367368133608278],[103.824404369429615,1.367303477981882],[103.824432504809991,1.367229206264867],[103.824466504167404,1.367178058259961],[103.82451184258089,1.367123917755025],[103.824572858359986,1.367061873162855],[103.824630560127332,1.36702344874371],[103.824708257801177,1.366972182422463],[103.82478074635678,1.366951688883979],[103.824845214206121,1.366952757168397],[103.826432100797135,1.367037661292736],[103.827023672924497,1.367069898995864],[103.827890053598182,1.367117124320356],[103.828077535577776,1.367127344057325],[103.828079398311843,1.367127433593492],[103.828079374944551,1.367129496448418],[103.828079544623051,1.367199012219711],[103.828079550009932,1.367201103109994],[103.828079567910507,1.367233674694784],[103.828091852616183,1.367480360885596],[103.828098138894291,1.36753297862316],[103.828101084351758,1.367557620748089],[103.828099451538691,1.36760944534074],[103.828099135239484,1.367610705119516],[103.828082567270968,1.367676727294457],[103.828060877410351,1.367763163673256],[103.828044271783398,1.36779099363905],[103.82737918377606,1.368899344774975],[103.827332799399898,1.3689766587617],[103.827320605753812,1.368996988840169],[103.827305590554545,1.369034538007492],[103.827289074690128,1.369093113640587],[103.827275577929967,1.369187737241695],[103.827269597734968,1.36927165861483],[103.827269584255959,1.369271843105117],[103.827269611888937,1.369360462665927],[103.827281660549076,1.369467095385096],[103.827287183996702,1.369492448347471],[103.827296711427451,1.369536179810997],[103.827317764786088,1.369593246154947],[103.82733731757439,1.369633787950743],[103.827409472528558,1.369731396168416],[103.82775375063872,1.370172880511431],[103.827777804402857,1.370202914505434],[103.827797348231883,1.370237452222816],[103.827822912422207,1.370299021402289],[103.827851486797854,1.370372610494027],[103.827887582177155,1.370461210240882],[103.827894240532203,1.370484732770999],[103.827904197463909,1.370542078532597],[103.827917226576503,1.370613948391404],[103.827928727210846,1.370690403373521],[103.827937164582423,1.37078291985814],[103.827941783046072,1.370867786316597],[103.827942573548896,1.370974835917624],[103.827943364067167,1.371075003306416],[103.827939581696796,1.371202689585219],[103.827938321807522,1.37124419176321],[103.827937307246145,1.371277617064403],[103.827926623032724,1.371369173974664],[103.827917304646391,1.371460713705005],[103.827896780994635,1.371589621741261],[103.827879051907217,1.371713864168348],[103.82785572469659,1.371848378351633],[103.827829593960502,1.371974491888369],[103.82779972517406,1.372096862252286],[103.827758642191554,1.372229513402369],[103.82773249359208,1.372305181498914],[103.827695598042226,1.372396169500258],[103.827645098103389,1.372493922113126],[103.827601921548265,1.37257864375785],[103.827544090153609,1.372678032345629],[103.827491136269245,1.372748907243156],[103.827421074435492,1.372837697552915],[103.827351003659402,1.372906953592504],[103.827271975044312,1.372966433429498],[103.827219003261064,1.37300309622079],[103.827154629516386,1.373034062390806],[103.827104112659029,1.373058506320406],[103.827046252701422,1.373072370072057],[103.827028541849856,1.373074658066697],[103.826732884742526,1.373112821435313],[103.82651848542821,1.373160553175375],[103.826468988436091,1.373186566166304],[103.826436472674899,1.373203654939102],[103.826389144815792,1.373235596946702],[103.826307051022695,1.373334687896636],[103.826261223618772,1.373419435734815],[103.826234311146422,1.373504193576652],[103.826241912506646,1.373692996819826],[103.826358196014283,1.373923537698927],[103.826432085217249,1.374050022298724],[103.826521537327451,1.374306120424767],[103.826517825950788,1.374402842170276],[103.826511773620879,1.374560397778654],[103.826510466101823,1.37459444075816],[103.826388240093507,1.375364913519116],[103.826249984012691,1.375950886873365],[103.82623196691496,1.376193085509026],[103.826240736790993,1.376258696255922],[103.826263775917809,1.376353328997911],[103.826302602983787,1.376443584663599],[103.826362968814635,1.376543997306722],[103.826456358053179,1.376661862465208],[103.826686203376553,1.376893172359818],[103.82687579199488,1.377041515748344],[103.82697919155197,1.37709528952487],[103.82702851417703,1.377114615920181],[103.827465437729003,1.377285824043249],[103.82751558075843,1.377305472384127],[103.827557447039169,1.377321877653644],[103.827614499178679,1.377350118373767],[103.827626486129191,1.377356653338575],[103.827638086691863,1.377363789704591],[103.827649318838269,1.377371491297325],[103.827660076536844,1.377379721941935],[103.827670501762015,1.377388553987916],[103.827679613273816,1.377397153609101],[103.827680383349318,1.377397879815408],[103.82768982463466,1.37740770123342],[103.827698810342326,1.377418016433165],[103.82770716435229,1.377428685237792],[103.827714991797166,1.377439883998569],[103.827722239661497,1.377451470730213],[103.827728891771201,1.377463340526417],[103.827734998446047,1.37747563446812],[103.827735206015348,1.377476113781661],[103.827740404233424,1.377488104759196],[103.827745160351597,1.377500928655127],[103.827749301845245,1.377513964170837],[103.827752794568653,1.37752717603602],[103.827755585505983,1.377540565154934],[103.827757667468703,1.377554101683545],[103.827758752030221,1.377561153013953],[103.827750366386269,1.377629214541333],[103.827741092934602,1.377704485658131],[103.827661842639472,1.378347763357136],[103.827631488580536,1.378450652801225],[103.827555298128146,1.378616006569765],[103.82726195771076,1.379031344144105],[103.827185417026215,1.379097036962765],[103.826685741915568,1.379339706372772],[103.826685207263381,1.379339965923794],[103.826652759776351,1.379333906592161],[103.826469716442276,1.379415770924859],[103.826314041897575,1.379485395659514],[103.826309270348276,1.379526842656934],[103.826180765057259,1.379602537555788],[103.825981488144052,1.379653136121879],[103.825809617756846,1.379695477913269],[103.825717918253631,1.379702441224076],[103.825443592817194,1.379631474865495],[103.825247012011516,1.379562688260036],[103.825174173747797,1.379520399939629],[103.825166014709509,1.379516465927169],[103.825094488394384,1.3794661016365],[103.825087102134262,1.379460937691159],[103.824798166403255,1.379257843596498],[103.824790950873705,1.379252607301699],[103.824680956734142,1.379172751542513],[103.82434041699311,1.378699957708573],[103.824247381635288,1.378630353866184],[103.824218435965008,1.378608697849509],[103.824175610020731,1.378589063937192],[103.824085617897964,1.37858240746661],[103.823967760965459,1.378586585165728],[103.823684763822897,1.378677481675197],[103.823616122503992,1.378720863745295],[103.823476644500104,1.378842418761245],[103.822927101131512,1.379450402373203],[103.822766084823428,1.379641502857838],[103.822755176064192,1.379657510055344],[103.822737366261592,1.379672314417502],[103.822671635458619,1.37969768153773],[103.82263128044562,1.379709556561664],[103.822608016358743,1.379710667919858],[103.822554955578369,1.379706950741715],[103.822469367402618,1.37968426889595],[103.822276874309722,1.379611837475212],[103.822216428254279,1.379586171335919],[103.821951025733497,1.379524392955051],[103.821705723228405,1.379503564254159],[103.821625049192193,1.379517084100797],[103.821482112754296,1.379573135881497],[103.821313298156625,1.379653162216794],[103.821270202443969,1.379673591584418],[103.821238276032545,1.379688721434252],[103.821145739608198,1.379761893065796],[103.821038269382711,1.379911573826481],[103.820854850322135,1.380317008374278],[103.820739374120933,1.380397360519601],[103.820522925140381,1.380473055542716],[103.820429374539273,1.380478371790741],[103.819998454257686,1.380474833334348],[103.819626579397749,1.380453596735586],[103.818941246597447,1.380314094486506],[103.818705056648596,1.380266017036632],[103.818651789377839,1.380231786522205],[103.818505438837178,1.380192572377795],[103.818243765673145,1.380092511869091],[103.818170325269847,1.380082491044019],[103.818083469171782,1.380069829386764],[103.818012778243215,1.380085374045476],[103.817818244604965,1.380150008588577],[103.817790244893757,1.38017149609742],[103.817710370613142,1.380312305072739],[103.817702758612654,1.380339571602245],[103.817717926385001,1.38050201359525],[103.817770571464791,1.380731315478288],[103.818916116110884,1.382709258522593],[103.818916148459238,1.382709315497737],[103.81897526959817,1.382811396867235],[103.818982239773646,1.382823432187892],[103.819314745171084,1.383397541738266],[103.819315223208363,1.383398366521216],[103.81933575577429,1.38353160751869],[103.819433376522298,1.385158866685753],[103.819424165527735,1.385260010717158],[103.819416805718262,1.385340752304317],[103.81936673367882,1.385457017966271],[103.819352646508136,1.385489728733651],[103.819345245740422,1.385505774822641],[103.819309855763763,1.385582515335608],[103.819255509148988,1.385705146788561],[103.819179874288267,1.385839316894189],[103.819145288510455,1.385918856416194],[103.819105685740723,1.386038206016558],[103.819049615416617,1.386197318598446],[103.819005162251031,1.386295089134709],[103.818968814402112,1.386366325675857],[103.818838382666755,1.386621943397655],[103.818785269261099,1.386677371547305],[103.818744984964169,1.386711220742836],[103.818709144365243,1.38670637493729],[103.818153462343275,1.386631235941143],[103.817399010542914,1.386314034278776],[103.817355456589738,1.386306572979388],[103.817324195144408,1.386301933378941],[103.816912510231759,1.386474790700671],[103.816858999753549,1.386510067762305],[103.816834307614215,1.38653225344992],[103.816788075601792,1.386567848897096],[103.816723116742338,1.38667648065759],[103.816677791678586,1.386799238722756],[103.816670988231976,1.386845360340289],[103.816682535278147,1.38692592208214],[103.816697747440784,1.387032103580884],[103.816821513285291,1.387496830041643],[103.816853556903197,1.387574090092778],[103.816879309944284,1.387599430555655],[103.816958959253256,1.387680172739892],[103.817067659562952,1.387761014602711],[103.817430216054603,1.387967094534333],[103.817626992131508,1.388063019046107],[103.817755767712953,1.388125794529472],[103.817874668993085,1.388164420705952],[103.817974176994539,1.388232339103432],[103.818077261058903,1.388343983524864],[103.81811890970387,1.388408383563448],[103.818132414906373,1.388473244645069],[103.818121973918977,1.388538556849362],[103.818081913871083,1.388627673533599],[103.817994427719213,1.388729757584811],[103.817863234468035,1.388875558306165],[103.817768415761719,1.388999564086214],[103.817724546584373,1.389094485851716],[103.817702458923733,1.389189489154153],[103.817678411822882,1.389366409743798],[103.817649843444599,1.389759789850489],[103.81766401324505,1.389876859877962],[103.817722454756108,1.390180247291806],[103.81785215222429,1.390683047457966],[103.817893176675156,1.39084207291944],[103.817904005168629,1.390884048145746],[103.818095973546747,1.391628200871658],[103.81819681507649,1.391995645558148],[103.818200468612432,1.392008959629826],[103.818348253546006,1.392547450608251],[103.818530207598215,1.393424316846527],[103.818549844399186,1.393544424659208],[103.81855352916385,1.393593965746537],[103.818552805584488,1.393629749619688],[103.818551483673247,1.393645967572307],[103.818550096193448,1.393657740575068],[103.818549558814553,1.393662305801517],[103.81854611800722,1.393685914203957],[103.818539258050151,1.393718402535617],[103.818530538040989,1.393749720608387],[103.818530285535203,1.393750521873363],[103.818530094134005,1.393751130509168],[103.81852434492032,1.393767648682614],[103.818520998556053,1.393776429132224],[103.818513542922602,1.393795744492918],[103.818506566248985,1.393812314207288],[103.818500757759125,1.393823977753936],[103.818481586349449,1.393858980139449],[103.818479383911608,1.393862141782273],[103.818455608186028,1.393896275044447],[103.818429072934009,1.393928569716637],[103.818420316222145,1.393937427002572],[103.818398539011824,1.39395945355503],[103.818369146319753,1.393984784604922],[103.818333238923074,1.394010622056544],[103.818300189048912,1.394030038541065],[103.818262870929544,1.394048252193417],[103.818228670911637,1.394061546124753],[103.81819630401047,1.394072479677202],[103.817704221964888,1.394235313523189],[103.817549612933803,1.394286475073608],[103.817330403913274,1.394367441299203],[103.817124781378936,1.39445166330884],[103.816942674680817,1.394532674972624],[103.816927177725901,1.394540031865626],[103.816790490733581,1.394604923546113],[103.816679336060417,1.394657855185742],[103.816532094283417,1.394730402217472],[103.816361803809215,1.394819517022153],[103.816273070506838,1.394868465985435],[103.816232891252582,1.394890629846268],[103.816194110193251,1.394912023198448],[103.816188463494157,1.394915330416413],[103.816028941542569,1.39500876180494],[103.815866055240079,1.395109723796674],[103.815716949563878,1.395208092164582],[103.815705765784017,1.395215469882212],[103.815663294184901,1.395245203242858],[103.815649659961181,1.395254748702308],[103.81562925519485,1.395268447215388],[103.815608914985432,1.395282242634662],[103.815588639787293,1.395296134651968],[103.815588196785114,1.395296439419295],[103.815574026106773,1.395306227243795],[103.815573818533736,1.395306372844819],[103.81555840724215,1.395317102540055],[103.815543034787567,1.395327888519149],[103.815527701372929,1.395338730639713],[103.815527323967359,1.395338998328597],[103.815517974233416,1.395345647960623],[103.815508639419733,1.395352318791446],[103.81549931957376,1.395359010787156],[103.815498885557304,1.395359323693796],[103.815488256162126,1.395366995328362],[103.815477645949571,1.395374693813227],[103.815467054986627,1.395382419099807],[103.815433412734933,1.395407325913057],[103.815400060841597,1.395432625178636],[103.815367003826125,1.395458313468225],[103.815366781875554,1.39545848800877],[103.815333999267011,1.395484579779691],[103.815301521413645,1.395511054782781],[103.815269352738113,1.39553790941281],[103.815269192789856,1.395538044161807],[103.815237285403228,1.39556531613307],[103.815205696275768,1.395592960837974],[103.815174429705863,1.39562097451483],[103.815047144955543,1.395736364043891],[103.814974255864627,1.395803710590289],[103.814902647600931,1.395872434844227],[103.814832345868808,1.395942512136575],[103.814752666636252,1.396025250478612],[103.814674808600302,1.396109726771076],[103.814598809176147,1.396195900418331],[103.814557932397605,1.396243865393552],[103.814517631442868,1.396292321419564],[103.814477912135217,1.39634126149473],[103.814436712362578,1.396393324334025],[103.814396170923516,1.396445908048501],[103.814356294318671,1.396499004206605],[103.814279010592344,1.396606060269058],[103.814204429154771,1.396715040463149],[103.814132597277904,1.396825875713934],[103.814012860420704,1.397030143097206],[103.81390650981055,1.397241781243412],[103.813813991354877,1.397459902794997],[103.8137153412506,1.397715056519956],[103.813715316089855,1.397715114399045],[103.813710511284839,1.397726375499424],[103.813650565633225,1.397885624454844],[103.813576556619964,1.398112094666725],[103.813501325499274,1.398341277957278],[103.813452433366948,1.3984882403108],[103.813410728262667,1.398613599276922],[103.813355751654427,1.398780797625029],[103.813294368009807,1.398964970828884],[103.813236099869428,1.399133574526811],[103.81320581679374,1.39913192832309],[103.813113922517346,1.399126931821209],[103.81310661346015,1.399126534742015],[103.813059917804239,1.399123995786688],[103.812930878883265,1.399117693957077],[103.812909695716058,1.399118953550676],[103.812887357871205,1.399120281865621],[103.812830133486656,1.399123685389216],[103.812781926337877,1.39913028139584],[103.812752757454348,1.39913427300127],[103.812672686583923,1.39914394898795],[103.812606531974339,1.399161350172939],[103.812525525575779,1.399182771121517],[103.812437246721146,1.399230829139388],[103.812342674207116,1.399277961932817],[103.812260235213571,1.399327393725335],[103.812175540748953,1.399379981724763],[103.812093505971831,1.399444778659222],[103.812002438527031,1.399523102080362],[103.811928933929138,1.399592898411017],[103.81185586239387,1.399668117309769],[103.811784034164887,1.399779038699342],[103.811726669730021,1.399864706760515],[103.811690937889807,1.399934626426618],[103.811654604035411,1.400000444795793],[103.811638924361219,1.400035562912361],[103.811584702930674,1.400047910592808],[103.811392176905755,1.400091749640888],[103.811233102458999,1.400126643926279],[103.811126915927701,1.400151356471288],[103.811047789251006,1.400179594481237],[103.810968159394221,1.400204924049059],[103.810909484570715,1.400218818133316],[103.810861473276518,1.400226365492522],[103.81065213379317,1.400277287295397],[103.810398662123887,1.400341619458705],[103.810012718974505,1.400208042876128],[103.809713104997243,1.400105429816479],[103.809376466899877,1.399991695374475],[103.809155706816611,1.399917616641058],[103.809155637623704,1.39991782283533],[103.809056143599875,1.400216037630044],[103.808956802736972,1.400559825130074],[103.808911592301811,1.40074175736475],[103.808906732678594,1.400750658063962],[103.808775303579012,1.40099142188292],[103.808796023256093,1.401061173885234],[103.808734889707921,1.401177601961218],[103.808675573268303,1.401276664457827],[103.808631711716018,1.401358763961978],[103.808590575588468,1.401438190194306],[103.808572226181724,1.4014723215994],[103.808524698242877,1.401484586077343],[103.808461641947517,1.401577939278404],[103.808333701240244,1.401716221487247],[103.808179951391523,1.401858654440342],[103.808067816280484,1.401869993045139],[103.807943710096978,1.401895941513587],[103.807852393203873,1.40191981572375],[103.807852438130368,1.401920057189412],[103.807856708845748,1.401942873434304],[103.807883079375344,1.401958375425367],[103.807991228059095,1.401976871752942],[103.807989955916639,1.402037167492463],[103.807960690830114,1.402125692647568],[103.807975622323866,1.402148996460634],[103.808156433642409,1.402536354687132],[103.80817571181916,1.402958389897158],[103.808357067566021,1.403365153050128],[103.808426990907435,1.403524516292679],[103.808557324476922,1.403828225706709],[103.808608124634091,1.403946110991907],[103.808651644652443,1.404047102680227],[103.808786445940058,1.404359918169021],[103.808830246760991,1.404678487159168],[103.808852720853437,1.404887446109806],[103.808873202240278,1.405062841380227],[103.808891272991673,1.405126616410805],[103.808899110150392,1.40515427827293],[103.808915170845196,1.405210962164525],[103.80891164479317,1.405211911709567],[103.808812763474322,1.405238527906489],[103.808805619611832,1.405250275518503],[103.808750895574491,1.405278337352448],[103.808665008582793,1.405313217758161],[103.808550717749853,1.405310964674584],[103.80841222756078,1.405355730110754],[103.808312125869548,1.405390274831567],[103.808256008153762,1.405415162321226],[103.808178765460354,1.40545612012765],[103.80811114660024,1.405496689159541],[103.808042215732684,1.405544032765282],[103.807946857219548,1.405618613712611],[103.807855721999104,1.405697364724268],[103.807761953750727,1.405791851635407],[103.80767594997171,1.405903413019191],[103.807659576595924,1.40592893398788],[103.807643204118349,1.405954454956452],[103.807616937109785,1.40608248546532],[103.807578162220636,1.406172948557791],[103.807531362472915,1.406308964370638],[103.807261346226895,1.407184087175943],[103.807148425977175,1.407555056881],[103.807013624498921,1.407984473560272],[103.806809952842059,1.408642585887071],[103.806585226591878,1.409355493354601],[103.806497521989186,1.409590238072474],[103.806390651241188,1.409842364436898],[103.806017225076971,1.410624924205383],[103.805932387302434,1.410821549994086],[103.805855016719519,1.411021766192372],[103.805799392316359,1.411186757674071],[103.805747173396313,1.411364446463327],[103.805631762894208,1.411795971342378],[103.805529705919113,1.412178796380435],[103.805475505267808,1.412382049694708],[103.805459199689878,1.412443195346744],[103.805381153817478,1.412748272504664],[103.805311330464946,1.413013838102114],[103.805200826339529,1.413423730626711],[103.805194787853651,1.41342231070187],[103.805189791505867,1.413439375986649],[103.805196485951086,1.413441546541495],[103.805163021291278,1.41354850524478],[103.805117341987767,1.413667860817608],[103.80505806303556,1.41382275229536],[103.804986294557793,1.413982369823212],[103.80497253322558,1.414012975135012],[103.80484298063692,1.414283975205145],[103.804749093979794,1.414470245861874],[103.804672987187089,1.414621240215357],[103.804665262743342,1.414636566373134],[103.804658010994686,1.414648771577199],[103.80457967952394,1.414780603334348],[103.804497529472116,1.414878098155033],[103.804403760508237,1.414989382566371],[103.804230851669871,1.415130802091497],[103.804120540850434,1.415221022743972],[103.803978625676748,1.415321260626651],[103.803828229615291,1.415422031966331],[103.803478242956274,1.415656538039261],[103.803361767157966,1.415724607991215],[103.803174158734919,1.415825170798701],[103.803095163408287,1.415862646599477],[103.802926389852317,1.415925533837246],[103.802757739597965,1.415972854249925],[103.802750993875193,1.415974746993829],[103.802620833101315,1.416000863288904],[103.802497996051173,1.416009082314994],[103.802177820805241,1.415968218850933],[103.801999990564752,1.41594838374118],[103.801673355063102,1.415931657589164],[103.800992972421653,1.415794980683354],[103.799627042497377,1.415508657621996],[103.79900970596681,1.415367875245441],[103.798054888774416,1.415113002075777],[103.797721398153854,1.414975443219637],[103.797597007250928,1.414940514766324],[103.797238444785748,1.414888001820713],[103.797020178880715,1.414827785854366],[103.79702159872501,1.414822866137868],[103.797004651446912,1.414817928044807],[103.797003411319039,1.414822911069565],[103.796374214297757,1.414650292395272],[103.795933000963402,1.414529247046117],[103.795699450287785,1.414461253180201],[103.795475604391996,1.414391676813715],[103.795011621426525,1.414242376784751],[103.794665694417503,1.41412048086703],[103.793736336424175,1.41379435154067],[103.792893889462476,1.413499315395782],[103.791790000722386,1.413105500557844],[103.791790845440318,1.4131028770139],[103.791774419380531,1.413097170183215],[103.791773628580202,1.413099657169181],[103.791571115296151,1.413035000552675],[103.79098237421735,1.412825783371085],[103.79050175037321,1.412659046013207],[103.789979890599056,1.412485751146629],[103.789851447314092,1.412451735613312],[103.78954881651255,1.41237921078002],[103.789428152205275,1.412350294173458],[103.789353354176086,1.41233515370222],[103.789257016952973,1.412324498461588],[103.788893466984788,1.412323243473665],[103.788794362133601,1.412311846582343],[103.788718719358513,1.412300947540114],[103.788374426928641,1.412256473302211],[103.788302046039647,1.412244832731716],[103.788062719404252,1.412193332681547],[103.78785328501975,1.41214826503005],[103.787853887133934,1.412145099769044],[103.787836661294094,1.412142250684276],[103.78783620297493,1.412144321668068],[103.787797968207826,1.412140685372737],[103.787785747486424,1.412138152913533],[103.787785154375413,1.412140422854663],[103.787505831103587,1.412073403982296],[103.78682746406399,1.411901091060716],[103.786296504914716,1.411765615680127],[103.7860644337172,1.411706402255895],[103.785596884406374,1.411564226678749],[103.78541529040946,1.411504932839825],[103.785226777471323,1.411437870359181],[103.785229374760334,1.411419566093044],[103.78522938195006,1.411419515448814],[103.785229760309463,1.411416849392672],[103.785230641949866,1.411410631006569],[103.784892312738066,1.411106079483457],[103.784531141998883,1.410780971245505],[103.78457593446231,1.410446538514742],[103.784674956055099,1.410135068715987],[103.784775532273216,1.409818742511056],[103.784614995302348,1.409614163034856],[103.784228533871143,1.409517008123849],[103.783797011232551,1.409287543784331],[103.783329460426543,1.409202936843627],[103.783329227693955,1.409202894333514],[103.783300520339353,1.408962525614732],[103.783276040939555,1.408759167164355],[103.783226690537234,1.408344524410792],[103.783322608720937,1.408191245889445],[103.783406521395534,1.408057148657749],[103.783614263465765,1.407711858039114],[103.783737742274838,1.407506615353277],[103.78373822661078,1.407506660581815],[103.784018414515927,1.40753282980122],[103.784249736607563,1.407554657006964],[103.784293813309134,1.407499952981965],[103.784364911066845,1.407415034736957],[103.784536850561608,1.407203860402618],[103.784540391022233,1.4072019794007],[103.784595427276457,1.407169652270287],[103.784626064904941,1.407150252504698],[103.78470879505204,1.40735744848057],[103.784717867586309,1.407380169903752],[103.784799683431089,1.407348708806137],[103.784825376345637,1.407319913500235],[103.784868246992204,1.40727186645934],[103.78498648301138,1.407256666574954],[103.785012409844512,1.407257444868301],[103.785049473723063,1.407258558007942],[103.785259286504512,1.407143183650339],[103.785257318886877,1.407129428237956],[103.785360367636642,1.406644513278404],[103.785365015559393,1.40662264314752],[103.78541563412162,1.406557484790313],[103.785438959632259,1.406554077629741],[103.785943832288979,1.406480335332782],[103.786047152123317,1.406447608519354],[103.786146221903337,1.406402428526617],[103.786273705626499,1.406321020296331],[103.786317862630668,1.406291303800526],[103.786353752821441,1.406253646823123],[103.786397783474612,1.406251314456067],[103.786457900093978,1.406183009081103],[103.786515213075717,1.406117353433481],[103.786563576410089,1.406039145035674],[103.78659408457338,1.405976509420135],[103.786618032957108,1.405919761079774],[103.786636400714485,1.405884183781216],[103.786663182079096,1.405704324465497],[103.786662017605863,1.405518694746766],[103.786649765807923,1.40527285226877],[103.786644547469123,1.405150419404239],[103.786619095455592,1.40490605981647],[103.786630005078024,1.404864703483198],[103.786881466671545,1.404806507295684],[103.787211615747935,1.404730100567956],[103.787218397833101,1.404843245648215],[103.787183180043584,1.404961011192588],[103.787140045973345,1.405066432013885],[103.787096148382957,1.405157627177627],[103.787063194913472,1.40528042102686],[103.78705265049507,1.405485385809657],[103.787056010054357,1.405543455070898],[103.787076397193673,1.405630934579609],[103.787106048239465,1.40574342897305],[103.787220917694157,1.406022517901219],[103.787312353720438,1.406219318304795],[103.787391175602934,1.406315933042844],[103.787502317844215,1.406500199348466],[103.787673253200552,1.406616594330236],[103.787708836698187,1.40663859548666],[103.787771431307036,1.4066772971538],[103.787870652161232,1.406718103992004],[103.788175936172408,1.406765914623193],[103.788272713453154,1.406777329575954],[103.788423003045864,1.406703418844308],[103.788521102072224,1.406671424353403],[103.788550800842529,1.406641562836846],[103.788677799292287,1.406558698437269],[103.788741717216666,1.406471889792629],[103.788782041799038,1.406201775208038],[103.788794322500962,1.406167194383417],[103.788812424538847,1.406116222982112],[103.788818843523032,1.405952777447472],[103.7887867932033,1.405838727521668],[103.788911796166602,1.40578647578129],[103.788956908851233,1.406061927751581],[103.789080165400023,1.406655102280032],[103.789074600009357,1.406822581293469],[103.789149101506013,1.407305892779355],[103.789156494298453,1.407441728352293],[103.789299509650121,1.407619004451925],[103.78946143206943,1.407751894729363],[103.789548173399126,1.407795935266178],[103.789574383061918,1.407809242569209],[103.789696355467882,1.407887038237572],[103.789902867385166,1.407928480063866],[103.789987334227931,1.40793387165345],[103.790154876068001,1.407892527271738],[103.79043620624779,1.407818682154235],[103.790685924062174,1.407753002825021],[103.791192897940959,1.407668065212897],[103.79140483697897,1.407728570992216],[103.791458886833141,1.407728544838639],[103.791465994506808,1.40773578892072],[103.79149137959034,1.407731683567779],[103.791505694181566,1.407723761599718],[103.7915508930312,1.407720805145641],[103.791566968607569,1.407726376316166],[103.791644858151315,1.407712586171428],[103.791793852405576,1.407714298094504],[103.791864220333139,1.40772671626921],[103.79218414401474,1.40768887434883],[103.792491325442128,1.40766931839476],[103.792559429425467,1.40765378262451],[103.792663961483413,1.407669221950843],[103.79271250338607,1.407647726075447],[103.792744673041767,1.407628436559919],[103.792826148293301,1.407593493369388],[103.792885267023195,1.407543446910865],[103.792936901213395,1.407454431285357],[103.79292723338952,1.407399599541324],[103.792902450816513,1.407377378891278],[103.79286042528895,1.40730423321595],[103.792812252917031,1.407261833087616],[103.792779437118298,1.407232949847954],[103.792654445737313,1.407135430112513],[103.792629089559327,1.407027620462225],[103.792566935838167,1.406950052089492],[103.792325084507539,1.406801560337193],[103.792176774056145,1.406752911982474],[103.792022847304338,1.406713162457875],[103.792007355376214,1.406732434173726],[103.791997848368638,1.406731764775103],[103.791981619960609,1.406730624987427],[103.79168558181297,1.406709765061187],[103.791538698879918,1.406731394799787],[103.791470631678649,1.406701052167833],[103.791487525908138,1.406653365371585],[103.791425174175714,1.406596588288713],[103.791318084987438,1.406369970879793],[103.791303278871652,1.406328048829366],[103.791286887734685,1.406281641105845],[103.791259484285305,1.406094048433614],[103.791195255744853,1.405969679163178],[103.791112892991052,1.40588988565108],[103.791088092484955,1.405867366541974],[103.79108892015546,1.405813204211235],[103.791180675313697,1.405769886855474],[103.791285540124036,1.405764598229947],[103.791360221174926,1.405777975122067],[103.791433069407958,1.405774973950868],[103.791550397966773,1.405747591931467],[103.791651911405069,1.405722768971526],[103.79171994361559,1.40569786401419],[103.79181482589,1.405651119150205],[103.791863304899891,1.405627181507895],[103.792094035735246,1.405540818878634],[103.792282066295144,1.405429693990721],[103.792353163309542,1.405367574498888],[103.792474662930829,1.405244393249762],[103.792499383397825,1.405219342807899],[103.79257730453547,1.405140347096137],[103.79258617910159,1.405131349736611],[103.792653573304619,1.405105685074213],[103.79269321735454,1.405189683077086],[103.792715076880214,1.40536394531773],[103.79270663693444,1.405493938420544],[103.792721776069641,1.405609615857179],[103.792729368142574,1.405665125839088],[103.792766855078312,1.405779537556967],[103.792893219214662,1.40599399154666],[103.792900775440927,1.406044174824676],[103.792955192864468,1.406091419736411],[103.793032469708095,1.406171032223938],[103.793098640294701,1.406236943405075],[103.793192837571269,1.406311392263673],[103.793233426057697,1.406343552141853],[103.79329701831962,1.406374211172622],[103.7933182795759,1.40638232820448],[103.793455356769229,1.406434661575675],[103.793499000543264,1.406461142097285],[103.793573277208523,1.406478036887298],[103.793643069991546,1.406491929110456],[103.793690784727033,1.406496325134496],[103.793842492066759,1.406531724521267],[103.793969785483512,1.406531319721511],[103.79408367254004,1.406500211537169],[103.79431502303629,1.406436331182241],[103.794486069353169,1.406384459745905],[103.794600621499669,1.406344181297977],[103.794720816708548,1.406306389938664],[103.794778057079412,1.406271364880723],[103.794846205796745,1.406264447629323],[103.794925155739193,1.406242427679239],[103.79512955755385,1.406184994909195],[103.795161268731619,1.406175608134886],[103.795306435975974,1.406112684885198],[103.795339755755393,1.406094751896784],[103.795405846764979,1.406084388968924],[103.795491293751496,1.406044128087375],[103.795548309279667,1.406020253811999],[103.795667750003503,1.4059602512151],[103.795782068967199,1.405889396163182],[103.795890690916664,1.405817690911507],[103.795953268999639,1.405773016347825],[103.795982419514715,1.405744149524131],[103.7960385459115,1.405690114688624],[103.796077167646416,1.405651797413932],[103.796148283139559,1.40555192061409],[103.796176804739588,1.405516813667319],[103.79618804688954,1.405461837570501],[103.796207591826132,1.405414792877136],[103.796210926551836,1.405352690266705],[103.796222115248852,1.405268331388093],[103.796218368560176,1.405242692613757],[103.796218872607568,1.405189434636163],[103.796204918473464,1.405134467179739],[103.79615016957051,1.405021303258054],[103.796073863472543,1.404919769108094],[103.796016553004719,1.404845266695809],[103.795966521083173,1.404769661075428],[103.795905561987254,1.404719467901412],[103.795804742366713,1.404629879993846],[103.795714714565023,1.404551162710034],[103.795535269421407,1.404430761840807],[103.795461074094874,1.404387911874298],[103.795382259866074,1.404356682905128],[103.795228468794036,1.404267736205558],[103.795047603199208,1.40419263486012],[103.794885410477704,1.404098876784357],[103.794878356787137,1.404087454552572],[103.794865300885448,1.404056226653748],[103.794864016169043,1.40404048165837],[103.794887784959769,1.403962815286903],[103.794917906018483,1.403928784574504],[103.794948637879003,1.403909088038354],[103.79502454276107,1.403812322361947],[103.795139770041303,1.403689981920435],[103.795171796411779,1.403636019057051],[103.79530434865147,1.403495220825381],[103.795373512802087,1.403425348997768],[103.795469097509525,1.403328784395599],[103.795530974667187,1.403282301101669],[103.795547346990702,1.40327324868588],[103.795621857355613,1.403280674722882],[103.795702378513738,1.403333536093842],[103.795768001449076,1.403369051523042],[103.79590776544724,1.403468009268398],[103.795917847316332,1.40348251542663],[103.795992554946821,1.403517099501103],[103.796019242429438,1.403544149452037],[103.796054223832357,1.403571226666625],[103.796148996410707,1.403631983347372],[103.796260087703914,1.403664569351202],[103.796364942869602,1.403694930515566],[103.796554587735443,1.403763095427206],[103.796638461058393,1.403789513220899],[103.796773804756398,1.403845603999583],[103.796812811721892,1.40387930120969],[103.796873312635952,1.403923245198847],[103.796902749570236,1.403964982051861],[103.796966359452583,1.404017535631198],[103.797013417970462,1.404035533207754],[103.797067871426535,1.404079576577466],[103.797134509428574,1.404139428415801],[103.797218004987343,1.404190580534229],[103.797290161000049,1.404204535988938],[103.797360151381369,1.404221557201338],[103.797440143262534,1.404220997733042],[103.797443636961745,1.404220480490903],[103.797472087965858,1.404216268403474],[103.797519533170387,1.404215355727907],[103.797594430460762,1.404190052780905],[103.79764226242807,1.404164577586672],[103.79775015635596,1.40409510601087],[103.797771677608566,1.404082725599296],[103.797817532982748,1.404037788461011],[103.797830517795177,1.404018778931328],[103.79783296214498,1.404005267772743],[103.79784373639788,1.403989233566265],[103.797870982012924,1.403950988434993],[103.79789596339279,1.403899792778492],[103.797926956233724,1.403852467890544],[103.797944425514515,1.403797473790751],[103.797957509639645,1.403747128054244],[103.797965930233303,1.403689149415724],[103.79796815916616,1.403659386835201],[103.797959821184648,1.403601606901624],[103.797942892453335,1.403563623362006],[103.797937860799124,1.403536347671506],[103.797925802349098,1.403500941642913],[103.797908209018487,1.403439643592706],[103.7978733895294,1.403400013837634],[103.797826969408717,1.403355635994646],[103.797788546675577,1.403311339665801],[103.797718655827154,1.403250330210401],[103.79769469986951,1.40323318310458],[103.797654075256958,1.403212391156413],[103.797620423791543,1.403182094450576],[103.797624233966914,1.403169930815266],[103.797605795214196,1.403159023903885],[103.797592594926343,1.403166086782691],[103.797567794263301,1.403151535186877],[103.797511956865534,1.403116408835102],[103.797432334000248,1.403080269227364],[103.797360753035207,1.403071459617031],[103.79725644584741,1.403052267399889],[103.797183606916292,1.403040328665702],[103.797077655432247,1.403014181857036],[103.797011715996192,1.40299089707621],[103.796981022376201,1.402980058700154],[103.796926155496749,1.402942608134679],[103.796899153245647,1.402932397443883],[103.796852696836623,1.402912093747068],[103.796803014769623,1.402875484318495],[103.796749352100022,1.402831350519026],[103.796704549557319,1.402780759700052],[103.796656305309511,1.402738886893481],[103.79661955415871,1.402682625838556],[103.796599094042165,1.40264361125905],[103.796582913381101,1.40257864783507],[103.796579703845325,1.402565763312584],[103.796570116338074,1.402542168308242],[103.796556170931765,1.402504103413354],[103.796547761553029,1.40241742000539],[103.796542300033423,1.402298188588971],[103.796553237305787,1.402200526509608],[103.796593775154321,1.402021083274456],[103.796590657263195,1.402008928575042],[103.79660961816657,1.401956511945403],[103.796627347192796,1.401956656923352],[103.796726049524409,1.401824449526198],[103.79675970197863,1.401789035166697],[103.796764689254886,1.401779693166431],[103.796759909128923,1.401758332017006],[103.796759425535342,1.401652575699888],[103.796730240028211,1.401624123954094],[103.79671797474019,1.401601044395517],[103.796715836511353,1.401575505126515],[103.79670622204651,1.401552072907667],[103.796683272651947,1.401526786532934],[103.79667530248291,1.401510426465222],[103.796634741196002,1.401464827800335],[103.796604684270903,1.401423353199729],[103.79655048269538,1.401365943326153],[103.796525664097359,1.401350668228298],[103.796459780975567,1.401292200062241],[103.796384156808941,1.401260482822684],[103.796299708371549,1.40124134514163],[103.796269929610531,1.40122564491117],[103.796197513351686,1.401196134364558],[103.796100861674347,1.401208703478428],[103.796098732917571,1.401209719045001],[103.796078774362485,1.401219238964002],[103.796048339329857,1.401223054892239],[103.796022136647991,1.401224998854729],[103.796008918479586,1.401226716934165],[103.79599630243527,1.401223750418428],[103.795990174007656,1.401229963299798],[103.795988609841487,1.401269963287944],[103.795966432235844,1.401307919082981],[103.795933417749509,1.401344644768837],[103.795847484866684,1.401437856168737],[103.795786856453262,1.40150570961121],[103.795708166409653,1.401581448812812],[103.795611738287803,1.40166102222685],[103.795560311823081,1.401698941368804],[103.795486177963951,1.401750615514456],[103.795400263749755,1.401798500181139],[103.795326417987127,1.40181564571469],[103.795287895557692,1.401828640793617],[103.795252949617804,1.401833424306731],[103.795214499548294,1.401817108953526],[103.795178152408511,1.401785546059819],[103.795153945268055,1.401744541806266],[103.795132165483139,1.401685996551256],[103.795106007997802,1.401615687259302],[103.795059112213877,1.401540669507962],[103.795042938854351,1.401471801935424],[103.794968143456018,1.401313591293382],[103.794954207332466,1.401259302102232],[103.794881019447786,1.401159992701024],[103.794781871535207,1.401060818522494],[103.794676145769074,1.400976439623146],[103.79454090130767,1.400909622973368],[103.794464680042267,1.40090703522175],[103.794455086787664,1.400906709490632],[103.794380612332091,1.400906156584066],[103.794189438809028,1.400920152930467],[103.794112717431247,1.400947707605579],[103.794042717239194,1.400987570783314],[103.793981514046976,1.401034307272691],[103.793922718939299,1.401087781311697],[103.793844873348831,1.401173676469423],[103.79382410635904,1.401219084225032],[103.793793652289224,1.401286277940564],[103.793773838171219,1.401309221314299],[103.793746736264794,1.401349311302119],[103.793739439401079,1.401371802706432],[103.793716425575752,1.401439620558328],[103.793723766843783,1.401448393012398],[103.793702766279495,1.401490129045556],[103.793706701613729,1.401517214809185],[103.793693599805806,1.401545828657558],[103.793691963796078,1.401580936033447],[103.793699970002734,1.40159045007724],[103.793710968670922,1.4015890756315],[103.793713951851217,1.401595758930961],[103.793701443241218,1.401616396300508],[103.793670960135131,1.401806610624548],[103.793652618346016,1.401909165169468],[103.793633145259932,1.401957195599956],[103.793586067290519,1.402031027058656],[103.793538306474986,1.40210015581273],[103.793452355306272,1.402204807322173],[103.793390541020088,1.4022523938858],[103.793350310555752,1.402307315209327],[103.793282377005212,1.402349810096423],[103.793216824932173,1.40237841399434],[103.793162055433697,1.402431236939525],[103.793125958480843,1.4024837798534],[103.793105658946033,1.402516417992401],[103.793004259646111,1.402706558727647],[103.793001163750745,1.402985211250717],[103.793006320840362,1.403030456661465],[103.793013822062974,1.403143918274794],[103.793002229021383,1.40322126831005],[103.792984571297865,1.403254702333545],[103.792919566684461,1.403321000114888],[103.792884710494619,1.403330567677686],[103.792834695411756,1.40332858625013],[103.792809948512684,1.403324498094474],[103.792797251460826,1.403328992561193],[103.79269376105168,1.403365599400906],[103.792604378490978,1.403396328118442],[103.792561093526785,1.403409675769286],[103.792447431240603,1.403441254156631],[103.792357797235525,1.403462523214748],[103.792254558387882,1.403500821199213],[103.79212907977012,1.403530066103243],[103.792029417595657,1.403550132166852],[103.791921847774262,1.403576808984551],[103.791898601334495,1.403582569367582],[103.79183724587628,1.403595102755063],[103.79165946955122,1.403634222351637],[103.791309218690543,1.403703110477745],[103.791199465535144,1.403716565423556],[103.791080699362283,1.403742825991424],[103.790948715169378,1.40376147156906],[103.790862145503425,1.403771906346511],[103.790764784037179,1.403772320572406],[103.790709513117264,1.403721783711518],[103.790686294212108,1.403695466299669],[103.790683446062701,1.40367568781162],[103.790703629258658,1.403619111184102],[103.790709115224359,1.403612628805167],[103.790780486691773,1.403528296382022],[103.790959207154458,1.403454666348214],[103.791158478532793,1.403362135470141],[103.791223788193662,1.403324913040787],[103.791434005334722,1.40317358964673],[103.791485189697909,1.403112084787322],[103.791750770459842,1.402848530812171],[103.791818291340604,1.402769879499291],[103.791859726767399,1.402668455838814],[103.791961682857419,1.40250224463214],[103.792037633632063,1.402354671896767],[103.792070281516018,1.402218430069242],[103.792105436189942,1.402096513408097],[103.792122366507115,1.402037793366182],[103.792175332154088,1.401854081840072],[103.792203234795068,1.401758735257143],[103.792227103160428,1.401642714845815],[103.79226264354844,1.401558609638929],[103.792278675684216,1.401476412294998],[103.792302867351012,1.401370801115589],[103.792336620210747,1.401248911555528],[103.792352616572387,1.401156693859043],[103.792372198923317,1.401027116956194],[103.792375435893973,1.400907578203892],[103.79237655085295,1.400866257840705],[103.792382701091356,1.400639371154196],[103.792357319359652,1.400454989012285],[103.792338775159962,1.40030960315821],[103.792343852832886,1.4002700644613],[103.792224443685399,1.400077134423387],[103.792157123153501,1.400008600544291],[103.792153631338593,1.400004429556649],[103.792109652083525,1.399951896093352],[103.792077384253801,1.399938682766857],[103.791962196283677,1.399870898656314],[103.791739340024364,1.399818495849593],[103.791665503877937,1.399802143632749],[103.791586985790659,1.39980461114075],[103.791491718223881,1.399802674093654],[103.791453573353877,1.39980770167128],[103.791425249899575,1.399817178894888],[103.7913779034443,1.39982846450336],[103.791271600834207,1.399852509620871],[103.790997891564217,1.399928796795378],[103.790928511539619,1.399959453466912],[103.790731630084437,1.400084496258987],[103.790654458860217,1.400142247519146],[103.790498498424625,1.400286897646875],[103.790334819971505,1.40038667308934],[103.790253039802764,1.400400680173564],[103.790005507735842,1.400389126856938],[103.789915326857198,1.400347162697882],[103.789846909120726,1.400332709688296],[103.789724064969306,1.400281963539611],[103.789509789138464,1.400285721671997],[103.789364814318787,1.400160636384968],[103.789305330038786,1.400063262412707],[103.789244956734237,1.399935574148014],[103.789267907771816,1.399867665905307],[103.789308803479386,1.399799694695897],[103.78935405493452,1.399762451136345],[103.789392597477061,1.399730729494685],[103.789505505458678,1.399664260881986],[103.789723404420101,1.399557414386906],[103.79025073628479,1.399096153435257],[103.790261287315914,1.399003555820038],[103.790248906738711,1.398901027866482],[103.790219003511325,1.398816107552286],[103.790161423884399,1.398737056046652],[103.790088528944665,1.398701781794574],[103.790057081585118,1.39868656348148],[103.789908798634428,1.398638665618202],[103.789778405984293,1.398615285382552],[103.789544540542323,1.398656700865758],[103.789241472439386,1.398855284402139],[103.788950336030467,1.399129038842581],[103.7887664902984,1.399395053943564],[103.788456604674906,1.399915319437402],[103.788402014481321,1.399987423309387],[103.788087982770563,1.400219784460341],[103.787594261685001,1.400449510346472],[103.787273481769091,1.40066741047306],[103.786978059632631,1.400892410313449],[103.786907304444924,1.400936062542118],[103.786874144716123,1.401040687722937],[103.786854760765905,1.401118842451223],[103.786835806032215,1.401303567411792],[103.786842104311035,1.401343151538756],[103.786854574614054,1.401445335847457],[103.786875743795164,1.401516907616906],[103.786886872039062,1.40155214727669],[103.786899096484987,1.401590857906361],[103.786910302136292,1.401619563539535],[103.786935118822484,1.401683139901321],[103.786995355232946,1.401913654376363],[103.787055252826505,1.402010069787169],[103.787251434211555,1.402320279489098],[103.787554717074016,1.402662098798884],[103.787565338074543,1.40267466062035],[103.787569138687587,1.402694773744832],[103.787567583828221,1.402710817127075],[103.787561572054599,1.402724038806723],[103.787501780214342,1.402732384906483],[103.787447785646009,1.402668074535943],[103.787387589853495,1.402655466516926],[103.787263370136884,1.402639067944912],[103.787231686411261,1.402624190533534],[103.787206786946157,1.402611212420145],[103.787185796503735,1.402588593866602],[103.787175643179083,1.402555077944873],[103.787164348530993,1.402527892546628],[103.787155677698351,1.40250302237161],[103.787121631134639,1.402466168872981],[103.78709232867628,1.402450233401516],[103.787084982851553,1.402445847091333],[103.787044506683813,1.402421681687049],[103.786998059577897,1.402390362645957],[103.786973394388241,1.40234484552747],[103.786945063316296,1.402282434820977],[103.786902372510994,1.402239820349859],[103.786756915373189,1.401968526407674],[103.786745405233034,1.401933237904087],[103.786527137865789,1.401569344686079],[103.786473646425819,1.401511599984942],[103.786404366495788,1.401474320715807],[103.786326865179817,1.401405099151383],[103.786250172409581,1.401345020718261],[103.786216521700737,1.401330711194334],[103.786163271290206,1.401308066656671],[103.786051066618498,1.401245618064374],[103.785983170288901,1.401219815187018],[103.785957632660882,1.401216378085288],[103.785813364248156,1.401270573663554],[103.785694938833004,1.401335260380928],[103.785642766044134,1.401390760114813],[103.785599408863476,1.401420494705567],[103.78562076770281,1.401442914320312],[103.78556419182857,1.401499869987587],[103.785451946987479,1.401645895292204],[103.785417935107446,1.401672953154889],[103.785398254859189,1.401736954570418],[103.785377074335571,1.401783366080379],[103.785366829483536,1.401833304834046],[103.785328871438637,1.401928397896725],[103.785292505835557,1.40192760130614],[103.785284480226736,1.401989911800828],[103.78525453029998,1.401998891513897],[103.785187172457654,1.402004913183474],[103.785151193720679,1.401980793058312],[103.785133599867237,1.401961954797666],[103.785082514950147,1.401987438708483],[103.785058945438109,1.40197288700737],[103.785027473594525,1.401836579750254],[103.785019653928657,1.401802712071002],[103.785020347231679,1.401734658715525],[103.784981538288719,1.401694856862265],[103.78491616108353,1.401518368923293],[103.784878969230917,1.401496202194594],[103.784815898310626,1.401469558325625],[103.784758596897177,1.401413341881814],[103.784638304798179,1.401361772549352],[103.784561926403981,1.401353545762365],[103.78455969702722,1.401353306059274],[103.784464707527491,1.401372883541531],[103.784219978042287,1.401406484546498],[103.784174788522876,1.401398534235586],[103.784098938535436,1.401431442427923],[103.783938045614562,1.401518565418775],[103.783921520097792,1.401546925913839],[103.783865050687908,1.401666942821607],[103.78374940109488,1.401766149058712],[103.783703543883306,1.401888164831708],[103.783689649109519,1.402016086780651],[103.783673805867707,1.402074861039346],[103.783638928963811,1.402213788645889],[103.783566523893811,1.40251205528832],[103.783569119274262,1.402584133130204],[103.783529973633691,1.402744602585807],[103.783488399629533,1.403008323190666],[103.783475116110822,1.403124940603436],[103.783453835193441,1.40324211854988],[103.783427000704705,1.403374779082992],[103.78342361217598,1.40341591851425],[103.783400869090258,1.403456306907941],[103.783843932900922,1.404755404068977],[103.784307816613762,1.406176561745068],[103.784425891076168,1.406538295237698],[103.784526952899839,1.406889534130394],[103.784364486899932,1.406985840914001],[103.784351899378777,1.406993302552758],[103.784309946789506,1.407012229093299],[103.784293055047016,1.407019848904351],[103.784284486967138,1.407023714877789],[103.784215430228542,1.407050129878548],[103.784201343032436,1.407054595327839],[103.784180183033996,1.40706130254463],[103.784144990653147,1.407072457124066],[103.784144962796844,1.407072466167113],[103.784246253744186,1.406778565495813],[103.784075425935796,1.406426450591974],[103.783922737632764,1.406043666377536],[103.783711564144269,1.405874872339796],[103.783688573952801,1.405871528415549],[103.783681636009931,1.405870519901621],[103.783261843301887,1.405809557674312],[103.782903874673679,1.405804051391369],[103.782849296872058,1.405703222700337],[103.7827519570654,1.405528977739083],[103.782735861036031,1.405515199407905],[103.782399107848221,1.405226920700914],[103.782174048416934,1.40482501654389],[103.782144889574241,1.404444985109588],[103.782208936995815,1.404196140910951],[103.782143875598337,1.403925192125212],[103.782187797933702,1.403529804393734],[103.781839626300695,1.403346636837903],[103.781295679033974,1.402987673745747],[103.781302547739969,1.402420773539032],[103.781280606029625,1.401938420739943],[103.781216497772519,1.401320425105967],[103.781004133963293,1.400963303407934],[103.780606182347796,1.400817140218844],[103.779936339139695,1.400658835089729],[103.779950258500548,1.400485308823399],[103.779955686434462,1.400423419725205],[103.780091244457552,1.399435694016558],[103.780072215794689,1.398971294698335],[103.779776022256556,1.39907668245582],[103.779384253210992,1.399012021370312],[103.779030145322636,1.399033798366598],[103.778648809629175,1.398934787861367],[103.778327560196431,1.398453225655153],[103.778144426051625,1.398213818184882],[103.777730114797308,1.397869662711181],[103.777419124531605,1.397626769433263],[103.776846240824668,1.397667344383232],[103.775971798278945,1.397622908854502],[103.77542378708489,1.39774429709328],[103.774434844430459,1.397965234597455],[103.774161364427215,1.39802633643056],[103.774161895308325,1.397997631943779],[103.774166485786637,1.39768928929487],[103.774167487668208,1.39751117491124],[103.774166996919064,1.397408412063962],[103.774165466620545,1.397373154506191],[103.774162541631597,1.397305739552474],[103.774160851081476,1.397210822028783],[103.774160840313883,1.397210207965629],[103.774160307305706,1.397180295221931],[103.774161484487138,1.39681945417759],[103.774162340843958,1.39674720278287],[103.774162349848581,1.396746450352584],[103.774165608682495,1.396471626998945],[103.774168990483076,1.396346038111592],[103.774170702094636,1.396317418664463],[103.774176610930155,1.396218600812215],[103.774176802407823,1.396215393943741],[103.774178653207983,1.396190415467946],[103.774181887388821,1.39614677548425],[103.774185019995159,1.396104528217913],[103.774193791014056,1.395997366779232],[103.77420064028172,1.395913698849449],[103.774206257859319,1.395855467019148],[103.774210805849663,1.395808331703162],[103.774298958722014,1.394998874239674],[103.774342729563884,1.394596171270424],[103.774357177773737,1.394489674679619],[103.774377682854976,1.39440122210413],[103.774402833631541,1.394311035980291],[103.774432192385348,1.39422352145211],[103.774477537318916,1.394117431696757],[103.774505651525772,1.394066511305615],[103.774521911144788,1.394037062017301],[103.774533282188187,1.394019932751671],[103.774569259039737,1.393965736047748],[103.774571685156744,1.393967599097737],[103.774582935758858,1.393951719659331],[103.774580572541524,1.393949891881122],[103.774626347630189,1.393890259292407],[103.774683328186796,1.393822894674483],[103.774706003686688,1.393792171297087],[103.774737298643288,1.393749769183339],[103.774802042815239,1.393686429174666],[103.77493910597795,1.393567472605826],[103.775081443627073,1.393454919054044],[103.775225443579188,1.393344581225112],[103.775237593491582,1.393335219554234],[103.775369182940196,1.393233836416548],[103.775511942867837,1.39312183450885],[103.775650740170093,1.39300491275592],[103.775718126057086,1.392944105002923],[103.775783732802253,1.392881352822225],[103.775844891686887,1.392814196279364],[103.775905367662617,1.392746451881591],[103.775961413733441,1.392674963308044],[103.776013586998687,1.392600535456308],[103.776061842522367,1.392523466765569],[103.776105128974265,1.39244349494492],[103.776143913601544,1.392361198798806],[103.77617781899724,1.392276759190964],[103.77620635992578,1.392190329851655],[103.776231504251484,1.39210285136721],[103.776248857947294,1.392013482572524],[103.776263902306738,1.391923652495891],[103.776274624518223,1.391833225433809],[103.776279991215205,1.391742291797569],[103.776280388777963,1.391651222385734],[103.776274792820885,1.391560315613422],[103.776262897817247,1.391470023655007],[103.77624586292842,1.391380554542277],[103.776222690718853,1.391292514174542],[103.776194729056314,1.391205893540842],[103.776162741732492,1.391120692659648],[103.776125308974315,1.391037761598036],[103.776083419219788,1.390957018987155],[103.776036623165155,1.390879097870416],[103.775986124916315,1.390803528007831],[103.775930558602951,1.390731647824001],[103.775871865180306,1.390662335955193],[103.775808624856978,1.390597193090037],[103.775742014786005,1.39053555002795],[103.775671936110882,1.39047794034082],[103.775598586513141,1.390424590124091],[103.775522343394542,1.390375526517666],[103.775463270819401,1.390342027431156],[103.775462120655988,1.390341374452234],[103.775443512269518,1.390330821877905],[103.77542364315687,1.390321171827275],[103.775423462544993,1.39032108048209],[103.775482745069624,1.390293753883205],[103.775909116794722,1.390097227138663],[103.776370483017175,1.389885457208682],[103.776876642831866,1.389653125744638],[103.777372878742938,1.389417424271265],[103.777331777757027,1.389038377331641],[103.777198797492758,1.387926604579764],[103.777374509553113,1.387358306609606],[103.777446073229797,1.386892506732614],[103.777459177001745,1.386822979560741],[103.777485921697021,1.386653891309971],[103.776924408826844,1.386378427715639],[103.776614160163049,1.386226594772429],[103.776619532643252,1.3858533368645],[103.776709169665892,1.385341160767253],[103.776647678918891,1.384257352613056],[103.77647514150236,1.383774069139499],[103.776175302584008,1.382934210943656],[103.776047401212111,1.38173561930941],[103.776021881692159,1.381698458383903],[103.77599229005456,1.381427220891713],[103.776011193293158,1.38116755952787],[103.77618284055967,1.381061627422312],[103.776737584285598,1.380719357183815],[103.776898104504681,1.38083964049968],[103.776998434816576,1.380914821749629],[103.777170992264018,1.381039240990388],[103.777285516279662,1.381122562744433],[103.777501704350186,1.381156166787384],[103.777714666914861,1.381096609509508],[103.778005654064742,1.381015231742904],[103.778222595213052,1.380655652730661],[103.778368841206046,1.380169524426583],[103.778366479735851,1.380092039386465],[103.778378644225896,1.379913792279073],[103.77846713580999,1.378617087676178],[103.779345330224174,1.378580832939159],[103.779710001161718,1.378850062201608],[103.780988855278494,1.378601561711101],[103.781710885161601,1.378258318133661],[103.782193132058282,1.378227407497944],[103.782473285334092,1.378409280203308],[103.782987312955839,1.378936301099832],[103.78382386800412,1.37879302229882],[103.783998483748519,1.378639085126324],[103.784059107639138,1.378296946540106],[103.78414320045141,1.377603872743408],[103.783701051605675,1.376635866774504],[103.783374074333281,1.376472558011246],[103.783017429928066,1.37609061317852],[103.782848568946505,1.375723364596326],[103.782993108435065,1.375482553652043],[103.782762252039035,1.374872446771474],[103.782288919905127,1.373621745685636],[103.781980091805821,1.372647975149602],[103.781824506244902,1.371293252742294],[103.781811758780833,1.37118318323925],[103.781767161087188,1.370797840045797],[103.782205063899283,1.370255361370986],[103.782616925276997,1.369745143425848],[103.782054574487461,1.368713383275179],[103.78205534008849,1.368712453605526],[103.782150984744035,1.368627196751632],[103.781608519637032,1.367642023429391],[103.781576030207461,1.367551769012823],[103.781552347065499,1.367363274637188],[103.781558863061861,1.367257360196358],[103.781580174066107,1.367148172278895],[103.78160130598387,1.367009575346305],[103.781609134013166,1.366897771715375],[103.781608770088255,1.366771990962083],[103.781608818760972,1.366638977114792],[103.781602856189849,1.366581485665482],[103.781592637976971,1.366482948662054],[103.781570728013662,1.366364557903441],[103.781564169664804,1.366350352012441],[103.78148783440686,1.366185012731377],[103.781458536140335,1.366121555590298],[103.781347085199371,1.365981187743478],[103.781175980299793,1.365790119947261],[103.781073234155826,1.365675929092812],[103.78106750407801,1.36567161786453],[103.780939275059495,1.365575139319026],[103.78081689633504,1.365492248963754],[103.780700057700486,1.365431933457106],[103.780604112130149,1.365392380793407],[103.780596463585255,1.365389227107544],[103.78054978877168,1.365369986638449],[103.780472657902976,1.365349900818894],[103.780413780448242,1.365334566929385],[103.7802877190705,1.365308707464722],[103.780276363029785,1.365305724620321],[103.780200974666243,1.365277593609326],[103.780175742372705,1.365259274252323],[103.780161176117161,1.365239485541046],[103.780149960522863,1.365224249472308],[103.78013144059581,1.365203170145532],[103.780125545326811,1.365192375526404],[103.78011925931628,1.365175412232177],[103.780118704034081,1.365173912784418],[103.780113161351522,1.365147310795961],[103.780123002422712,1.365067745980851],[103.780139289646158,1.364791674783287],[103.78016665939154,1.364493387226863],[103.780186610415157,1.364324202882602],[103.78020648141387,1.364116288245977],[103.780237267533153,1.363857247444314],[103.780241686597535,1.363820432695064],[103.780270634746927,1.363579216864583],[103.780317560835556,1.363241910048972],[103.780353128451765,1.363012720594194],[103.780360790716671,1.362963345205213],[103.780389413763146,1.362795099777742],[103.780427600878298,1.362598377044383],[103.780428446351479,1.362601980953418],[103.780434768656562,1.362561447500698],[103.780437721761501,1.362542519228373],[103.780448587309209,1.362497998535263],[103.78045293496605,1.362480183565746],[103.780479424398123,1.362371646006083],[103.780508777033049,1.362246100136146],[103.780509194905704,1.362244313122187],[103.780509406987292,1.362243406049823],[103.780565658930954,1.362002803067263],[103.780581364448807,1.361944802030589],[103.780581539683496,1.361944153605495],[103.780623098149476,1.36179067943417],[103.780626119374062,1.361779522362421],[103.78068329882889,1.361611885289185],[103.780757210318356,1.361410647842381],[103.780877831573321,1.36110403582976],[103.780981037244686,1.360859136322142],[103.781094756388811,1.360601891565193],[103.781321259537123,1.360113378057153],[103.781559884727557,1.359602425704411],[103.781720372378842,1.359299907648587],[103.781765495475668,1.359224450295302],[103.781811128050578,1.35914927601789],[103.78185737343415,1.359074596439709],[103.781904287341192,1.359000235210932],[103.781951725998866,1.358926297234674],[103.781965855499948,1.358904995242958],[103.782034057025328,1.358802266376555],[103.782117229147005,1.358676046067839],[103.782135259460716,1.358648035585955],[103.782214916330361,1.358524285016465],[103.782319465709449,1.358379129580979],[103.782423365103895,1.358248740582175],[103.782492952914666,1.35815382000906],[103.78252087573982,1.358115737831148],[103.782525649954948,1.358109237363589],[103.782621405561656,1.357981957386301],[103.782708824866361,1.357869054808261],[103.782797227115807,1.357759897218734],[103.782867570428706,1.357672818389667],[103.782946337020149,1.357579416421631],[103.783045620253688,1.35745686994057],[103.783108971531576,1.357383356417712],[103.783139901791245,1.357347465568565],[103.783238781367146,1.357233785455132],[103.783345435336727,1.357119329554516],[103.783362454562905,1.357099874324862],[103.783447790612158,1.357002329583448],[103.783572012789364,1.356869327338549],[103.783688933817928,1.356750702515405],[103.783808066317334,1.356626496901048],[103.783926109486501,1.356514972250538],[103.784009619183408,1.356438415026139],[103.784035046350724,1.356415105564077],[103.784146334021187,1.356306867222305],[103.784270959179167,1.356193788990566],[103.784386265241295,1.356084065752905],[103.784499887145259,1.355986177887512],[103.784554047281816,1.35593951199198],[103.784614684439262,1.355884475432534],[103.784690782504526,1.355819228009405],[103.784770811795269,1.355753557420645],[103.784861056099146,1.355681210114919],[103.784959899792995,1.355602290964753],[103.785041508782669,1.355534784539059],[103.785119678685419,1.3554811953002],[103.785201480740241,1.355419657675454],[103.785308485117866,1.355343742066307],[103.78542868702722,1.355251577101054],[103.785549609547303,1.355160896205155],[103.785670424984289,1.355077633799249],[103.785768356402286,1.355008077476999],[103.785780238286094,1.354999634568615],[103.785797599677281,1.354988072616647],[103.785811559058743,1.354978777838165],[103.78591047881811,1.354912909526037],[103.78598031167391,1.354865856836986],[103.786117695585943,1.354789129668103],[103.786182122477257,1.354752072803192],[103.786271418455101,1.354693326154226],[103.786589149464874,1.354484021794088],[103.786865004999811,1.354302411828635],[103.787685061972184,1.353762361154695],[103.788017666962944,1.353682697475155],[103.788979191330739,1.353453485282603],[103.789133813301177,1.353416663319708],[103.789353635331864,1.353465148493797],[103.78951660095629,1.353501092701871],[103.78972435222795,1.353670558032382],[103.789871519617307,1.353790604179251],[103.790722970370027,1.354453753446167],[103.790785558482639,1.354327469142398],[103.790849267137688,1.354198923946039],[103.791112459683816,1.353710698538133],[103.791192896330841,1.353561487998479],[103.791192925085824,1.353561434641503],[103.791275209228871,1.353408833669649],[103.791277086550352,1.353395991731251],[103.791408264494933,1.352495910201288],[103.791423851018408,1.352388958556138],[103.79163376029085,1.350948652804579],[103.791580900888633,1.350242397720238],[103.791570599134189,1.350121325785788],[103.791570272122911,1.350117481327943],[103.791621724496508,1.350078414587908],[103.791621798179492,1.350078365753512],[103.79170402385553,1.350026147374201],[103.791704118205502,1.350026095827071],[103.791778221540895,1.349987317965852],[103.791790364826184,1.349980966824905],[103.791790443900311,1.349980931556053],[103.791796736580437,1.349978282781498],[103.791870660070515,1.349947173922662],[103.791880147163852,1.349943184030574],[103.791880241513496,1.349943151475086],[103.791888775211135,1.349940375223373],[103.791972736479352,1.349913068480557],[103.791972789494778,1.349913054011645],[103.791972827234588,1.349913044064284],[103.792067517254594,1.349890818219793],[103.792067590936966,1.349890805559957],[103.792158564351951,1.349877371877156],[103.792163806580049,1.349876597830715],[103.792179953769718,1.349875584313484],[103.792260925141562,1.349870504068582],[103.792511081497281,1.349865697994129],[103.792771323324317,1.349860698529123],[103.792923283812385,1.34985777907421],[103.79294177534112,1.349857423968216],[103.793183059387957,1.349847690210925],[103.79342408353277,1.349832799797002],[103.793664738991609,1.349812759447092],[103.793664784818361,1.349812755830394],[103.793664912414442,1.349812744980102],[103.793665042706266,1.349812731416784],[103.793665093924417,1.349812725991449],[103.793905268891635,1.349787540576002],[103.794144858055688,1.349757225622654],[103.794383753276875,1.349721794814201],[103.794621906387235,1.349681253459949],[103.794859149883962,1.349635628521787],[103.7950953766548,1.349584940598764],[103.795115756762939,1.349580012133584],[103.795136122819002,1.349575025174676],[103.795156474657219,1.349569979762624],[103.795323856564991,1.349526120647695],[103.795490167006548,1.34947831064662],[103.795655313931974,1.349426576221401],[103.795819206577605,1.349370946719392],[103.795981753603215,1.349311452193826],[103.796142865041503,1.349248125574029],[103.796143203801805,1.349247979976591],[103.796143449110957,1.349247876882846],[103.796302830024544,1.349180832681983],[103.796460601010949,1.349110036254964],[103.796616674877896,1.349035526727497],[103.796616698240697,1.349035514971103],[103.796616724299199,1.349035502310403],[103.796811504926879,1.348936036953407],[103.797003263432231,1.348830791211233],[103.797191830516795,1.348719858002517],[103.797377049686375,1.348603333427815],[103.797558747223889,1.348481321668799],[103.797736762699586,1.348353930455674],[103.797910939575132,1.348221272053869],[103.798081123610331,1.348083464033949],[103.798247164555747,1.347940628061724],[103.798408890708615,1.347792916524847],[103.79856618571101,1.347640434885358],[103.798718910726592,1.347483317731086],[103.798718981714075,1.347483239956769],[103.798796315804651,1.347401285760596],[103.798829289025704,1.347366339785809],[103.798873105353536,1.347319903112217],[103.798912830466705,1.347277800093319],[103.798919870803658,1.347270338283609],[103.798930360770797,1.347259221082433],[103.799026005113205,1.3471578549589],[103.799126969910674,1.347050849290704],[103.799258007308055,1.346911973339032],[103.799354896149566,1.346809287751519],[103.799404943175503,1.346756246582486],[103.799492467058371,1.346663486256059],[103.799578300715538,1.346572518352718],[103.799642078851392,1.346504923434952],[103.799795774646384,1.346342032372874],[103.799939932951929,1.346189249248806],[103.799996603344411,1.34612918938648],[103.800079586686408,1.346041241097275],[103.800141473295767,1.3459756511151],[103.800194974407034,1.345918950013448],[103.800244290855815,1.345866682951655],[103.800301245182823,1.345806321027859],[103.800424929415655,1.345675236911082],[103.800530988106843,1.345562833098513],[103.80064238611439,1.34544477074539],[103.800726866434061,1.345355235293161],[103.800817844334389,1.345258814999324],[103.800863369674104,1.345210566868205],[103.800900900401942,1.345170791618646],[103.800933534800691,1.345136204641195],[103.800975943882534,1.345091257395967],[103.801032259287695,1.345031574622842],[103.801066209194431,1.344995593131193],[103.801098612655124,1.34496125032666],[103.801133739691238,1.344924020826863],[103.801167370601434,1.344888377561735],[103.801200699589955,1.344853054437074],[103.801238550199002,1.344812939145146],[103.801271630280652,1.344777879186158],[103.801458501184271,1.344579827668226],[103.801519318417746,1.344515372611497],[103.801665698679841,1.344360235346014],[103.801751692708152,1.34436333301029],[103.802187972127328,1.344624743354106],[103.802427667738257,1.344768363999117],[103.80250708689438,1.345067278225305],[103.802539616018464,1.3451855875817],[103.802765794887534,1.34588750830414],[103.802855657608106,1.34615354900604],[103.803233072974749,1.347270877772615],[103.803473204986233,1.347981782554604],[103.803974051459193,1.348690058790296],[103.80479233207781,1.349902533561695],[103.805454195609954,1.350053007616543],[103.805520773962002,1.349795569320613],[103.806225817002769,1.349788585691072],[103.807662383751619,1.349772737018265],[103.807754856129549,1.349736756958809],[103.807876063886184,1.349677637228009],[103.807989635533119,1.349629842765691],[103.808111636654786,1.349576073250646],[103.808123859859847,1.349570686079724],[103.808210058629811,1.349517996901303],[103.80830253557103,1.34947342626354],[103.80840715248759,1.349389940949191],[103.808517606478787,1.349304629778414],[103.808623121943555,1.349221141750466],[103.808709339851418,1.349139516511834],[103.808804541741125,1.349042042375712],[103.808875043655021,1.348972670204095],[103.809027638619582,1.348955506002723],[103.809180683712952,1.348943316704545],[103.809333284122843,1.348920275924217],[103.809436533033733,1.348871154587458],[103.809555943552283,1.348815203645461],[103.809669073109077,1.348759723809825],[103.809841475054981,1.348650275697082],[103.809989627287138,1.348561239746008],[103.810115791703367,1.348470459055797],[103.810173266009983,1.348421919657707],[103.810275154230311,1.34839721520502],[103.810385578943709,1.348356210565462],[103.810485238028406,1.348309811285652],[103.810601075157109,1.348227649968758],[103.810637466635839,1.348162443829974],[103.810701654731957,1.348141011899784],[103.810828230976085,1.348111715291902],[103.810937316892549,1.348061672396618],[103.811063923242514,1.347981742223517],[103.811143865598709,1.347885667807564],[103.811264666745956,1.347758732327038],[103.811265894193895,1.347757392070213],[103.811285190078337,1.34773948221377],[103.811306078189304,1.347724388562356],[103.811344905112648,1.347718388457692],[103.811383061624682,1.347721746708983],[103.811421858803001,1.347726073539755],[103.81149972711512,1.347746670237984],[103.811559689941745,1.347749136979826],[103.811604910085691,1.347748647220713],[103.811638618873218,1.347734243711477],[103.811686192744219,1.347689231208723],[103.811749878092797,1.347614583732015],[103.811779477966112,1.347575962210121],[103.811768032428972,1.347536553525518],[103.811769095788279,1.347495574071373],[103.811776875827576,1.34746268602522],[103.81178752311564,1.347436905404304],[103.811799448141613,1.347413065560687],[103.811816179561205,1.347390859946184],[103.811847005769906,1.347374830361106],[103.81187094267942,1.347361538225595],[103.811891589056771,1.347348005499761],[103.811979103928493,1.347310686772194],[103.812022728413353,1.347287752475537],[103.81205231281092,1.34727124898993],[103.812092166041467,1.347246974390814],[103.812114114435758,1.347233113390183],[103.812141403018657,1.347215179178853],[103.812158667181251,1.347204529534774],[103.812177044657119,1.347194440606229],[103.812187627054882,1.347190519374641],[103.812220483976816,1.34717818865283],[103.812234962567913,1.347170904123815],[103.812247214527304,1.347163055251956],[103.812258352289064,1.347152968068433],[103.812268375853222,1.347140638051482],[103.812282855462797,1.347119337682773],[103.81230123492206,1.347087391170159],[103.812339104504801,1.347018452705133],[103.81235191370088,1.346995472012443],[103.812369178004744,1.346968008423911],[103.812450226605037,1.346848595944546],[103.812483993166978,1.346800807811843],[103.81248618747864,1.346798011536005],[103.812493653700614,1.346789533184005],[103.812498926512475,1.346783495692629],[103.812502926043635,1.34677965217832],[103.812505654094309,1.346777639991005],[103.81251001753364,1.346774894378201],[103.812514746676754,1.346773430252883],[103.812519836130718,1.346773430296623],[103.81252638304413,1.346774346474004],[103.812537653675165,1.346777820234471],[103.812556748063542,1.346783679775289],[103.812569292855272,1.346787158068337],[103.81257711123213,1.346788256033737],[103.812582566400764,1.346788256080479],[103.812588747618165,1.346786974649075],[103.812592748035385,1.346784595300595],[103.812596747564839,1.346780935372111],[103.812600385881737,1.346776177542141],[103.812607658050482,1.346763368187],[103.812621396369821,1.346738700861119],[103.812624335613393,1.346733014242887],[103.812629648882748,1.346724290789304],[103.812633004157519,1.346718943311262],[103.812637479042607,1.346713313681113],[103.812643909190925,1.346708529648351],[103.812656773065143,1.34670093309722],[103.812679143760604,1.346688831988019],[103.812731038680298,1.346655179221813],[103.812754750077715,1.346637280243108],[103.812774651569484,1.346619807187465],[103.812792012851943,1.346599351516308],[103.812806410663299,1.346580600546812],[103.812814455582568,1.346569094386666],[103.812822501414573,1.34655588349958],[103.812829277568142,1.346543949564277],[103.812843049969601,1.346526436664123],[103.81285873003263,1.346507091537721],[103.812867835247417,1.34649640021867],[103.812873400095114,1.346489781222589],[103.812877446365064,1.346484181432376],[103.812881492647719,1.346477055075023],[103.812887058444801,1.346464327097362],[103.81289717553301,1.346442434329222],[103.812906786735056,1.346420033303959],[103.8129098221399,1.346412397780875],[103.812912351633329,1.346407305326223],[103.812915893797239,1.346403233907532],[103.812921458644595,1.346396615815693],[103.812935115090369,1.346383887001693],[103.812942197616707,1.346376250608271],[103.81295585590162,1.346358432031292],[103.812973562295184,1.346329922996605],[103.812999359455247,1.346287156724829],[103.813008640837566,1.346270317537447],[103.813027475847406,1.346238885606024],[103.81306066114486,1.346176017183363],[103.813082134451619,1.346129848655507],[103.813098728511733,1.346090555969306],[103.813113370013269,1.346049299891531],[103.813128009717232,1.346008041100542],[103.813138746960021,1.345967766225419],[103.813152411756121,1.345922578867122],[103.813169004161779,1.345865604047346],[103.813178470757109,1.345835103531971],[103.813184985483616,1.345816092037468],[103.813186456451916,1.345813261389095],[103.813199328543305,1.345789020007995],[103.813208575758381,1.345774453487209],[103.813215410316019,1.345762316069172],[103.813219831324403,1.345751794730293],[103.813221842361187,1.345744916151272],[103.81322345086565,1.345735205099548],[103.813223450948499,1.345725088879237],[103.81322184259318,1.3457165932666],[103.813219030162287,1.345708499181778],[103.813213400748054,1.34569959657178],[103.813202143700252,1.345683815319331],[103.813190888479582,1.345664394000069],[103.813180034040727,1.345642138406031],[103.813170384556216,1.345621907693882],[103.813159128470758,1.345598438439355],[103.813139831293086,1.345558783707913],[103.813124373607394,1.345526566501256],[103.813112083304432,1.345499975371944],[103.813102440114903,1.345479266250783],[103.813083794362527,1.345443673024908],[103.813069648520184,1.345418433000308],[103.813054216815559,1.345395782160184],[103.813038785057742,1.345379602047333],[103.813022067491048,1.345359541295921],[103.813003421590736,1.345342067010453],[103.812991847292764,1.345333654515592],[103.812971272138924,1.345321357699961],[103.812943620853048,1.345304529054587],[103.812917212265333,1.345289197142471],[103.812917225744926,1.34528905606174],[103.812936519479479,1.345093404217935],[103.812985656009658,1.344489340748343],[103.812989325873104,1.344363808666993],[103.812996218733829,1.344363808724775],[103.813024074121955,1.34436380805372],[103.813051472153688,1.344362463492984],[103.813090230707559,1.344359101389724],[103.813128986582228,1.344353721648804],[103.813167746056507,1.344347667251417],[103.813204499953684,1.344340269855612],[103.81323858063746,1.344332202303065],[103.813269457945111,1.344324907955149],[103.813304821776399,1.344316476857786],[103.813326433102333,1.344311815941832],[103.813339940288586,1.344309485506042],[103.813353058391627,1.34430793282037],[103.813367722016238,1.34430676811968],[103.813383542974663,1.344307156222155],[103.813393959981596,1.344308320224782],[103.813403220524947,1.344311426792651],[103.813417880492366,1.344318027868949],[103.813429458392889,1.344325016892216],[103.81343833074861,1.344329289182517],[103.813447975876144,1.344332394849007],[103.813471127275719,1.344335113558079],[103.81348463353207,1.344336665557941],[103.813499297138009,1.344337829594868],[103.813512413409555,1.344340547317138],[103.813527847940094,1.344346760426751],[103.813550612022652,1.344354138417422],[103.813561186257118,1.344357904277077],[103.813571307631847,1.344359814377201],[103.813584275660318,1.344360131914695],[103.813599772249418,1.344359178840672],[103.813618115469254,1.344359496421694],[103.813636142405855,1.344358544272359],[103.813652588766175,1.344358544405809],[103.813668086238522,1.344359500444648],[103.813686112256221,1.344361091367688],[103.813705721530624,1.344363639120974],[103.813726277865413,1.344369051003891],[103.813755001215895,1.344375036319596],[103.813793686888133,1.344383950951575],[103.81384782415536,1.344400297773916],[103.813890457174622,1.344413242283932],[103.813925647435681,1.344423458266229],[103.81394933165106,1.344430270128397],[103.813964219891133,1.344432312302169],[103.813985875198995,1.344433676256506],[103.814004824046705,1.344434356489585],[103.814025125233982,1.344434358459948],[103.814049487884645,1.344438445476539],[103.814069112412852,1.344443897141198],[103.814095503977001,1.344452750173954],[103.814121896477147,1.344456839014658],[103.814147612387572,1.344457521108906],[103.814176709604126,1.34445547657085],[103.814215962382917,1.344450029893511],[103.814241629814944,1.344445059708727],[103.81425909067633,1.344441822221398],[103.814419834593835,1.344396289635137],[103.814436375334353,1.344392260820489],[103.814467954417452,1.344384714145065],[103.814479549469951,1.344381799468633],[103.814487415486653,1.344379922973554],[103.814496730880506,1.344378255397884],[103.814511635323228,1.34437659148299],[103.814524676137864,1.344376591584112],[103.814544547811039,1.344376799741887],[103.814567941841403,1.344377216834924],[103.814587607737778,1.344378257910394],[103.814609343910575,1.344380344446955],[103.814622798949145,1.344382010390026],[103.814635427319601,1.344382636307556],[103.814644742705426,1.344382011463502],[103.814650125098026,1.344380344761309],[103.814656748426984,1.344375553489552],[103.814673309906141,1.344362010759625],[103.814685316552968,1.344352010390068],[103.814702822417971,1.344338643113895],[103.81472888713823,1.344316972933379],[103.814746449597251,1.344305569936875],[103.814766278235282,1.344293024745273],[103.814793475076698,1.344279910764607],[103.814814438549419,1.344273639157341],[103.814830868782394,1.344267366610986],[103.814853531480722,1.344254820535918],[103.814869963536296,1.344245127683007],[103.81488922606276,1.344234865101913],[103.814915855910968,1.344221750211179],[103.814939085600329,1.34420920775705],[103.814988334130845,1.344181493881794],[103.815027695775242,1.344156475841338],[103.815067057418844,1.344131455991502],[103.815088352518075,1.344117169002356],[103.815114682282157,1.344098994188117],[103.815150019288495,1.344071485495759],[103.815177355469061,1.344049341432859],[103.815200691221818,1.344031894608638],[103.815214692700025,1.344017802906572],[103.815224693740944,1.344009751424641],[103.815235360630169,1.343999685928035],[103.815242028918902,1.343990292344343],[103.815248696373175,1.343972173452561],[103.815256697602337,1.343911781863843],[103.815263759785395,1.343858157627147],[103.815266253466447,1.343834338495167],[103.815269057103208,1.343817010893424],[103.815272662217623,1.343804919567711],[103.815277465119337,1.343792024270934],[103.815282269800363,1.343781547244651],[103.815292281693857,1.343763815445552],[103.815301090399657,1.343748098561435],[103.815309500153248,1.343731173443445],[103.815316705829517,1.343715053200817],[103.81532111156109,1.343702964594064],[103.815323113622156,1.343693695777784],[103.815323515387988,1.343678785524261],[103.815321913390079,1.343660247850121],[103.815313580389684,1.343625966949868],[103.815303595793154,1.34359740433367],[103.815288751841237,1.343560627339105],[103.815273906986945,1.34352442552022],[103.815267627060805,1.343508910197188],[103.815263629466003,1.343495117705371],[103.815261919627616,1.343478452969109],[103.815261347375412,1.343460638794122],[103.815261919956924,1.343433632667468],[103.815261886914499,1.343405824365057],[103.81526188903436,1.343361896671106],[103.815257826799751,1.343340442403254],[103.815250723918965,1.34330775138456],[103.815234484414844,1.343283233039213],[103.815213168987839,1.343252585778089],[103.815185764031924,1.343219893703263],[103.815176638351545,1.343206335403354],[103.815159498493514,1.343181507758137],[103.815141221056024,1.34315698216201],[103.815130392614591,1.343141994953339],[103.81512463924787,1.343126324987534],[103.815123962646965,1.343124280214462],[103.81512091572678,1.343110995982326],[103.815117194901404,1.34309566788151],[103.815115163324322,1.343086469575527],[103.815112118158453,1.343078976893275],[103.815108393668282,1.343073185315445],[103.815101964528864,1.343065010717009],[103.815090752396785,1.343050831102734],[103.815077189638103,1.343035661191674],[103.815066038581946,1.343025042964915],[103.815051569155784,1.343012604227519],[103.815045240635314,1.343007142723007],[103.815034689842619,1.342993188300205],[103.815030096457036,1.342985757102981],[103.815017374810793,1.342962638738836],[103.815012332173453,1.342951402876976],[103.815007652549156,1.342940893222487],[103.815003331453184,1.342930020920563],[103.814999011245035,1.342920598314835],[103.814993969479417,1.342912987145619],[103.814988207956148,1.342906824762808],[103.814978126178914,1.342897403017887],[103.814967323783378,1.342884355670418],[103.814960481330004,1.34287311979484],[103.814954001023565,1.342858261038031],[103.81495004027505,1.342844128504898],[103.814946439873665,1.342826733027594],[103.814943393927322,1.342803547813313],[103.814940765758465,1.342787473619802],[103.81493814207748,1.342772059612372],[103.814934202886107,1.342759066578571],[103.814930265465563,1.34274959694866],[103.814925672094347,1.342740348883071],[103.814920420958885,1.342733522700447],[103.814914951470001,1.342727136037287],[103.814907511440012,1.342720529598613],[103.814900291532609,1.342717226804897],[103.814893510125955,1.34271348358901],[103.814883883869129,1.34271084005865],[103.814872943912178,1.342708857608685],[103.814866817534579,1.342707976711155],[103.814862879152997,1.342706876069688],[103.814858940784632,1.342704012821927],[103.814855659278763,1.34269916811664],[103.814851503478664,1.342693663218664],[103.814845376240598,1.342687717880185],[103.814838594835777,1.342683753999227],[103.814828310847858,1.342679129905506],[103.814806113764291,1.342672280080052],[103.814790359333116,1.342668757460339],[103.814762162554999,1.342662924094313],[103.814919735762544,1.341838456019289],[103.814931528180807,1.341756094733701],[103.814844541131322,1.341537341878447],[103.814829511193381,1.341500967321494],[103.814788925842649,1.341394497089697],[103.814745293346064,1.341067467717715],[103.814747273137371,1.341032434462578],[103.814782381544092,1.340570612881254],[103.814906008862749,1.340463265759232],[103.815121107026229,1.340693873081035],[103.816029073720571,1.340168594077648],[103.816591435382321,1.339497531536262],[103.816616636582765,1.339466464980907],[103.816631931142624,1.339439174983413],[103.816640198883718,1.339424611154564],[103.816647090940094,1.339408660021168],[103.816657427248444,1.339381613263552],[103.8166650076477,1.339358726563625],[103.816671207864744,1.339335148015398],[103.81667465492005,1.3393081003062],[103.816678101081393,1.33928035894941],[103.816679479672302,1.339250536635824],[103.816676723183392,1.339207537703505],[103.816666957125079,1.339151287070505],[103.816657875590991,1.339121403188513],[103.816643024518143,1.339075493024047],[103.816609609557418,1.338979398642764],[103.816594759341427,1.338939894091573],[103.816575999562843,1.338890540984212],[103.81709979081154,1.338392217994937],[103.817290611793055,1.33820011234522],[103.81738429607492,1.338114371067138],[103.817648562811556,1.337872509542136],[103.818598248252854,1.337003343406872],[103.818802064824908,1.336816808597896],[103.818896870582904,1.337007874249553],[103.818915166759368,1.337053589079054],[103.819209933691369,1.337790107062591],[103.819216672787249,1.337806409176084],[103.819400829847993,1.338251876673776],[103.819584726458658,1.338685456283881],[103.819817530766628,1.339125576515091],[103.819950158098109,1.339287748792402],[103.81997189843888,1.339342468389676],[103.819973624560348,1.339344422730808],[103.819999316906845,1.339372932057814],[103.820025676885081,1.339401123051898],[103.820052388203379,1.339428784994374],[103.82007962518226,1.339455915173108],[103.820107319530791,1.339482587745591],[103.820135556612513,1.339508727650012],[103.820164216020089,1.339534410852322],[103.820193260912973,1.339559564098776],[103.820222850336336,1.339584151215663],[103.820252773128558,1.339608209280745],[103.820283151493868,1.339631702120095],[103.820313987229227,1.339654664099567],[103.820345173406011,1.339677097931644],[103.820376816953015,1.339698964729225],[103.820408826217346,1.339720230125947],[103.820441171546335,1.339740933009328],[103.820473901462563,1.339760998317352],[103.820506965646103,1.339780535477825],[103.820540311081999,1.339799539968639],[103.820574129164797,1.339817734150905],[103.821068476538045,1.340080425636174],[103.821122196769409,1.340108935092417],[103.821172547414719,1.340135324700281],[103.821223231429769,1.34016107763617],[103.821274196697431,1.340186336789386],[103.821325425247295,1.340210924000035],[103.821377022210839,1.340234841077327],[103.821428665004532,1.340258211917586],[103.8218601651011,1.34041499371354],[103.822216129782333,1.340540341188384],[103.822921348910455,1.340767526094391],[103.823083081337188,1.340820619307291],[103.823417031498892,1.34092828437963],[103.824107573792602,1.341150940729881],[103.824383431354562,1.341230887581576],[103.824664500639614,1.3412943749869],[103.824948804812379,1.341340950754982],[103.825235445307953,1.341370434008765],[103.825506629739053,1.341382023423271],[103.825609726006391,1.341381710842771],[103.826581910388526,1.341340585047664],[103.826829718847037,1.341330102329757],[103.8277231839633,1.341286532273531],[103.828071528724905,1.341253857458483],[103.828950293494159,1.341132015076317],[103.829539996842172,1.341048506145119],[103.82957767740389,1.341403706213232],[103.829574230395863,1.341490409441074],[103.829561689167235,1.341508640505555],[103.829550542502361,1.341527572454628],[103.82952755097152,1.341578055853718],[103.829509438635569,1.341618723288012],[103.829491322698217,1.341663600538856],[103.829478085953042,1.341700762663789],[103.829464150117914,1.341744196555296],[103.829448786461484,1.341793303522903],[103.829428325235639,1.341866170850582],[103.82940101423327,1.341971507565413],[103.829380043471801,1.342074968638187],[103.829356457868386,1.342197060519336],[103.829344040506768,1.342294959763954],[103.829339919555892,1.342389738964592],[103.8293410579533,1.342438081770309],[103.829346557960477,1.342487580360992],[103.829354558670516,1.342531294640452],[103.829370560117368,1.342602618276442],[103.829388848415974,1.342664740007311],[103.829407134934897,1.342716507669001],[103.829420951145565,1.342750112066952],[103.829434690977976,1.342784344093644],[103.829406619080061,1.342767389927369],[103.829390243729293,1.342758914196858],[103.829380416178239,1.342756558311405],[103.829372463021883,1.342755615046292],[103.829362639060548,1.342756088012871],[103.829353746900978,1.342759851963327],[103.829349537138768,1.342764093425881],[103.829346729129185,1.342769272716693],[103.829344858312751,1.342777745704502],[103.829344390142168,1.342790461068446],[103.829346729050613,1.342817776497264],[103.829351407821079,1.342838494590995],[103.829359829090407,1.342862510908098],[103.829371058358177,1.342888411020993],[103.82938556198043,1.342914312043518],[103.829404743506359,1.342941624786497],[103.829421118840415,1.342961404168605],[103.829437964132296,1.342974588925536],[103.829455744828763,1.342985891701343],[103.829476329934067,1.342996252133662],[103.829497853139614,1.343004728776079],[103.829522649806194,1.343009909014897],[103.829542769473633,1.34300990904638],[103.829572714004811,1.343007556840884],[103.829592832778673,1.343004260463404],[103.829615507060694,1.342999473696984],[103.829666792425442,1.342981843189273],[103.829697099984884,1.342972523758811],[103.829728252183472,1.342968288666339],[103.829796447535344,1.34296489830415],[103.829844436059602,1.342961511528542],[103.829899161090253,1.342958969437963],[103.829936206047748,1.342954734351163],[103.829957254833218,1.342949650947721],[103.829987564188301,1.342940331513613],[103.830018714599134,1.342928469007343],[103.830049023058564,1.342916605595153],[103.830078490460636,1.342908134452665],[103.830111325663665,1.342902203674131],[103.830155946386199,1.34289542552108],[103.830211512475159,1.34288695260223],[103.83025697694643,1.342879326154508],[103.830286486573797,1.3428756056362],[103.830315614309484,1.342874691360066],[103.830340189936933,1.342874691390471],[103.830372048391084,1.342879273844378],[103.830433035469909,1.342891183493905],[103.830492198468491,1.34290584331217],[103.830546812956925,1.342918669976978],[103.830576849132498,1.342922335400508],[103.830606888010934,1.342919588879459],[103.830647496664298,1.342908961737612],[103.830678195092204,1.34290031875994],[103.83072371168339,1.342888367632556],[103.830749929885201,1.342882891733607],[103.830784563104714,1.342877913243668],[103.83081226841918,1.342876918471647],[103.83083700488848,1.34287741589766],[103.830907751246059,1.342877416873696],[103.830940708645699,1.34287686705278],[103.830964275190283,1.342876402232529],[103.830998055672595,1.342874403619728],[103.831021215170409,1.34287273961122],[103.831053694539321,1.342868405927288],[103.831086810988978,1.342862405499758],[103.831111981470542,1.342854407323359],[103.831137148361861,1.342841741721579],[103.831162320643713,1.342829743540529],[103.831183516796713,1.342816411418071],[103.831201987616126,1.342802707599239],[103.831211474622634,1.342795888699306],[103.8312299768928,1.342780505475418],[103.831249282478439,1.342761886435955],[103.831268587169973,1.342737599744069],[103.831287894557505,1.342712502741439],[103.831306393245654,1.342680928679498],[103.831317655818978,1.342659069294761],[103.831331331030526,1.342632353474654],[103.831340179173125,1.342608876179757],[103.8313546586093,1.342565155594637],[103.83136553571174,1.342527742044463],[103.831378037435798,1.342458877411596],[103.831391599475893,1.342370172831246],[103.831394234120708,1.342286124814826],[103.831396796838803,1.342255129532582],[103.831411983447182,1.34220058641766],[103.831428763206503,1.342140327720253],[103.83143413753794,1.34208437198008],[103.831432367425407,1.342018388640773],[103.831419429122661,1.341935763177214],[103.831405646172442,1.341855529756951],[103.831358289619033,1.341535331329264],[103.831350959213097,1.341478219800809],[103.831320748922849,1.341242604788418],[103.831318788284293,1.341219385228223],[103.831320234981064,1.341200458689149],[103.831323851696766,1.341185171314603],[103.831331086909771,1.341173524010148],[103.831341935232217,1.341161146886489],[103.831359295410948,1.341156779724469],[103.831383889891626,1.341156051730889],[103.831403418289312,1.341158964704509],[103.831431629469762,1.341162607506954],[103.831464178894805,1.341169158748625],[103.83149962257626,1.341182263921604],[103.831543020304196,1.341202649234168],[103.831582804924878,1.341221577612128],[103.831629820253553,1.341245603897218],[103.831676114938631,1.341268903071852],[103.831677779969425,1.341269752271258],[103.831712751906934,1.34128683483586],[103.831777263989792,1.341319902965967],[103.831850380682127,1.341355465336902],[103.831899713401924,1.341379420173375],[103.831930466603538,1.341397116795856],[103.831957424289158,1.341413876494172],[103.831978829773547,1.341430635284738],[103.831993895919041,1.341445797868286],[103.832004998516538,1.341461759003423],[103.832014513359255,1.341476920679438],[103.832024818928431,1.341504054333096],[103.832033540338799,1.341527197025297],[103.832040675790225,1.341551934111252],[103.832045433652141,1.341576673004649],[103.832047812115334,1.34162455458428],[103.832047820175177,1.341676662257951],[103.832048512933213,1.341737410230368],[103.832051983143259,1.341792573753452],[103.832056838942094,1.341830280329358],[103.832062389331952,1.341860305233548],[103.832072100951805,1.341893822795579],[103.83208528101521,1.341924547681791],[103.832101933115837,1.341953874422159],[103.832121096692561,1.341982663971168],[103.832125291167884,1.341989187154351],[103.832157502733551,1.342024102874595],[103.832194671658641,1.342054031026555],[103.83223307880273,1.34207897070393],[103.832267769505549,1.342097677498959],[103.832312370428724,1.342116381584586],[103.832374318953867,1.342137580817946],[103.832467239050729,1.342161276106968],[103.832575026726317,1.34218372427846],[103.832662992167442,1.34220243108389],[103.832698922890884,1.34221116001963],[103.832722272873454,1.342220084294443],[103.832763054023317,1.342237187645673],[103.832790240858643,1.342244883793744],[103.832814029340582,1.34224745038538],[103.83283611684864,1.342247450389999],[103.832873501447139,1.342238045910976],[103.832915979083779,1.342232915458873],[103.832949114389322,1.34223205993553],[103.832999241467945,1.34223120712722],[103.833040020824228,1.342236338496616],[103.833077402724143,1.342245745700314],[103.83311478552254,1.342259428738761],[103.833143671536291,1.342270544285183],[103.833168310056621,1.342275675651112],[103.833202294501959,1.342276530277625],[103.833234577973158,1.34226969147486],[103.833288952546738,1.342256012059116],[103.833417682974797,1.342224872979799],[103.833461931672019,1.342216669487537],[103.83348230832101,1.342213155125938],[103.833501523131716,1.342210811011922],[103.833525394281253,1.34220905292558],[103.833543443659536,1.34220905382845],[103.833570807512714,1.342210226786674],[103.833603412667898,1.342215501037003],[103.833638346891505,1.342223121208091],[103.833668039814015,1.342232496750903],[103.833702391772093,1.342247147450727],[103.833760031718569,1.342281136172074],[103.833795546416439,1.342304576388895],[103.833828211779704,1.342323831206883],[103.833891406630613,1.342364683146091],[103.833970779166066,1.342419965119295],[103.834098158196909,1.342509369651897],[103.83494101171344,1.343080991807765],[103.835030738415696,1.34314687379525],[103.835035490006106,1.34315031851625],[103.835060827629874,1.343170585306514],[103.835099598727382,1.343181497340517],[103.835167547006435,1.343222013723513],[103.83519655973187,1.343225305588158],[103.835208765779285,1.343226533705737],[103.835224022442134,1.343230834851409],[103.835247212505223,1.343246804101334],[103.835276477740479,1.343267726550481],[103.835435587755811,1.343383898366661],[103.835469246060256,1.343408403901732],[103.835479286585269,1.343418377224422],[103.835484442531467,1.343424536846363],[103.83548734039573,1.343431671375222],[103.835492174668673,1.343450805010321],[103.835925874958988,1.342710224125054],[103.835998121958596,1.342757368567717],[103.83607624285456,1.342808365594312],[103.83610193271511,1.342825123439148],[103.836154857962157,1.342859516359748],[103.83623326640388,1.342910459119042],[103.836311513107859,1.342961303300228],[103.83641216993135,1.343026705910072],[103.836513644450946,1.343092624906764],[103.836592106821172,1.343143594785194],[103.836671638482628,1.34319526102024],[103.836738374633626,1.343238616161011],[103.836864235233335,1.343323490588181],[103.837076151969455,1.343460438184552],[103.837072217230755,1.343498801331988],[103.837041235314445,1.343800415977817],[103.837012949034289,1.344076021096033],[103.836984671733418,1.344351571951439],[103.836956385440743,1.344627168024137],[103.836928135084264,1.344902781278774],[103.836899920664024,1.345178414428439],[103.836871671193649,1.345454064760149],[103.836847616143004,1.345688539370665],[103.836828504003265,1.345872759344424],[103.836778778288931,1.346357136118007],[103.835782434147447,1.346289771221162],[103.835401085866465,1.346755502995831],[103.83540104992403,1.346755546405366],[103.83513568687988,1.347079642804138],[103.834557660242695,1.347678640823333],[103.834560656946763,1.347677075366961],[103.835247728756528,1.347318134477769],[103.835611057893189,1.347389857499453],[103.835610947370171,1.347389986823674],[103.835579068217768,1.347425760798209],[103.835487051956775,1.347529022119598],[103.835485125441195,1.347530843511327],[103.835472297578903,1.34754297557184],[103.834486224087485,1.348606545915107],[103.833986712428299,1.349142481515201],[103.833839520756328,1.349573754865196],[103.833839378783395,1.349573725925562],[103.833829403836532,1.349571665785433],[103.833776323927793,1.349556363949427],[103.833723247613975,1.3495410711559],[103.833644640433491,1.349518415933712],[103.833547497699627,1.349490408681932],[103.833364567377018,1.349437657113405],[103.833277128229327,1.349412460615271],[103.833270164367022,1.349431888172011],[103.833197928890741,1.349633153570782],[103.833066882475478,1.349658422406675],[103.832959818702349,1.349679068128275],[103.83285197317764,1.349699859447652],[103.832742420381493,1.34972097633298],[103.832638896941049,1.349740926584963],[103.832525426406534,1.349762794986169],[103.832407795523238,1.34978546645609],[103.832350503145108,1.349796515958166],[103.832286256764235,1.34986247213397],[103.832188060856225,1.349963245418636],[103.8320890751028,1.350064842574797],[103.832069073078657,1.350085371637098],[103.832069666964202,1.350210526631591],[103.832070312061276,1.350348550731858],[103.832070959854718,1.350485408201845],[103.832071660659651,1.350629610015259],[103.832072478264323,1.350800145112034],[103.832072577097406,1.350817382298136],[103.831977985280361,1.35091736877824],[103.831900600955578,1.35099886191662],[103.831822696357065,1.351080895862052],[103.831744798941827,1.351162930709293],[103.831665707329662,1.351246213576046],[103.831597587180852,1.35131794771433],[103.83152946702802,1.351389681850644],[103.831461346871194,1.351461415080625],[103.831393217724766,1.351533141073708],[103.831325097559954,1.351604865256101],[103.831249438435421,1.351684513471101],[103.831249346781846,1.351684609333656],[103.831249276693939,1.351684540601898],[103.831192424519941,1.351743966338352],[103.831181399134039,1.351754972443571],[103.831152195789286,1.351783405634807],[103.83098006676444,1.35195544271702],[103.830824543191625,1.352110857585944],[103.830675147811235,1.352260140860631],[103.830603819729802,1.352333855524692],[103.830565585791717,1.352373358118899],[103.830527360838033,1.352412860712493],[103.83048912689749,1.352452362401077],[103.830450901941347,1.352491874941438],[103.830412667998317,1.352531377533141],[103.830374443039702,1.35257088012425],[103.830336209094185,1.352610381810364],[103.830297984133097,1.352649885304576],[103.830283256650105,1.35266511478275],[103.830235363129376,1.352711743750932],[103.830172292841027,1.352773168100127],[103.830132935685569,1.352811495012082],[103.830093569543223,1.352849821923367],[103.830054212385278,1.352888157877652],[103.830014855226082,1.352926492926916],[103.829975498065679,1.352964811696958],[103.829936131918387,1.353003147649257],[103.829896774755525,1.35304146551362],[103.829857408605761,1.353079801464604],[103.82981885116277,1.353117947499584],[103.829301718197001,1.35329875626674],[103.829146437218043,1.353352855080981],[103.828989565772503,1.353407497405302],[103.828833573116327,1.353461875646611],[103.828677790717478,1.35351615530246],[103.828522581596189,1.353570217901876],[103.828367066955991,1.353624379970701],[103.828212163333134,1.353678334026926],[103.828056666650539,1.353732487032012],[103.827900927348466,1.353786730462905],[103.827601714138609,1.353890921592631],[103.827360107922104,1.353975035938811],[103.827073555451861,1.354074786604731],[103.826931303572451,1.354124327312736],[103.826749199408923,1.354189313543275],[103.826747663764593,1.354188382948108],[103.826737860408898,1.354194415936186],[103.826580018779993,1.354113980424837],[103.825576418439269,1.353517724527526],[103.825567093156451,1.353512184361163],[103.824994576762933,1.353172042857494],[103.823546517925749,1.352322677358348],[103.822524084102042,1.352781041046475],[103.821923817067713,1.353016459707647],[103.821909608047221,1.35302203233377],[103.82183577379557,1.35305099063509],[103.820211533838489,1.353706619391773],[103.819036631195189,1.354180843300435],[103.818743209691618,1.354589240735703],[103.8186148872866,1.354767845587634],[103.818598674458983,1.354771783090943],[103.818495675423335,1.354796796272544],[103.818366352891417,1.35482820133359],[103.818345612047509,1.354856156011599],[103.818328046757443,1.354879831256993],[103.816532823428091,1.357299012127336],[103.816520062778125,1.357316211239158],[103.816475615710331,1.357376116926196],[103.816414843345271,1.357458027490601]]]}},
{"type":"Feature","properties":{"OBJECTID":2,"CLASSIFCTN":"NATURE AREA","INC_CRC":"A17BA5568D892D2E","FMEL_UPD_D":"20251230175800","SHAPE.AREA":216742.07625364,"SHAPE.LEN":8487.6397663345306},"geometry":{"type":"Polygon","coordinates":[[[103.776370483017175,1.389885457208682],[103.775909116794722,1.390097227138663],[103.775482745069624,1.390293753883205],[103.775423459849236,1.390321081386386],[103.775403785725629,1.390311532629133],[103.775362012246831,1.390291253955285],[103.775278481330545,1.390256234928925],[103.775193108215333,1.390226018929451],[103.775105929715977,1.390201688480877],[103.775017365472607,1.390183038302837],[103.7750153760296,1.39018272624794],[103.774928855926433,1.39016917220664],[103.774837956968327,1.390159185767675],[103.774747721078853,1.390152545487314],[103.774740206288712,1.390151992733487],[103.774733107539205,1.390151470738406],[103.774660008391123,1.390146090661133],[103.774713221796731,1.389723184413725],[103.774773878242016,1.389732193389798],[103.774821679687037,1.38973929293222],[103.774950130114789,1.389751823376087],[103.775013899220554,1.389761378659079],[103.775101468856789,1.389774572785984],[103.775197557762482,1.389793650006315],[103.775281061162076,1.389814068987226],[103.775320561438249,1.389825857439912],[103.77536632548852,1.389846235692781],[103.775370750938563,1.389848028250869],[103.775722360120682,1.389685961371544],[103.775848606248843,1.389628012842066],[103.776186076981062,1.389473111721874],[103.776687539808336,1.389242936183643],[103.776883689741865,1.389149768837332],[103.776852461922374,1.388866609099176],[103.776810252269399,1.388483874130625],[103.776786041736059,1.388264341972235],[103.776748792128515,1.387962073785905],[103.776739595224484,1.387885265050595],[103.776777273708859,1.387760620220871],[103.776850760180849,1.387534367370586],[103.776896600092272,1.387385786939799],[103.776920279102285,1.387283714688836],[103.77697303743885,1.386932754100694],[103.776559594860601,1.386724071274569],[103.776159420561569,1.386522518704364],[103.776159326834559,1.386271780246524],[103.776160466389697,1.385777985931241],[103.776178831700349,1.385656479686085],[103.776235924191667,1.385369672971238],[103.776222946211149,1.385213338918092],[103.776192376253775,1.384555208279432],[103.776181163848833,1.38440430768535],[103.776083068371875,1.384133748617655],[103.77602124060293,1.383963218482418],[103.775946397864999,1.383755927452198],[103.775854640591547,1.383501793583974],[103.775751296993775,1.383215266929656],[103.775710335649194,1.383095506467144],[103.775697578000631,1.383007851605586],[103.775675745741097,1.382804536540669],[103.775664137605304,1.382707214058684],[103.775647702405138,1.38256942932097],[103.775755958936429,1.381829529489399],[103.776014008493775,1.380643742165381],[103.776037644028932,1.380629354311385],[103.776757348323272,1.380191239967896],[103.777447153391435,1.380708111128384],[103.777665746043581,1.380663082590353],[103.777800881176063,1.380491470082351],[103.777866091077726,1.38028066441664],[103.777905012200776,1.380151472441593],[103.777917922998569,1.380031138099248],[103.777977375338224,1.379097836062236],[103.777991937376981,1.378874869127164],[103.778036205053894,1.378197076626933],[103.779051996003503,1.378161153487292],[103.77948547427917,1.378146229628584],[103.779795119105316,1.37838141013495],[103.780015606554954,1.378338345689632],[103.780808677949878,1.378187394349928],[103.781150969486518,1.378027768136441],[103.781584204683099,1.377825125985599],[103.782299469723853,1.377780768898357],[103.782724201353815,1.37805772317217],[103.782950151749915,1.378285761533754],[103.783136113977264,1.378466328967361],[103.783575349009453,1.378387000209207],[103.78361191978469,1.378139395190932],[103.783667347063613,1.377676915516559],[103.783433021827562,1.377152497104077],[103.783357872168281,1.376990614384109],[103.78312243351732,1.376863008183468],[103.782949104350735,1.376686823567032],[103.782832473070059,1.376566064088055],[103.782625517510965,1.376350020702988],[103.782444781981084,1.375938458010149],[103.782337924381267,1.375697830711765],[103.782489858782199,1.375475186820683],[103.782420581560544,1.375263528010557],[103.782123446686569,1.374441963998775],[103.782064032106419,1.374279008100037],[103.78181797758748,1.374383357321462],[103.78142883574975,1.374429153065238],[103.780954680927493,1.374474964957193],[103.78095559892202,1.374160858603939],[103.780979767508256,1.373513876314962],[103.78109261546598,1.37334950433378],[103.781363395326906,1.372980049590275],[103.78140446979485,1.37294390215931],[103.781455430363053,1.372906742960271],[103.781497009971801,1.372613438761294],[103.781450074084276,1.372068007732519],[103.781376312827376,1.371330795802048],[103.78135667408786,1.371144760483382],[103.781345089388964,1.371035014766232],[103.781305765204579,1.370662487422722],[103.781374235597255,1.370568230685947],[103.781737873101264,1.370125230506883],[103.781934320003984,1.369885910218711],[103.782085253108889,1.36970267577536],[103.781884311979852,1.369333770546414],[103.7818634713677,1.369295509171695],[103.781688350545906,1.368975988181558],[103.78163207316841,1.368890153781156],[103.781532996978683,1.368676151994356],[103.78142622507923,1.368479718209747],[103.781327078966299,1.368301349256435],[103.781163330836051,1.368011446397087],[103.781030088913553,1.367774826605788],[103.781004524387413,1.367702560132596],[103.780985702698658,1.367590070412859],[103.780974070151984,1.367450460785345],[103.780968747793466,1.367207821635801],[103.780970564704134,1.367124680786724],[103.780999331302425,1.366967403486945],[103.781009684421861,1.366851717480034],[103.7810209410613,1.366714794314518],[103.780980132747644,1.366581543533694],[103.780923614770558,1.366447860121413],[103.780765223444405,1.366269557672467],[103.780574052084262,1.366145062334713],[103.780463202002082,1.366102262668694],[103.78041882810129,1.366097146603417],[103.780389126890128,1.366093722023241],[103.780360768137143,1.366090453023065],[103.780331249335134,1.36608704924659],[103.78001697403262,1.366088985728286],[103.779920780456024,1.36608957865002],[103.779935848796299,1.365997125863373],[103.779967762620799,1.365822223498526],[103.779978546489147,1.365774766338225],[103.7799897785833,1.365734539577403],[103.780009085832944,1.365706954195731],[103.780019771832883,1.365696784861945],[103.780025247823744,1.365691573134858],[103.780090269082493,1.365653084856421],[103.780124204544521,1.365647304918379],[103.780154710950669,1.365646923051787],[103.780189251051439,1.365645586266248],[103.780223793838019,1.365644699853514],[103.780254305615799,1.365645219636605],[103.780277194825715,1.365646287294563],[103.780309050872205,1.36564633774194],[103.78034000924859,1.365646400830067],[103.780362459917541,1.365649279918421],[103.780391205010673,1.365654337758798],[103.780425775544401,1.365658419014835],[103.780459001819494,1.365662518327885],[103.780483720387352,1.365669432737176],[103.780506162999203,1.365670957086856],[103.780529283931543,1.365677004175346],[103.780540763976333,1.365680006917345],[103.780583929064221,1.365695722098689],[103.780629329821139,1.365710053651778],[103.780657205002811,1.365719640524392],[103.780685529459276,1.365729671449288],[103.78071791984118,1.36574416730815],[103.780753013078879,1.365760436683785],[103.780786752203468,1.365775366666126],[103.780820491328456,1.365790298456747],[103.78084659176028,1.365803519022477],[103.780877646831911,1.365819837143248],[103.780903761592512,1.365835317714168],[103.780928516867931,1.365848553623698],[103.780957807044103,1.365869862889285],[103.780991143446641,1.365892476336035],[103.781019998667787,1.365916049214309],[103.781046579719273,1.365934683310997],[103.781070904513754,1.365951087196553],[103.781097052407119,1.365971984906174],[103.781127252787797,1.365995539725355],[103.781150253913637,1.366015573698051],[103.781175060225664,1.36603739202002],[103.781192685185815,1.36605884753502],[103.781209396369874,1.366077154034708],[103.781225173169076,1.366089601139931],[103.781234698518006,1.366107094459453],[103.781250961307137,1.366125857652874],[103.781267697554796,1.366148680546249],[103.781280362513598,1.36616568196007],[103.781295282831863,1.366184914488837],[103.781320187630172,1.366223440030959],[103.781338785471192,1.366257529530382],[103.781357413757277,1.366296586701438],[103.78137784006104,1.366336522953261],[103.781386495500229,1.366358543499163],[103.781399717176015,1.366394055445632],[103.781410274498199,1.366434117189067],[103.78142306748947,1.366472794399891],[103.781433584522134,1.366506082456445],[103.781437315765473,1.366529971311018],[103.781441554487145,1.366563789188297],[103.781452297145819,1.366635009890714],[103.781457972350296,1.366684164907209],[103.781459501055934,1.36671485543504],[103.781459670275026,1.36674330491948],[103.781462050090369,1.366766307467966],[103.781458172183292,1.366793452771625],[103.781458317228157,1.366817839852708],[103.781460286261776,1.366847170226721],[103.781459530950102,1.366871115054269],[103.781459250884552,1.36689956995508],[103.781457569254655,1.366918558848104],[103.781452800845784,1.366946619348667],[103.78145074513958,1.366978258476285],[103.781441551952838,1.367016761570959],[103.781434994472875,1.367045748101205],[103.781428930142425,1.367082403648308],[103.781423294497102,1.367115895739679],[103.781418129634062,1.367152540453922],[103.781415208488511,1.367189610268029],[103.78141231420291,1.3672311955718],[103.781409848612356,1.367269162524796],[103.781408743397392,1.367309821798803],[103.781409465755914,1.367355877452171],[103.781413347416276,1.367405055038562],[103.781417653288784,1.367450162996478],[103.78142125828407,1.367494966168474],[103.781425454909794,1.367522460732051],[103.781432357958721,1.367553080836234],[103.781437292235353,1.367584046364605],[103.78144742445204,1.367628176831772],[103.781457047403165,1.367661928807357],[103.78147023506682,1.367691568717622],[103.781487062651465,1.367729744998093],[103.781519242836154,1.367784438010502],[103.781582708224917,1.367894286144683],[103.781733312397535,1.368171492327494],[103.781883135007959,1.368441212159979],[103.782045787149087,1.368724040110669],[103.782054574487461,1.368713383275179],[103.782616925276997,1.369745143425848],[103.782205063899283,1.370255361370986],[103.781767161087188,1.370797840045797],[103.781811758780833,1.37118318323925],[103.781824506244902,1.371293252742294],[103.781980091805821,1.372647975149602],[103.782288919905127,1.373621745685636],[103.782762252039035,1.374872446771474],[103.782993108435065,1.375482553652043],[103.782848568946505,1.375723364596326],[103.783017429928066,1.37609061317852],[103.783374074333281,1.376472558011246],[103.783701051605675,1.376635866774504],[103.78414320045141,1.377603872743408],[103.784059107639138,1.378296946540106],[103.783998483748519,1.378639085126324],[103.78382386800412,1.37879302229882],[103.782987312955839,1.378936301099832],[103.782473285334092,1.378409280203308],[103.782193132058296,1.378227406593582],[103.781710885161601,1.378258318133661],[103.780988855278494,1.378601561711101],[103.779710001161718,1.378850062201608],[103.779345330224174,1.378580832939159],[103.778467134911423,1.378617087676157],[103.778378644225896,1.379913792279073],[103.778366479735851,1.380092039386465],[103.778368841206046,1.380169524426583],[103.778222595213052,1.380655652730661],[103.778005654064742,1.381015231742904],[103.777714666914861,1.381096609509508],[103.777501704350186,1.381156166787384],[103.777285516279662,1.381122562744433],[103.777170992264018,1.381039240990388],[103.776998434816576,1.380914821749629],[103.776898104504681,1.38083964049968],[103.776737584285598,1.380719357183815],[103.77618284055967,1.381061627422312],[103.776011193293158,1.38116755952787],[103.77599229005456,1.381427220891713],[103.776021881692159,1.381698458383903],[103.776047401212111,1.38173561930941],[103.776175302584008,1.382934210943656],[103.77647514150236,1.383774069139499],[103.776647678918891,1.384257352613056],[103.776709169665892,1.385341160767253],[103.776619532643252,1.3858533368645],[103.776614160163049,1.386226594772429],[103.776924408826844,1.386378427715639],[103.777485920798455,1.38665389130995],[103.777459177001745,1.386822979560741],[103.777446073229797,1.386892506732614],[103.777374509553113,1.387358306609606],[103.777198797492758,1.387926604579764],[103.777331777757027,1.389038377331641],[103.777372878742938,1.389417424271265],[103.776876642831866,1.389653125744638],[103.776370483017175,1.389885457208682]]]}},
{"type":"Feature","properties":{"OBJECTID":3,"CLASSIFCTN":"NATURE AREA","INC_CRC":"0FD30D2299469330","FMEL_UPD_D":"20251230175800","SHAPE.AREA":102881.74466218,"SHAPE.LEN":1856.3005846302201},"geometry":{"type":"Polygon","coordinates":[[[103.775664137605304,1.382707214058684],[103.775675745741097,1.382804536540669],[103.775697578000631,1.383007851605586],[103.775710335649194,1.383095506467144],[103.775751296993775,1.383215266929656],[103.775854640591547,1.383501793583974],[103.775946397864999,1.383755927452198],[103.77602124060293,1.383963218482418],[103.776083068371875,1.384133748617655],[103.776181163848833,1.38440430768535],[103.776192376253775,1.384555208279432],[103.776222946211149,1.385213338918092],[103.776235924191667,1.385369672971238],[103.776178831700349,1.385656479686085],[103.776160466389697,1.385777985931241],[103.776159326834559,1.386271780246524],[103.776159420561569,1.386522518704364],[103.776559594860601,1.386724071274569],[103.77697303743885,1.386932754100694],[103.776920279102285,1.387283714688836],[103.776896600092272,1.387385786939799],[103.776850760180849,1.387534367370586],[103.776777273708859,1.387760620220871],[103.776739595224484,1.387885265050595],[103.776748792128515,1.387962073785905],[103.776786041736059,1.388264341972235],[103.776810252269399,1.388483874130625],[103.776852461922374,1.388866609099176],[103.776883689741865,1.389149768837332],[103.776687539808336,1.389242936183643],[103.776186076981062,1.389473111721874],[103.775848606248843,1.389628012842066],[103.775722360120682,1.389685961371544],[103.775370750938563,1.389848028250869],[103.77536632548852,1.389846235692781],[103.775320561438249,1.389825857439912],[103.775281061162076,1.389814068987226],[103.775197557762482,1.389793650006315],[103.775101468856789,1.389774572785984],[103.775013899220554,1.389761378659079],[103.774950130114789,1.389751823376087],[103.774821679687037,1.38973929293222],[103.774773878242016,1.389732193389798],[103.774713221796731,1.389723184413725],[103.774798752539198,1.389043456870688],[103.774904212185888,1.388240725502206],[103.775036560909612,1.387211335021834],[103.775161637168509,1.386261990475266],[103.775312787384806,1.385049862878224],[103.775381071704061,1.384504681558995],[103.775424938767557,1.384154446989581],[103.775505021039095,1.383583663413311],[103.775643520647108,1.382598017060573],[103.775647703303719,1.382569429320992],[103.775664137605304,1.382707214058684]]]}},
{"type":"Feature","properties":{"OBJECTID":4,"CLASSIFCTN":"NATURE AREA","INC_CRC":"1CA4A25B228C36CE","FMEL_UPD_D":"20251230175800","SHAPE.AREA":509581.59347999498,"SHAPE.LEN":4767.2422442874004},"geometry":{"type":"Polygon","coordinates":[[[103.777866091077726,1.38028066441664],[103.777800881176063,1.380491470082351],[103.777665746043581,1.380663082590353],[103.777447153391435,1.380708111128384],[103.776757348323272,1.380191239967896],[103.776037644028918,1.380629355215764],[103.776014008493746,1.38064374306976],[103.776015374476202,1.380637477670835],[103.77601837244832,1.380623722370925],[103.776069368522315,1.380389788218267],[103.776233908285846,1.379631707470554],[103.776236744496202,1.379618613256137],[103.776867377220071,1.377354963354243],[103.776964298259273,1.37700710393942],[103.777012393903334,1.376835042636622],[103.777106869651149,1.376497046146184],[103.777225774201909,1.376071653414654],[103.77776997687053,1.376056593200843],[103.778036380380897,1.376048045052601],[103.778168735131956,1.375519956639931],[103.778169367728523,1.375519877070629],[103.778200362272969,1.375515602863597],[103.778231249901793,1.375510693790267],[103.778261998268036,1.37550507750079],[103.77829260646908,1.375498931250445],[103.778323161671992,1.375492009054311],[103.778353522794561,1.375484589453158],[103.778383709610864,1.37547643098235],[103.778413702347578,1.375467740740701],[103.778443626809548,1.37545830982312],[103.778473181073366,1.375448276590275],[103.778502649086903,1.375437679032026],[103.778533186428291,1.375425882311686],[103.778563549462561,1.375413376565647],[103.778593560270764,1.375400235947685],[103.778623290737855,1.37538649482527],[103.77865277321645,1.375371975943863],[103.778681856739965,1.375356962365863],[103.778710620387571,1.375341242471974],[103.778739087522055,1.37532481716709],[103.778767116163522,1.375307930626213],[103.778794863567569,1.375290338674731],[103.778822189554575,1.375272146215645],[103.778849059979621,1.375253317073607],[103.778875543131747,1.375233958869499],[103.778901605766947,1.375213929617487],[103.778927282027013,1.375193404764907],[103.778952450606255,1.375172315577353],[103.778977161823931,1.37515069642183],[103.779001397708598,1.375128547297922],[103.77902512591325,1.375105797664543],[103.779048381477409,1.375082659143624],[103.779071109592977,1.375058920112811],[103.779093311156146,1.375034685478334],[103.779115039181804,1.375009993224704],[103.779136152594987,1.374984806269788],[103.7791567394558,1.374959123711252],[103.779176746745279,1.374933087533033],[103.779196263425192,1.374906558465112],[103.779215130446801,1.374879604331197],[103.779233452941412,1.374852296578425],[103.779251057487784,1.374824495930842],[103.779268221740736,1.374796376936984],[103.779284668043175,1.374767867241451],[103.77930048085841,1.374739077178553],[103.779315697928936,1.37470989732117],[103.779326070619248,1.374688701981797],[103.779335862836817,1.374667293199301],[103.77934511232155,1.374645674591997],[103.779353748088013,1.374623772000431],[103.779361839326185,1.374601586330565],[103.779369298871401,1.374579261374265],[103.779376107856919,1.374556651528524],[103.77938239297734,1.374533937668994],[103.779388060782082,1.374511080001563],[103.779393081618252,1.374488082143012],[103.779397486037297,1.37446494318966],[103.779401261459981,1.374441628775423],[103.779404420463251,1.374418278172607],[103.779406999889346,1.374394855207509],[103.779409001555962,1.374370444663961],[103.779410249320904,1.374346034103261],[103.779410881565013,1.374321589162752],[103.779410794054073,1.374297106222602],[103.779410074846453,1.37427266034702],[103.779408635882177,1.374248250629625],[103.77940656612067,1.374223839993533],[103.779403791877471,1.374199499881826],[103.779400371558992,1.374175265565994],[103.779396248553653,1.374151206680782],[103.779391386922541,1.374127149587503],[103.779386016693664,1.374103374644169],[103.779379910533208,1.374079670224492],[103.779373082815184,1.374056177409536],[103.779365712356892,1.374032826567342],[103.779357622135819,1.374009793140475],[103.779348901112911,1.373986972224753],[103.779339565461726,1.373964398186341],[103.779329701445121,1.373942071027227],[103.779319102391653,1.373919991647032],[103.779307958795272,1.373898302939597],[103.77929618259931,1.373876858395964],[103.779283774698257,1.37385583798453],[103.779270840227397,1.373835135897122],[103.779257292024511,1.373814787401944],[103.779243271163722,1.373794863042577],[103.779228635671586,1.373775327545582],[103.779213435867263,1.373756216182291],[103.779197833492887,1.373737562417839],[103.779181566167139,1.373719298418942],[103.779164858530507,1.373701529096926],[103.77914771238018,1.373684252643097],[103.779130091773993,1.37366743830824],[103.779111945491906,1.373651151205397],[103.779093342724636,1.37363535968337],[103.77907440657566,1.373620099015177],[103.778651927356492,1.373291338597258],[103.778633692083417,1.373276748075462],[103.778615897119295,1.373261768687243],[103.778598470582452,1.373246224079965],[103.778581412468853,1.37323029241335],[103.778564792867115,1.373213970071538],[103.778548610880989,1.37319715576577],[103.778532903351191,1.373179879340928],[103.778517635231779,1.373162215858403],[103.778502735533976,1.373144234952563],[103.778487800820329,1.3731250168761],[103.778473358533617,1.373105373759927],[103.778459423947837,1.373085379762201],[103.778446033904473,1.373065031266365],[103.778433274667179,1.373044293908586],[103.778420971912269,1.373023203859387],[103.778409301757307,1.373001866029076],[103.778398246233266,1.372980173702276],[103.778387734353757,1.372958096129017],[103.778377853274662,1.372935873872083],[103.778368517637219,1.372913264560004],[103.778359794829456,1.372890479815478],[103.778351723489919,1.37286751692632],[103.778344298230408,1.372844236620394],[103.778338157874387,1.372823286889798],[103.778332506344327,1.372802196994108],[103.778327382278789,1.372780966029858],[103.77832280185126,1.372759628363244],[103.778318275374374,1.372736700826234],[103.778301446117339,1.372654602286618],[103.778313715683836,1.372594370129791],[103.778363897305127,1.372396434984204],[103.778420378674852,1.372164481431783],[103.778434805680476,1.372105275776657],[103.778481335163789,1.371882151296192],[103.77852646181131,1.371705449587245],[103.778625859453129,1.37125023037887],[103.778676232429717,1.371051519282497],[103.778734767525449,1.370794872109291],[103.778856961883392,1.370336334392036],[103.778954006389583,1.369985258937068],[103.778982106107691,1.369881753324156],[103.779040970344951,1.369650346941859],[103.779040999100957,1.369650268262855],[103.779137656016218,1.369270283891458],[103.779224626936269,1.368982992070541],[103.779257922304112,1.368873008612003],[103.779392850691266,1.368427301351372],[103.779537950173975,1.367930351241607],[103.77954064972613,1.367919120911592],[103.779645960998394,1.367480883006698],[103.779722801597075,1.367140551795802],[103.779789759950035,1.366830053515689],[103.779874710887327,1.366372232944397],[103.779920780455996,1.366089579554383],[103.780016974032606,1.366088986632648],[103.780331249335134,1.36608704924659],[103.780360768137143,1.366090453023065],[103.780389126890128,1.366093722023241],[103.78041882810129,1.366097146603417],[103.780463202002082,1.366102262668694],[103.780574052084262,1.366145062334713],[103.780765223444405,1.366269557672467],[103.780923614770558,1.366447860121413],[103.780980132747644,1.366581543533694],[103.7810209410613,1.366714794314518],[103.781009684421861,1.366851717480034],[103.780999331302425,1.366967403486945],[103.780970564704134,1.367124680786724],[103.780968747793466,1.367207821635801],[103.780974070151984,1.367450460785345],[103.780985702698658,1.367590070412859],[103.781004524387413,1.367702560132596],[103.781030088913553,1.367774826605788],[103.781163330836051,1.368011446397087],[103.781327078966299,1.368301349256435],[103.78142622507923,1.368479718209747],[103.781532996978683,1.368676151994356],[103.78163207316841,1.368890153781156],[103.781688350545906,1.368975988181558],[103.7818634713677,1.369295509171695],[103.781884311979852,1.369333770546414],[103.782085253108889,1.36970267577536],[103.781934320003984,1.369885910218711],[103.781737873101264,1.370125230506883],[103.781374235597255,1.370568230685947],[103.781305765204579,1.370662487422722],[103.781345089388964,1.371035014766232],[103.78135667408786,1.371144760483382],[103.781376312827376,1.371330795802048],[103.781450074084276,1.372068007732519],[103.781497009971801,1.372613438761294],[103.781455430363053,1.372906742960271],[103.78140446979485,1.37294390215931],[103.781363395326906,1.372980049590275],[103.78109261546598,1.37334950433378],[103.780979767508256,1.373513876314962],[103.78095559892202,1.374160858603939],[103.780954680927493,1.374474964957193],[103.78142883574975,1.374429153065238],[103.78181797758748,1.374383357321462],[103.782064032106419,1.374279008100037],[103.782123446686569,1.374441963998775],[103.782420581560544,1.375263528010557],[103.782489858782199,1.375475186820683],[103.782337924381267,1.375697830711765],[103.782444781981084,1.375938458010149],[103.782625517510965,1.376350020702988],[103.782832473070059,1.376566064088055],[103.782949104350735,1.376686823567032],[103.78312243351732,1.376863008183468],[103.783357872168281,1.376990614384109],[103.783433021827562,1.377152497104077],[103.783667347063613,1.377676915516559],[103.78361191978469,1.378139395190932],[103.783575349009453,1.378387000209207],[103.783136113977264,1.378466328967361],[103.782950151749915,1.378285761533754],[103.782724201353815,1.37805772317217],[103.782299469723853,1.377780768898357],[103.781584204683099,1.377825125985599],[103.781150969486518,1.378027768136441],[103.780808677949878,1.378187394349928],[103.780015606554954,1.378338345689632],[103.779795119105316,1.37838141013495],[103.77948547427917,1.378146229628584],[103.779051996003503,1.378161153487292],[103.778036205053894,1.378197076626933],[103.777991937376981,1.378874869127164],[103.777977375338224,1.379097836062236],[103.777917922998569,1.380031138099248],[103.777905012200776,1.380151472441593],[103.777866091077726,1.38028066441664]]]}},
{"type":"Feature","properties":{"OBJECTID":5,"CLASSIFCTN":"NATURE AREA","INC_CRC":"D95402DB58858349","FMEL_UPD_D":"20251230175800","SHAPE.AREA":356300.54619198001,"SHAPE.LEN":2640.48723437217},"geometry":{"type":"Polygon","coordinates":[[[103.72869447284279,1.421978986919465],[103.728165992606804,1.422029417129246],[103.728097816331257,1.422037239450181],[103.727992980143199,1.422049268988304],[103.727977539613903,1.422051041733772],[103.727956736855873,1.422060535678554],[103.727127654588017,1.422441631900154],[103.727061451255977,1.42273192913666],[103.726216658934575,1.423163894647688],[103.726151447882913,1.423037278166427],[103.7260652189307,1.422869851352376],[103.726062686934185,1.422864936024891],[103.726028856299436,1.422799248800411],[103.726028838331757,1.422799160172066],[103.726027600184906,1.422796808772184],[103.726026256912348,1.42279425840768],[103.726013705652733,1.422769836421126],[103.726013667915367,1.422769763166021],[103.72601335613308,1.422769156324322],[103.726012449538402,1.422767392775449],[103.726012301284555,1.422767104276943],[103.726011723543806,1.422765981031933],[103.726003158064671,1.422749349408608],[103.726000883940344,1.422744933301132],[103.726000314292662,1.422743685254513],[103.726000407748174,1.422743636423323],[103.725999393332373,1.422741666674778],[103.726000533684697,1.422740735235007],[103.72601894107342,1.422725708308546],[103.726374569277382,1.422531060941318],[103.726419804989234,1.422495205989995],[103.726421954464129,1.422494108194369],[103.726433607282743,1.422476337114073],[103.72645227318003,1.422447871372019],[103.726457923902686,1.422439253967016],[103.726474124290021,1.422386510503882],[103.726475327653816,1.422363639237373],[103.726477884576056,1.422315060631172],[103.726481569313918,1.422245053212754],[103.726485367372632,1.42217289160855],[103.726505497166841,1.421790437727759],[103.726508979542857,1.4217242720305],[103.726522632935769,1.421464857242549],[103.726535027200427,1.421229376343665],[103.72654136688179,1.421108927335447],[103.726559807623545,1.420758545675833],[103.726571852918667,1.420529699160467],[103.726582509580311,1.420327213837106],[103.726588360894269,1.420216044466517],[103.7265908368651,1.420169000558025],[103.726592760621514,1.420132448131132],[103.726594150150845,1.420106048955183],[103.726597222300214,1.420089132096344],[103.726604225926849,1.420068825870173],[103.726609403233311,1.420057012425699],[103.726623982549526,1.420023747039292],[103.726638154115747,1.420005513944356],[103.726656377653242,1.419982067388685],[103.72667158085865,1.419962505833146],[103.726695287901563,1.41993200369681],[103.726751092120011,1.419890174102538],[103.726774771619546,1.419872425281506],[103.726787112349115,1.41986317422721],[103.726842278545135,1.419821823008545],[103.726950991620868,1.419740333241666],[103.72707458581084,1.419647689752104],[103.727162488665726,1.419581800166276],[103.727226225870709,1.419534024743136],[103.727480503221145,1.419367062239795],[103.727798806736104,1.419179402695663],[103.72799921151325,1.419060553350267],[103.728560681746458,1.41873196446507],[103.729051316247563,1.4184422914554],[103.729423185671024,1.418224006051837],[103.729759245532904,1.418023649764555],[103.73003069497598,1.417867325739465],[103.730255622655235,1.417733133866794],[103.730551605909071,1.417562009173383],[103.730741495827615,1.41744826241439],[103.73092093390477,1.41734268970555],[103.731097392082731,1.417240982094318],[103.731229491429445,1.41716153790543],[103.731450387683779,1.417032676038803],[103.731483995839127,1.417030166111308],[103.731512207209448,1.417045315430907],[103.731542376649969,1.417059339809839],[103.731574237594714,1.417085627418526],[103.731605207125426,1.417112295724028],[103.731638651461964,1.417136743024232],[103.731660411818424,1.417153292914658],[103.731690129602597,1.417180349135372],[103.731716207295378,1.417205491564003],[103.731744347452462,1.417225887989051],[103.731767241717876,1.417244947534547],[103.731794573848575,1.417269882918729],[103.731819928188258,1.417294858911723],[103.731844898365978,1.417309895039343],[103.73187592118714,1.417330412774614],[103.731898045467361,1.417347135412308],[103.731927999845027,1.417368218326411],[103.731949251542162,1.41738622602433],[103.73197674994671,1.41741043430646],[103.732001670429256,1.417431801872197],[103.732025996678402,1.417459332641956],[103.73204795342285,1.417485282481568],[103.732071534798735,1.417511563389155],[103.732095696576522,1.417539821258502],[103.732152173162646,1.417592917056037],[103.732218497618462,1.417660933457673],[103.732282306159988,1.417726048552229],[103.732352407282775,1.417796427311196],[103.732397704089152,1.417839603564792],[103.732431308646724,1.417878949329637],[103.732463115132632,1.417918291397765],[103.732503197544233,1.417959101608596],[103.732554244962074,1.418010433652613],[103.732602066962627,1.418049998893796],[103.732643955781469,1.418085205751448],[103.732694478961548,1.418124236630891],[103.732760632146139,1.418184654557487],[103.732806655174443,1.418224396066883],[103.73285142028368,1.418261781656162],[103.732898704993914,1.418300080760823],[103.732950125793892,1.418340920399443],[103.732990587157687,1.418367080850876],[103.733038233182469,1.418403570339322],[103.733082637942076,1.418441498526358],[103.733120743582717,1.418479951872759],[103.733155785792533,1.418521834427865],[103.733189033757967,1.418558285303046],[103.733221753720571,1.418586230625304],[103.733255742776791,1.418607489145882],[103.733285234551545,1.41862529642294],[103.733310945891859,1.418644904120991],[103.733340608026339,1.418671395093768],[103.733371168694646,1.418699153117171],[103.73340618797026,1.418731217003987],[103.733491989292148,1.418801297070507],[103.73359646229261,1.418894183254146],[103.733700586610539,1.418987980111534],[103.733787748792807,1.419070187728724],[103.73383202685369,1.419108654897422],[103.733864035051198,1.419138923488065],[103.733890786787512,1.419162728371846],[103.733918968201408,1.419185971708057],[103.733941089359405,1.419213450816042],[103.733967113279675,1.419236356731211],[103.734023313389613,1.419284657545864],[103.734061972864595,1.419316665510592],[103.734101566687073,1.419353010837817],[103.734137736083667,1.419387220816683],[103.734168984291856,1.419412604004295],[103.73420801303682,1.419445875377222],[103.734232258602205,1.419470069025255],[103.734261369900196,1.419497108007414],[103.734291347576715,1.419520875947255],[103.734322226522636,1.419544993913876],[103.73434355191705,1.419563604805052],[103.734370161501403,1.419591759661606],[103.734409191158647,1.419624848350275],[103.73443881567006,1.419649164316885],[103.734472638931493,1.419681766233482],[103.734501069826479,1.419712983338638],[103.734525313600457,1.419737178792596],[103.734554805799036,1.419766750002966],[103.734585378078521,1.419796853928953],[103.734639638899793,1.41984898371787],[103.734710710761902,1.419916328318596],[103.734738756286134,1.419944772629032],[103.734726424992246,1.419965276711979],[103.734638184612223,1.420111993990005],[103.734570433476705,1.420224642998882],[103.734503072349213,1.420336643594032],[103.73450264369238,1.420337356213275],[103.734418448114724,1.420477347910248],[103.734418355554098,1.420477489891175],[103.734163722173932,1.42086700774851],[103.734131116564214,1.420916884646538],[103.734123521199407,1.420928503568118],[103.734102427203027,1.421025206141675],[103.734017565562482,1.421210967578227],[103.733871000956114,1.421533682996966],[103.733627954654196,1.421651112965658],[103.732925917536662,1.421992073134823],[103.732768751036204,1.422068872851975],[103.731927345872947,1.42247758051173],[103.731915657678712,1.422483259391098],[103.731755349048356,1.422429939225198],[103.731423292043999,1.422319493700221],[103.730023490995151,1.421855095242079],[103.72869447284279,1.421978986919465]]]}},
{"type":"Feature","properties":{"OBJECTID":6,"CLASSIFCTN":"NATURE RESERVE","INC_CRC":"322F6BFFAC5C0158","FMEL_UPD_D":"20251230175800","SHAPE.AREA":101727.792660365,"SHAPE.LEN":1817.3022980851099},"geometry":{"type":"Polygon","coordinates":[[[103.803264646589525,1.267362461741],[103.80322915498401,1.267399784465907],[103.802781014859278,1.26787103650123],[103.802524907313909,1.268123700338656],[103.802334327656268,1.268329283703155],[103.802291566778919,1.268375553208461],[103.802162596826875,1.268508715761444],[103.802048934233099,1.268646251098031],[103.801956137690496,1.26875828449841],[103.801920258592901,1.268811038377274],[103.801918575608909,1.26881351269905],[103.80186188159972,1.268896871839079],[103.8017060200212,1.268754787872122],[103.801395955113705,1.268511002536494],[103.801292813437541,1.268427465069023],[103.80121091381902,1.268359093157683],[103.801187762533985,1.2683317448743],[103.801159542792675,1.268290435846589],[103.801125793664625,1.268233813138756],[103.801114250624522,1.268199576452754],[103.801100575816648,1.268128758180367],[103.801097519336565,1.268101945531944],[103.801091740641255,1.268047498171581],[103.801087168712826,1.267990150528135],[103.801091161939112,1.267906000329874],[103.801092121712202,1.267894753660174],[103.801103724273133,1.267838609928994],[103.801107966580616,1.267811907704482],[103.801134429928538,1.26776059527642],[103.801153378681832,1.267722007168065],[103.801177567878185,1.267667551138682],[103.8011855568638,1.267657535397357],[103.801124519744661,1.267563208471781],[103.801050634866954,1.267439178423232],[103.801001337009183,1.267351972611188],[103.800971397987013,1.267270460018675],[103.800778150338445,1.267347287900821],[103.800696177476752,1.267319587974892],[103.800549628393327,1.267396882179222],[103.80048714386642,1.267437235048067],[103.800442630891382,1.26747877648052],[103.800371856163949,1.267544965136442],[103.80027308991103,1.267643049475806],[103.800250815924642,1.267661785821146],[103.800192425930192,1.267707976410392],[103.800065847320994,1.267808581752213],[103.799934711431519,1.267901999136288],[103.799786272182416,1.268017723351762],[103.799613732805113,1.268175323857748],[103.799428778067877,1.267941463523313],[103.799421401234682,1.267931614892621],[103.799427601275511,1.267919424135883],[103.799435831909321,1.26791438693201],[103.799447360205079,1.267906003621529],[103.799467083323549,1.267882544656456],[103.799508312233414,1.267836913660468],[103.799562472124535,1.267776966737587],[103.79971713687317,1.267625311295166],[103.799797076514892,1.267570485217566],[103.799906181155563,1.26748436035228],[103.7999753267259,1.267427996708346],[103.800016832085305,1.267404487376547],[103.800062934500829,1.26736847254591],[103.800087521371765,1.267344979272735],[103.800141224138116,1.267265213174505],[103.800176211820855,1.267218987918804],[103.800182676837508,1.267213583517532],[103.800201122011188,1.267207313793282],[103.80022577768942,1.267213514436156],[103.800258104227112,1.267213443406912],[103.800291974484637,1.267210264999325],[103.800315034605077,1.267197724467382],[103.800339604380099,1.26717580388197],[103.800379599218658,1.267158547303547],[103.800467189142651,1.267088088450665],[103.800485616541025,1.267066186777036],[103.800524033768596,1.267031743625816],[103.800549048353588,1.267006699367652],[103.800569623317088,1.26697909117825],[103.800589433560887,1.266956851288948],[103.800617627101019,1.266936144404481],[103.800643532849932,1.26692540901794],[103.800665251455101,1.266912936293041],[103.800686331211011,1.266899815130232],[103.800702154507732,1.266889821194416],[103.800719110831736,1.26688167308159],[103.800744134211158,1.266871643991807],[103.80077153062183,1.266861216106855],[103.800800268589754,1.266846999854044],[103.800837015228637,1.266829251252708],[103.800859568529788,1.266819970944721],[103.800883182088612,1.266811613102083],[103.800905502677139,1.266801706065884],[103.800934687426917,1.266770407268667],[103.801003832096612,1.266710917206269],[103.801095984112564,1.266618575470821],[103.80112899414172,1.266568820440325],[103.801181781813227,1.266516661854439],[103.80124741748854,1.266474250672356],[103.801298643145628,1.266451373591164],[103.801327478093739,1.266441568825402],[103.801349907358897,1.266435014267229],[103.801383566431895,1.266433315383333],[103.801420436922015,1.266426741107607],[103.801449254837223,1.266413668869874],[103.801617342906752,1.266309238503665],[103.801673360572835,1.266274969189134],[103.801743786393132,1.266226040294971],[103.801883059087658,1.266146073532274],[103.801921492278481,1.266126466465624],[103.801959925468537,1.266106875676976],[103.802001554779309,1.266084017456187],[103.802027121990264,1.266054698256673],[103.802084683734293,1.265986271993372],[103.802145475487634,1.265935737723158],[103.802183890819137,1.265906380694143],[103.802230940387375,1.265857365588678],[103.802254228846664,1.265833697735567],[103.802284676794287,1.265811864924909],[103.802311545949479,1.265784576037283],[103.802429775050115,1.265697212189712],[103.802539055503658,1.26562258259193],[103.802556974218376,1.265608008965345],[103.80258564924857,1.265595255953556],[103.802626873038946,1.265595232931541],[103.802646598531354,1.265595230453365],[103.802669887669268,1.265589770175191],[103.802705723192616,1.265569738918371],[103.802741540808697,1.265544249818537],[103.802777324258344,1.265520598387302],[103.802791802603181,1.265496242202924],[103.802794277533621,1.265464522537093],[103.802813563028423,1.265440183592457],[103.802852101442369,1.265410985722669],[103.802929161081664,1.265362373400812],[103.803020681060687,1.265291843058384],[103.803088105670284,1.265248089770993],[103.803141088076572,1.265211613737204],[103.803194053296579,1.265184903938912],[103.803251825637389,1.265160649546351],[103.803307210744009,1.265121753456517],[103.803324093527223,1.265099834560379],[103.803410788282449,1.265036597850461],[103.803449378123275,1.264987902768479],[103.803466295355591,1.264939138703206],[103.803492847496571,1.264895301729446],[103.803514538380554,1.264868506551881],[103.803548303069149,1.264822231493006],[103.803599002983148,1.264724772286999],[103.803606285922754,1.264695507121783],[103.803632889635949,1.264619932364068],[103.80365938946197,1.264593173415111],[103.803690714351887,1.264571287239548],[103.803791834066018,1.264512977661813],[103.803873755024867,1.26443753828457],[103.80393884562271,1.26435717263707],[103.803970258240554,1.264284070463884],[103.80397513768277,1.264247476296615],[103.803977575593052,1.264230398296871],[103.80399756395866,1.264184795017894],[103.804009006288439,1.264147528981972],[103.804033118732747,1.264118314650911],[103.804102965847548,1.264064812308931],[103.804131868320496,1.264039674908301],[103.804519364717748,1.26421869830443],[103.804641277946075,1.264759777589507],[103.804626006698754,1.264822173174122],[103.804612908077416,1.264886859539183],[103.804606916006847,1.264946408286102],[103.804589125345359,1.265002120585414],[103.804544027687683,1.265111020994795],[103.804468129567908,1.265269866420723],[103.804353805531548,1.265523215738908],[103.804329018298233,1.265550719006382],[103.804310021251482,1.265574519868772],[103.8042942112709,1.265600989547827],[103.804209485546636,1.265713965476209],[103.804168411226215,1.265766136920051],[103.804124901671855,1.265836893034809],[103.804063865865842,1.265940025214062],[103.804035345869821,1.265989754108452],[103.804022662794608,1.266014821151196],[103.804005649555506,1.266051714524705],[103.803956493094702,1.266168249524394],[103.803868255623186,1.266382623699588],[103.803586530595339,1.266998844767611],[103.803561470939414,1.267039022697985],[103.803543400242091,1.267064618729094],[103.803515978433254,1.267096686287094],[103.803408348090414,1.267211348561014],[103.803264646589525,1.267362461741]]]}},
{"type":"Feature","properties":{"OBJECTID":7,"CLASSIFCTN":"NATURE AREA","INC_CRC":"DDF894C825FEA62F","FMEL_UPD_D":"20251230175800","SHAPE.AREA":138304.183131495,"SHAPE.LEN":1881.7404054640299},"geometry":{"type":"Polygon","coordinates":[[[103.952371089664126,1.375564873600292],[103.952505642174074,1.375521735996757],[103.95248284222258,1.37605461000422],[103.952478895599029,1.376396621926763],[103.95248950657728,1.376699415446622],[103.95250322366843,1.376942825669686],[103.952573696500153,1.377298425504581],[103.952644148098216,1.377624064718357],[103.952734845132099,1.377907586756415],[103.952742865231954,1.377932659795318],[103.952745796977069,1.377944811562993],[103.95279522052499,1.378149669727747],[103.95282154872055,1.37822280146059],[103.952851277494631,1.378321618717705],[103.952896389081104,1.378459720692796],[103.952921519374954,1.37851257849158],[103.952949099941449,1.378598773671349],[103.95297552809086,1.378657945660803],[103.953009729071184,1.378756795245415],[103.953036952258998,1.378829930546496],[103.953076631950196,1.378913062036737],[103.953109189313921,1.378991188241682],[103.953142083556457,1.379085526026211],[103.953172453440018,1.379156432816939],[103.953198400215186,1.379220554401449],[103.953226956986398,1.37929550016468],[103.953256319466377,1.379382157377286],[103.953280373676463,1.379460676502919],[103.953305755192147,1.379541451040126],[103.953326465047326,1.37958662559522],[103.953349552018636,1.379675490672478],[103.953381038670571,1.379778824213887],[103.953410688083537,1.379888898059433],[103.953451721479439,1.380034174529271],[103.953475737359128,1.38011854397241],[103.953500865503727,1.380235340169877],[103.953528347075022,1.380335493269377],[103.953548704538775,1.380431093266999],[103.953449892638062,1.380343307810706],[103.953343746720648,1.380264671370185],[103.953231100374978,1.380195801495594],[103.95311283823888,1.380137239037994],[103.952989889052247,1.380089443901914],[103.952863218363518,1.380052791433617],[103.952733820946918,1.380027569473417],[103.952602712990284,1.380013976095202],[103.952470924114735,1.380012118050918],[103.952339489288818,1.380022009932215],[103.952209440700628,1.380043574055862],[103.952081799651808,1.380076641073806],[103.95195756853704,1.380120951303104],[103.951837722972044,1.38017615676527],[103.951567471880125,1.380316746936251],[103.95130083867376,1.380464168355908],[103.951037993791672,1.380618326788708],[103.950976363279324,1.380628938286788],[103.950914027569993,1.380633842722983],[103.950851507292967,1.380632999135327],[103.950789324619052,1.380626414569482],[103.950727998899396,1.380614144019895],[103.950668042327834,1.380596289970482],[103.950609955663026,1.380573001538675],[103.950470662418851,1.380380418660794],[103.950346763524436,1.380177459989459],[103.950239018221126,1.379965369237242],[103.950148086762496,1.379745446077296],[103.950001027058093,1.379519891960407],[103.949835408335744,1.379307767849023],[103.949652434960271,1.379110616291073],[103.949571865679118,1.378985337426832],[103.949501927216374,1.378853749045528],[103.949443104100339,1.378716762781293],[103.94939580385298,1.37857532766438],[103.949360354166771,1.378430423546346],[103.949337000634401,1.378283054311725],[103.949297825750989,1.377970471665892],[103.949274275201503,1.377656305117593],[103.949266408248846,1.377341345240024],[103.949267215431419,1.377240027788753],[103.949269646475386,1.377138736627844],[103.949273700748066,1.377037498118506],[103.950105461951154,1.377130795838682],[103.950937564565095,1.377220956493389],[103.951769996911423,1.377307978817232],[103.951819742950391,1.37700317692247],[103.951867991130314,1.376698131226752],[103.951914740271903,1.376392849186072],[103.951918112399625,1.376370431684906],[103.951925077920635,1.376323954780131],[103.951932008698947,1.376277472614502],[103.951938904730653,1.376230985214327],[103.951949431521413,1.376171442673576],[103.951963626480577,1.376112676546948],[103.951981434372811,1.37605491550481],[103.95234791914524,1.376054897134077],[103.952367670628547,1.376054896142388],[103.952367798617587,1.376044676842219],[103.952371496582515,1.375616565119098],[103.952371089664126,1.375564873600292]]]}},
{"type":"Feature","properties":{"OBJECTID":8,"CLASSIFCTN":"NATURE AREA OTHERS","INC_CRC":"80BDABC58F61D7EC","FMEL_UPD_D":"20251230175800","SHAPE.AREA":56438.442073880004,"SHAPE.LEN":1325.6239642871899},"geometry":{"type":"Polygon","coordinates":[[[103.710428606038846,1.4462761545962],[103.710054753195223,1.446964676217315],[103.710534465081295,1.4472499959239],[103.710567164605365,1.447425562326103],[103.710545341209581,1.447743773424975],[103.710370893090882,1.447787654388673],[103.710152840102523,1.447688887098672],[103.709934795744331,1.447447473934292],[103.709836679239118,1.4472719030396],[103.709455097000998,1.446920751968485],[103.708854827988247,1.446497818649377],[103.708747136104151,1.44642194219567],[103.708691924798416,1.446383041650963],[103.708254334717523,1.446022676384884],[103.708240985756618,1.446011683130372],[103.708212219357321,1.445987993593685],[103.708026878596087,1.445834363937387],[103.708026887620321,1.445669771045334],[103.708114122280719,1.445461292520844],[103.708364890197714,1.445428388564848],[103.708506649890197,1.44502240138258],[103.708604791942506,1.444726140676766],[103.708128136212864,1.444470940550796],[103.708092371312688,1.444451792329688],[103.708037859445952,1.444407897927854],[103.708070584588356,1.444111633617328],[103.708288646437325,1.444023862940923],[103.708528513317063,1.44395803958838],[103.709139070484753,1.444034882471742],[103.709357119808857,1.444177541209332],[103.709466143590376,1.444265329951829],[103.70918262251665,1.445132167559776],[103.709403637219481,1.445243398994903],[103.709421466697108,1.445252372144916],[103.710338295803169,1.445713789595987],[103.710632663579005,1.445900343769659],[103.710613070420322,1.445936428540942],[103.710441248824566,1.446184878068706],[103.710400565397379,1.446257684195562],[103.710428606038846,1.4462761545962]]]}},
{"type":"Feature","properties":{"OBJECTID":9,"CLASSIFCTN":"NATURE AREA OTHERS","INC_CRC":"2A4AE583F8DD93C0","FMEL_UPD_D":"20251230175800","SHAPE.AREA":2329.006539345,"SHAPE.LEN":185.83512374569699},"geometry":{"type":"Polygon","coordinates":[[[103.653121342355405,1.364678521560065],[103.652905612171224,1.364935081209546],[103.652729111877861,1.365053487464055],[103.652611454147348,1.365014005072499],[103.652552641945036,1.364777161454225],[103.6526114850856,1.364599536977891],[103.652905643057338,1.364520613107914],[103.653121342355405,1.364678521560065]]]}},
{"type":"Feature","properties":{"OBJECTID":10,"CLASSIFCTN":"NATURE AREA OTHERS","INC_CRC":"69BAEA1407A45F01","FMEL_UPD_D":"20251230175800","SHAPE.AREA":26547.975369160002,"SHAPE.LEN":1118.6190472113001},"geometry":{"type":"Polygon","coordinates":[[[103.654540644053384,1.377009640738359],[103.654700839972577,1.377009652823395],[103.654861014305155,1.377311968870334],[103.655441641594308,1.378450691125633],[103.655872102314703,1.379357635404436],[103.656092335140073,1.379871568881262],[103.656432700640011,1.380566893376792],[103.656672956820699,1.381100981983815],[103.656723006809671,1.381252137724106],[103.656612860572793,1.381403281480934],[103.65640260601829,1.381352882040252],[103.656182351543507,1.381141252557141],[103.655992146308861,1.380758319663252],[103.655952124671018,1.380385475320066],[103.655571696472933,1.379861452508318],[103.655181262567524,1.379256815171108],[103.654870942919672,1.378430494498389],[103.654670732968782,1.377956869780784],[103.65454061026108,1.377463096689114],[103.654540644053384,1.377009640738359]]]}},
{"type":"Feature","properties":{"OBJECTID":11,"CLASSIFCTN":"NATURE AREA OTHERS","INC_CRC":"04E0F3BC17E5F7BB","FMEL_UPD_D":"20251230175800","SHAPE.AREA":28000.201877414998,"SHAPE.LEN":740.29079680186999},"geometry":{"type":"Polygon","coordinates":[[[103.66099604507707,1.396772530336294],[103.661128293386341,1.396805088911128],[103.661241273101453,1.396917581533212],[103.661300688032142,1.397026637254865],[103.661369838535876,1.397068544059534],[103.661505273683289,1.397094745199605],[103.661649922714858,1.397172167246789],[103.661875817283189,1.397413154187258],[103.661908230450734,1.3979252495156],[103.661649179724066,1.398729100689046],[103.661515555279948,1.399046531148035],[103.66133195599194,1.399221702989252],[103.661253051207822,1.399243730088334],[103.660913644021207,1.39901183526077],[103.660813467734258,1.398854624771105],[103.660801316568453,1.398752183404022],[103.660912082393168,1.398653474376851],[103.660987817645278,1.398634625878155],[103.661025933883295,1.398567623760958],[103.6608257739761,1.398211556124342],[103.660731705905178,1.398095959305131],[103.660682356767609,1.397852567975611],[103.660597712284869,1.39774661504047],[103.660592686919983,1.397458619436336],[103.660552192436853,1.397349672719054],[103.660492510709091,1.397301409846064],[103.660423672913481,1.397185887236539],[103.66028857676875,1.397082928510574],[103.660471643182518,1.397029341561239],[103.660670764861521,1.396908642327411],[103.66099604507707,1.396772530336294]]]}},
{"type":"Feature","properties":{"OBJECTID":12,"CLASSIFCTN":"NATURE AREA","INC_CRC":"DBFF50D85852A871","FMEL_UPD_D":"20251230175800","SHAPE.AREA":376065.16150725499,"SHAPE.LEN":3944.3100107094701},"geometry":{"type":"Polygon","coordinates":[[[103.760976196638026,1.347678072400857],[103.761061999731211,1.347574464724782],[103.761198980238547,1.347445144796576],[103.761386612251655,1.347328849203248],[103.761959507327632,1.347043403741552],[103.762115076004832,1.346985972179554],[103.762409843393101,1.346900735501885],[103.762587651442246,1.346874432760395],[103.762761343303055,1.346875070882417],[103.762945539126022,1.346883342127518],[103.763123489446684,1.346909220236005],[103.763284878428081,1.346965224018869],[103.763444235878126,1.347048981752834],[103.763644170002891,1.347215987331319],[103.76399017840626,1.347555450213719],[103.764153299567212,1.347686189710614],[103.764442353043506,1.347856317828436],[103.764562848822081,1.347903755136538],[103.764669758816055,1.347934687414108],[103.76485039651574,1.347939829318998],[103.765016011532339,1.347899544592452],[103.765212762758551,1.347821295538151],[103.765747094856422,1.347406614488291],[103.766450498365217,1.34738404301433],[103.766766944960196,1.347376427948578],[103.766808309287825,1.347378289361969],[103.766830527091386,1.347379287485677],[103.766893309340176,1.347388161018737],[103.766955678183919,1.347399521539436],[103.767017471887826,1.3474131429524],[103.767078474799291,1.347428951998332],[103.767138830674554,1.347447457838069],[103.767198107304068,1.347468721052236],[103.767256765674134,1.347491847237657],[103.767315198448244,1.34751713484516],[103.767372391172003,1.347543787102577],[103.767429359239856,1.34757106517235],[103.767485985833801,1.347599156254672],[103.767542351828993,1.347627889426984],[103.767818376693128,1.347787435741898],[103.767909623321046,1.347840152675157],[103.768261019888058,1.348022347153739],[103.768334754418021,1.348076836153946],[103.768575421868633,1.348202758092542],[103.768640683881671,1.348222836716284],[103.768973470549071,1.348401131885759],[103.769338191874738,1.348624673181524],[103.769367717327597,1.348639788596032],[103.769508856892202,1.348718732438963],[103.769733423203164,1.348842099919041],[103.769744919235649,1.348848662285693],[103.769805803959613,1.348884987661282],[103.769819105074305,1.348896541259296],[103.769820571491749,1.348897924070183],[103.76983195150207,1.348908659168368],[103.76984425338668,1.348921343194872],[103.769856115865437,1.348934379007328],[103.769867433801934,1.348947945667047],[103.769878226967322,1.348961936459614],[103.769888474695577,1.348976315209933],[103.769898073650239,1.348991152455695],[103.76990714693882,1.349006273657869],[103.769924048032038,1.349039497717236],[103.769927610635563,1.349047042014203],[103.769873327905202,1.349035223267294],[103.769780947582888,1.349002491912103],[103.769700301174197,1.348985596273903],[103.769590579050345,1.348970400070899],[103.769497928357524,1.348968696518399],[103.76941879086904,1.348977386269263],[103.76930241847667,1.348997071192193],[103.769112243024011,1.349140887135533],[103.769066909706638,1.349173551554011],[103.768828579556455,1.349344768418018],[103.768661389902149,1.349464745904715],[103.768432961140874,1.349628927040669],[103.768166326547373,1.349820427955303],[103.767923602211411,1.3499950721435],[103.7677152296542,1.350144838189363],[103.767456924783602,1.350330451837082],[103.767276328174788,1.350460367813204],[103.767032597349029,1.350634080382419],[103.76680273159387,1.350797429297768],[103.766856483317767,1.350874507897513],[103.766856490506029,1.350874516941351],[103.766455175161923,1.351175841690028],[103.766373350450721,1.351233492614615],[103.76630271298967,1.351285817144051],[103.766196779309468,1.351362377639751],[103.766092804534935,1.351437301286515],[103.766075534636229,1.351419819453124],[103.766028134513249,1.351453550901581],[103.765799100501241,1.35142838510353],[103.765788480742103,1.35138296765665],[103.765770906069051,1.351338906560774],[103.765635106666011,1.351324215888165],[103.7654537211601,1.351381936335088],[103.765358273540684,1.35146351630625],[103.765278809923842,1.351596328932329],[103.765252292715616,1.351618403704384],[103.765187774395898,1.351672121092094],[103.765090809007603,1.351724227793061],[103.765053527068133,1.351744266535456],[103.765018155993289,1.351842145730308],[103.765061814130362,1.351983227715036],[103.76512693906966,1.352087691712396],[103.765178641166329,1.35213170041927],[103.765204716870556,1.352153188839131],[103.765233092977383,1.352171792403215],[103.765359222906397,1.352221617361027],[103.76548765385499,1.352246509067741],[103.765515851242981,1.352229426428761],[103.765588285864624,1.352177454677326],[103.765612376400568,1.352175411491552],[103.76570041038579,1.352112226063411],[103.765709827896174,1.352091688225795],[103.765767507783565,1.35205126478048],[103.765945359088434,1.352098432326324],[103.765926242942285,1.352232837434526],[103.765920957183454,1.352312838212049],[103.765920865103709,1.352393426066745],[103.76592836639206,1.35245559224323],[103.765941339950601,1.352517062212478],[103.765956263787018,1.35256421615737],[103.765968079483798,1.352579129446311],[103.766043176528555,1.352756296409092],[103.766066475023749,1.352801840819514],[103.766109990488857,1.352873133030552],[103.7661818102344,1.352961590854078],[103.766189509884512,1.352999384431278],[103.766200576097745,1.352984702393322],[103.766207003304885,1.352992619372885],[103.766204580518945,1.35300203192375],[103.7661987527121,1.353024676126414],[103.766204095747881,1.353050922721091],[103.766114501900844,1.353176945127238],[103.765866766499059,1.353228514073146],[103.765446994203657,1.353204445307346],[103.764589451446383,1.353155405393863],[103.764206637044765,1.353133463626113],[103.761948146364077,1.353005112910877],[103.761540846219845,1.352981760094185],[103.761448529766923,1.352976487616254],[103.761453015623488,1.352907679237979],[103.761483336008268,1.352016140316088],[103.761529364537935,1.351906156589704],[103.761584003257937,1.351759965108273],[103.761691863653567,1.351497904509055],[103.761789327585447,1.351268882714823],[103.761891339904025,1.351013157902218],[103.761906725808458,1.35095794243035],[103.761918032634128,1.350919924218241],[103.7620156224379,1.350440188372016],[103.762088211049203,1.350099393703018],[103.762255767326735,1.349248090302035],[103.76228845183023,1.349086066358785],[103.760976786066422,1.34767901838293],[103.760976196638026,1.347678072400857]],[[103.764013357620939,1.350162029866996],[103.764010571818332,1.350139454154295],[103.76402305613739,1.350118572753014],[103.764040068943032,1.350107146604759],[103.76406917836448,1.350089752906634],[103.764094743522222,1.350084137540357],[103.764099606168557,1.350065571995828],[103.764080216687518,1.35004447805956],[103.76403923862398,1.350013606427402],[103.764003227597669,1.349990379524052],[103.763957754964622,1.349958185581809],[103.763920872167688,1.349940839729884],[103.763888945713987,1.349927976046699],[103.763853454483552,1.349921465416076],[103.763822933870173,1.349923053505472],[103.763787070095916,1.349935524554289],[103.76376562518179,1.349960994438125],[103.763755963245771,1.350013488859084],[103.763744524722554,1.350070515899999],[103.763740166680265,1.35010263425359],[103.763727390132175,1.350161931208848],[103.763725374859476,1.350217983616876],[103.763714036279126,1.350299413107742],[103.763699451012442,1.350355561015933],[103.763692130944321,1.350431988586408],[103.763686416147905,1.350461406470435],[103.763687546716156,1.350518338010501],[103.763685037541094,1.350563547986894],[103.763661424759064,1.350607562690067],[103.763649936245343,1.350652840234595],[103.76364378555472,1.35068542428335],[103.763648383639648,1.350712052502528],[103.763666452054267,1.350739482376612],[103.763689935028836,1.350773197734854],[103.763719675775732,1.350800540221878],[103.763749367449449,1.350815681031313],[103.763793924587844,1.350843362176412],[103.763842972731652,1.350871462170411],[103.763898805565873,1.35091216285885],[103.763959119599207,1.35095057201706],[103.764007261148421,1.3509768713936],[103.764040548836647,1.350993339908889],[103.764099933977747,1.351024072797484],[103.764159328029322,1.351057517871885],[103.764191746617712,1.351080771801621],[103.764240855452101,1.351123784748206],[103.764267461072279,1.351152957571491],[103.764298194990488,1.351203338747275],[103.764331161017012,1.351250991521012],[103.764362782781703,1.351299107290195],[103.764383098502037,1.351326973126969],[103.764403030090548,1.351370657179284],[103.764417138003211,1.351417548843486],[103.764424561174266,1.351476241359586],[103.764431510968393,1.351529062732562],[103.764442038930369,1.351578693612275],[103.76446102913313,1.351611539741921],[103.764495694114117,1.35163568091295],[103.764526752377719,1.351655781283376],[103.764570353863277,1.351669461028101],[103.764609444714608,1.351677751539904],[103.764656995122522,1.351668806022721],[103.764697792068844,1.351654940573627],[103.764745759612268,1.351638761060709],[103.76478342677342,1.351628082499095],[103.76481796860493,1.351621946467388],[103.764835026928182,1.351621815818856],[103.764868703227989,1.351623370471396],[103.764900985274096,1.351613636815276],[103.764927366910911,1.351587677800973],[103.764939424261186,1.351572222565753],[103.764964817185714,1.351524579592673],[103.765000631898673,1.351499905945583],[103.765039590658034,1.351476111428462],[103.765074065561521,1.351453254609119],[103.765124158121395,1.35140768603861],[103.765172926058909,1.351367096856549],[103.765207352751986,1.351332943625761],[103.765232351733104,1.351298409391316],[103.76524344002128,1.351265335311775],[103.765255004371383,1.351238585461519],[103.765257132948634,1.351210551148566],[103.765253399489424,1.351175781873193],[103.765242419547533,1.351125702418917],[103.765227905180296,1.351089207313309],[103.765205759318178,1.351052770775966],[103.765179545838549,1.351010037038593],[103.765160579740183,1.350982613480103],[103.765129889533355,1.350943077446185],[103.765105499962417,1.350906656218837],[103.765082483207095,1.350877005097334],[103.765079702747585,1.350855786835643],[103.765074648227241,1.350827353495371],[103.76507501004221,1.350806110904657],[103.765086108151039,1.350775296831077],[103.765103514892871,1.350750762837792],[103.765120018629119,1.350724427326185],[103.765150834127937,1.350685329836766],[103.765158831005252,1.350664933946014],[103.765173969050721,1.350634089237557],[103.765168904708332,1.350603397700753],[103.765158410653399,1.350561899767789],[103.765135815515336,1.35052546683471],[103.765087072059458,1.350462115679006],[103.765038843926988,1.35041502951971],[103.764995134466332,1.350375139510003],[103.764963640323046,1.350358204406956],[103.764931283332587,1.350349412170593],[103.764903322717771,1.350318892718408],[103.764891570073885,1.35029909767094],[103.764871722380221,1.350275747340002],[103.764840623074889,1.350245705302283],[103.764801463536799,1.350220242733774],[103.764747929743564,1.35019308226585],[103.764702499037369,1.350171280382377],[103.764670138456253,1.350162487238214],[103.764645909537393,1.350165381417979],[103.764629789044662,1.350175446528508],[103.764618675771942,1.350202192771292],[103.764610273335535,1.350233439205278],[103.764594286712764,1.350276036997601],[103.764584104121511,1.350310912592642],[103.76459282426336,1.350357392617224],[103.764593912013737,1.350403932112606],[103.764599004899452,1.350441854039495],[103.764599158398553,1.350479361627224],[103.764597584390302,1.350533602608758],[103.764591905292946,1.350572057803694],[103.764583471620895,1.350595621666227],[103.764564680456672,1.350610676979421],[103.764544967506538,1.350620769117805],[103.764512638166565,1.350619204551837],[103.764466314245382,1.350598766418829],[103.764429837878126,1.350571024019723],[103.764394708457303,1.350543270806166],[103.764369009427938,1.35051634987608],[103.764336965169548,1.350474564641541],[103.764316683372243,1.350454834462042],[103.764280592027333,1.350411723313891],[103.764236862951762,1.350366862907252],[103.764208455760155,1.350336347052157],[103.764189974646342,1.35031795899904],[103.764150370287581,1.350293855666315],[103.764120159733764,1.35026154640526],[103.76408455872901,1.350228374226319],[103.764050329664059,1.350201065980917],[103.764026003466583,1.350180461163425],[103.764013357620939,1.350162029866996]]]}},
{"type":"Feature","properties":{"OBJECTID":13,"CLASSIFCTN":"NATURE AREA OTHERS","INC_CRC":"164DF458DB138829","FMEL_UPD_D":"20251230175800","SHAPE.AREA":3392359.8977996199,"SHAPE.LEN":25869.6794920268},"geometry":{"type":"Polygon","coordinates":[[[103.653070952608047,1.369402635652069],[103.65308919768998,1.369141922765829],[103.653627038663572,1.368972808315279],[103.654332964188967,1.368611997448255],[103.654534664107416,1.368420303669279],[103.654366626262359,1.367969210829678],[103.653739186839147,1.367619577032563],[103.653369423281731,1.367709764480653],[103.652786750471719,1.368059307954593],[103.65241700124237,1.367969063711832],[103.652159307081774,1.367766057886865],[103.652136973017875,1.366762403155785],[103.652148210176506,1.366322601194109],[103.65241713798234,1.366142190054851],[103.652742084337277,1.36601816723689],[103.652865355337056,1.365770082626076],[103.652753326471327,1.365521980229817],[103.652730935634978,1.365262607241322],[103.652988651461456,1.365172411389465],[103.65320155198782,1.365025826198444],[103.653379291858201,1.364840548919398],[103.653690402588893,1.364840572323409],[103.653628192242309,1.364684009390884],[103.652663795329133,1.364089014446575],[103.65253938649002,1.363619330301366],[103.65244610266609,1.362961777705446],[103.651948321773531,1.363024363329491],[103.65070391565078,1.362585905639847],[103.649428396738685,1.362178756618251],[103.648868437883607,1.36167772634858],[103.648059504882283,1.36230389767064],[103.647468413805498,1.36208467037521],[103.646784020446418,1.361458383459693],[103.645881837409263,1.361019950108903],[103.645477384853663,1.361145164993618],[103.644637368082286,1.361426903726693],[103.644481857309756,1.360863282027713],[103.644575202228864,1.360706731199007],[103.644886352675542,1.360174456946848],[103.644948620615992,1.35957954073352],[103.644948678849104,1.358828060538611],[103.645073141804744,1.358577577201122],[103.643984362191262,1.357262401975431],[103.644731079745313,1.356542292121688],[103.64588212952971,1.357231239099745],[103.646784344849621,1.357231309296202],[103.647064314863854,1.357607070709022],[103.648184323222978,1.35738797576832],[103.648433194500868,1.357607176437128],[103.648495397239245,1.357857675279532],[103.645508679733737,1.358765481141293],[103.645353113175574,1.358922027155964],[103.646193006941814,1.360237182541702],[103.646472973829589,1.360644256593328],[103.646628533229844,1.360581645432956],[103.647344111596624,1.360237272092135],[103.647841898171336,1.360080752435239],[103.648277427094811,1.360393902508851],[103.648681834207281,1.360863609243272],[103.648868499750733,1.360863623615378],[103.64930409540149,1.360300046587762],[103.648650813744879,1.359673763490661],[103.648557504824211,1.359360639869337],[103.64911752720937,1.359016253928891],[103.649521990227214,1.358734480126149],[103.649522025720913,1.358264805444225],[103.649210942869047,1.357920353517843],[103.648868734982912,1.357763768136916],[103.648837643086949,1.357513272592224],[103.648931061091872,1.356386059638475],[103.649055530610781,1.356041641079523],[103.649397766647667,1.355822485749451],[103.649988864483376,1.355947777454905],[103.650331076927046,1.356041738454231],[103.650611093495925,1.355791266554225],[103.650611142782253,1.355133721038346],[103.65058008589034,1.354413550765897],[103.650735675261274,1.353943887833518],[103.65104680559817,1.353662105643458],[103.651420135632321,1.353662133854746],[103.651980112086122,1.353912669271197],[103.652228977899242,1.354194493758818],[103.652384535343913,1.354163193797299],[103.652384558560868,1.353850076376526],[103.652446815045394,1.353380406270748],[103.652726828772046,1.353161245700617],[103.653069029438086,1.353411764539237],[103.65344230870663,1.354100649714309],[103.653971143342147,1.354789545544312],[103.654220018688051,1.354946122344606],[103.65412667460987,1.355102673671016],[103.653846653825525,1.355415770253119],[103.653939967980193,1.355666270443405],[103.65425106974503,1.355760228580849],[103.654562178429089,1.355760251716394],[103.654904405762977,1.355666342152455],[103.655246650477068,1.355321939286573],[103.655526668807639,1.355040154172715],[103.655868883725617,1.355102802739474],[103.656179979601831,1.355290696506299],[103.656055512471895,1.355603803919505],[103.656211049513288,1.355854308636579],[103.656584348191416,1.356292699308656],[103.656242108040232,1.356574479958235],[103.655899876038561,1.356731013015674],[103.655899857787531,1.356981506271281],[103.655930948141261,1.357263313479795],[103.656366487850377,1.357451215535511],[103.656895361696087,1.357607812717778],[103.657455362361787,1.357545230454418],[103.657984259784072,1.357388710805834],[103.658326493140422,1.357200865786003],[103.658482038612775,1.357326123752182],[103.658482018370066,1.357607928702625],[103.658233110904845,1.357889716428596],[103.657704191672792,1.358359352715808],[103.657673037795647,1.358954271970628],[103.65754858508194,1.359079509497457],[103.65733081457148,1.358985558561625],[103.657050839041162,1.358672421430958],[103.656615309054501,1.358359272834462],[103.655993074078978,1.358578408563107],[103.655837489833615,1.358985448601504],[103.65577521769238,1.359674301338132],[103.656335194646573,1.359956147629882],[103.65705073458345,1.360112758614631],[103.658077360004739,1.360613821315437],[103.658388521239488,1.359893674946525],[103.658233016228991,1.359204807072287],[103.65835747342615,1.359016945280881],[103.658668566848888,1.35923615047139],[103.659228539645511,1.359580619443331],[103.659726312221238,1.359611967175171],[103.660286316495004,1.359518072639633],[103.660535192775811,1.359674648896726],[103.660317382832176,1.360144308155352],[103.659819577912629,1.360551324712637],[103.659384020289409,1.360613916475931],[103.659166223506361,1.360895705618357],[103.659072859213666,1.361334062091729],[103.658637287023865,1.361584523660393],[103.657890608390787,1.361803651616565],[103.656801680925199,1.362398493102697],[103.656086098267778,1.362805491764263],[103.655619433852323,1.362805457162584],[103.655370534677189,1.362961996943545],[103.65518382517817,1.363556905387913],[103.655494898103342,1.364057915006372],[103.655774894598878,1.364089247466811],[103.656646034854106,1.363650948797736],[103.657081613534103,1.363306552699018],[103.657299417608186,1.362930827933941],[103.657610523621045,1.362993474112187],[103.658139376109887,1.363463188676554],[103.658077142840909,1.36361974241391],[103.658077122457215,1.363901547343471],[103.65817044180973,1.364089424134346],[103.658823786862968,1.363901601939778],[103.659850446991868,1.363932988290764],[103.659850426809797,1.36421479324631],[103.659663751915033,1.36434002634156],[103.659072625143864,1.3645904775195],[103.658792610441651,1.364809638710626],[103.658761480487797,1.36506012971591],[103.658948104487962,1.365655064882827],[103.658854760189314,1.365811617269651],[103.658232543739814,1.365748948416153],[103.657330348833696,1.36540445297106],[103.657143682853217,1.365404439212154],[103.657205893451575,1.365561002084672],[103.65848129362908,1.367658978737351],[103.658667959797029,1.367658992414288],[103.658947948650138,1.367815571198671],[103.659414587060624,1.36819134519589],[103.659632341792431,1.368504478578662],[103.659632296730763,1.369130711781092],[103.659383383514481,1.369475121878415],[103.659445594336475,1.369631684719593],[103.659943328454133,1.370226643460959],[103.66047219498968,1.370539798533351],[103.660783303433988,1.370571132769471],[103.661156649684074,1.37038328983254],[103.661343345119718,1.369976251713065],[103.661218954481186,1.36922476191553],[103.660659033479817,1.368135075017976],[103.660565718284559,1.367884574961804],[103.660783508944021,1.367696720755259],[103.661281301072634,1.367477574168529],[103.661530221376879,1.367039228815202],[103.661810256147589,1.366538262329868],[103.662090273058226,1.366287789113938],[103.662432492026227,1.366319125300163],[103.66258802058033,1.366694876417395],[103.662743539025172,1.367227185858017],[103.662961318438818,1.367195889752896],[103.663085780199992,1.366945405305468],[103.663054746341331,1.365849493857161],[103.662308132065974,1.36512927220092],[103.661872620181938,1.364534318450888],[103.661779331557625,1.363908078457298],[103.661903813156869,1.363375788166847],[103.662246064862558,1.362937449339056],[103.662650516337735,1.362812231548886],[103.663054953284657,1.362906195356463],[103.663552722301063,1.363000165722394],[103.663801610112955,1.363000183365572],[103.664019403156217,1.362781017099913],[103.664050538174394,1.362436590941071],[103.663646147235625,1.361685081363106],[103.66336616395246,1.361465879836464],[103.663179566242988,1.360495203974306],[103.662961811601335,1.360182071831418],[103.662588505841526,1.359806305273097],[103.662557410310484,1.359587120482798],[103.662650802457904,1.358741712098051],[103.662930858668361,1.357927627707689],[103.663241989658417,1.357614533066478],[103.663864225244495,1.357364083671892],[103.663988691541348,1.357050974836524],[103.664455361573971,1.356957072653946],[103.665139784090528,1.357207614920774],[103.665450859485688,1.3577086234337],[103.665544155514993,1.358240928388474],[103.666384118096076,1.358710662938773],[103.667255212107776,1.358898593406499],[103.667815208849618,1.358898632084207],[103.667877441363103,1.358742077992876],[103.667815257858422,1.358178462628795],[103.668624140608387,1.358209829914027],[103.668810791323665,1.358429025356919],[103.668748529208798,1.359023942966815],[103.668686279772857,1.359430990504904],[103.668499556791687,1.360276393869568],[103.668935076174179,1.36077741060625],[103.669619503345899,1.360996639195628],[103.669992775868792,1.361873392578083],[103.66965052982718,1.362249109354033],[103.669121629618161,1.362436944111393],[103.668654962828597,1.362468223736239],[103.668406085655562,1.362311647319773],[103.667752700834669,1.363094395008957],[103.66772157273553,1.363344886254302],[103.667752640929749,1.363971122805803],[103.667565923522204,1.36472259005614],[103.667534752462004,1.365599315673615],[103.66775251243233,1.365849824172487],[103.668063621390345,1.365881157396095],[103.668343633388986,1.365693306705446],[103.668499205546198,1.365442824042192],[103.668343686753786,1.364910513920904],[103.668157065557281,1.364252955850063],[103.668250428430042,1.363814598840164],[103.668468203260261,1.36384592553666],[103.668779277051925,1.364378245456424],[103.669090367964117,1.364660071937887],[103.669743659805292,1.365255039515872],[103.670801513012606,1.364096578667572],[103.671330454481392,1.363282509962721],[103.671548310814728,1.362092679917982],[103.671548371352529,1.361184641163417],[103.671330632199655,1.36062101528841],[103.671019528899251,1.36052705920395],[103.67049065434459,1.3603391532623],[103.670303994930848,1.360245205540052],[103.670459568582586,1.359963410990805],[103.670584042633294,1.359525055010774],[103.670335162592295,1.359399791396579],[103.670490731980166,1.35918062019672],[103.670521854301299,1.359024063906196],[103.670553009249815,1.358366519823329],[103.670646367159875,1.357990785979744],[103.67083310377123,1.356926200550669],[103.670024361907522,1.354796950571596],[103.670584356593537,1.354828300170058],[103.670864339939328,1.355047500853229],[103.671393175090827,1.35579901777516],[103.671922028051029,1.356300040246298],[103.672233137090757,1.356300061105263],[103.672482051197179,1.355893025870418],[103.672295464392988,1.354703168486601],[103.671984475609662,1.352887068184885],[103.67220226609173,1.352667900956446],[103.672575612872478,1.352417432390814],[103.672917815834822,1.35266794866046],[103.673384422198126,1.353544707776685],[103.673819910946747,1.354515399835643],[103.674535390819258,1.35561135618672],[103.67484644278727,1.356488104857666],[103.674970811079945,1.357646646403034],[103.67512634128083,1.358022396902686],[103.675530744790848,1.358617346485908],[103.675126269994777,1.359118306869111],[103.674504002003715,1.359869747149783],[103.674286191634721,1.360370719693304],[103.674223938944564,1.36084039084924],[103.674410586291032,1.361122209308399],[103.674939467544093,1.361216179381124],[103.675623910956816,1.361184912834467],[103.676277250377709,1.361059708985978],[103.676650549696888,1.361560720446571],[103.676806062167685,1.362218276086934],[103.676557149985783,1.362594000973659],[103.67618379374035,1.362969716752131],[103.67615265025745,1.363470701714424],[103.675623729723355,1.363971654803833],[103.675934822388967,1.364253480484705],[103.675717012700147,1.364754453128605],[103.675250324048278,1.365098851760676],[103.674845888972584,1.36497357822939],[103.674379183716951,1.365568469243297],[103.674036956246823,1.365662381498858],[103.673445846743505,1.365662342005046],[103.673632591401415,1.364472509614689],[103.673788247482264,1.362938246575111],[103.673694959855524,1.362249382393705],[103.673228377754484,1.36099688298171],[103.672730680083035,1.359807005711995],[103.67204635343198,1.35808481543701],[103.671517535480888,1.357051493447863],[103.671268637759724,1.357208035994603],[103.671797436012383,1.358523163170315],[103.672481763463907,1.360245352599349],[103.673383835577511,1.362468544324428],[103.673383794266286,1.363094777999001],[103.673321530934103,1.363721008413217],[103.673072602672107,1.364315913726812],[103.672795693535008,1.36464466826905],[103.672142361395714,1.364644624302702],[103.671489019711046,1.364801138559325],[103.671146774607749,1.365145543838514],[103.671053418465263,1.36548996597592],[103.671053395364254,1.365834395353366],[103.671395585193238,1.366304093778682],[103.671488894036784,1.366679840265391],[103.671177778579207,1.366742442508351],[103.670959986603293,1.366961610359397],[103.670555511467811,1.367431257978832],[103.670026620706139,1.367462533508792],[103.66971552934902,1.367180707098823],[103.669435532115997,1.367149376205128],[103.669155537021012,1.367086733603423],[103.668844445822273,1.366804906192844],[103.668533360200257,1.366429144628599],[103.668004479148365,1.366335173036645],[103.667537807320002,1.366429075695927],[103.667320012037152,1.366679553947511],[103.667226655282207,1.367023976761739],[103.66722662300036,1.367493651855551],[103.66759992845796,1.367900729577091],[103.66819102549168,1.368088640630218],[103.668471044169422,1.367806854933936],[103.668813249515225,1.368057371968551],[103.66952875481681,1.368777590690607],[103.669466513565609,1.369059391497395],[103.66890647388918,1.369654275648675],[103.668595362288855,1.369654254149761],[103.668408691588937,1.369716864579282],[103.668128666221946,1.370092585256667],[103.668035315827368,1.370343072166176],[103.668190851915554,1.370624888025167],[103.668844162039491,1.370969362593382],[103.670088565266397,1.371564370148656],[103.669652975870221,1.372065327022455],[103.66909295680847,1.372347094378543],[103.668097379069209,1.372660142110989],[103.667412925174347,1.372785341110012],[103.666946260716969,1.372753996808424],[103.665764042134526,1.372691290397688],[103.664550708192493,1.372691204531463],[103.664270701672578,1.372785119628383],[103.664115141753157,1.372847731888931],[103.66305738771058,1.372503228010824],[103.662155176126475,1.37234660488514],[103.66047518295008,1.372252548325938],[103.659168525359121,1.372127205413173],[103.657924076475936,1.372189738138013],[103.656897393728784,1.372408843745278],[103.656617384759613,1.372534069560921],[103.656337359647523,1.372878476914415],[103.655995133029094,1.372941074703317],[103.655528491202077,1.37259661165268],[103.654781878540888,1.371876386795285],[103.654564131217867,1.371469318971981],[103.65428416558656,1.370999623154324],[103.653848645669612,1.370529914686868],[103.653226480662994,1.369778388111249],[103.653070952608047,1.369402635652069]]]}},
{"type":"Feature","properties":{"OBJECTID":52,"CLASSIFCTN":"NATIONAL PARK","INC_CRC":"09A593014634DE2F","FMEL_UPD_D":"20251230175800","SHAPE.AREA":524441.27925150003,"SHAPE.LEN":4953.1382683308202},"geometry":{"type":"Polygon","coordinates":[[[103.81386553686967,1.314305552130329],[103.813653135011052,1.313948765036465],[103.813632726526663,1.31391303433171],[103.813592589521321,1.313872224558117],[103.812928897209744,1.313429370816533],[103.812846385743654,1.313360805731477],[103.812829346695167,1.313342457840896],[103.812785621086164,1.313279411506825],[103.812744367427342,1.313211733941113],[103.812561098131454,1.312801841799217],[103.812562183054922,1.312756493347245],[103.812572380933645,1.312727321341919],[103.812598715941149,1.312688536979367],[103.812987305939629,1.3121692621454],[103.813044653675206,1.312104284013408],[103.813160926948427,1.311979500723875],[103.813287984689353,1.311843144360992],[103.813382107631966,1.311740091860331],[103.813501982116662,1.311633053121943],[103.813916267224073,1.311275039219386],[103.813993965157678,1.311222316268753],[103.814062972238645,1.311180603888179],[103.814343555067893,1.311042448063422],[103.814658988949191,1.310908703959085],[103.814861300535583,1.31082413290203],[103.814928073541964,1.310817655432607],[103.814992327146484,1.31079340808124],[103.815047535173534,1.310753386733027],[103.81507860722985,1.310720334240853],[103.815112242066448,1.310670674918417],[103.815133288285054,1.310613927093115],[103.815141767422588,1.310554099814016],[103.815137343400352,1.310494288719149],[103.815039485248874,1.309986262045816],[103.814938156521706,1.309535860555026],[103.814901676704807,1.309365254600146],[103.814877559251585,1.309176546972556],[103.814875698696369,1.309007423526829],[103.814876875499564,1.308924857752364],[103.81488943155216,1.308837319864995],[103.814930439506441,1.308711845897598],[103.815038477132234,1.308491193464236],[103.815354101904759,1.307872566896913],[103.815524865943175,1.307556889674385],[103.815722746373098,1.307231602850905],[103.815774424946071,1.307172776099558],[103.815860211638281,1.307091186726386],[103.815956553715466,1.306987256902208],[103.816007754990437,1.306951617149274],[103.816113961928878,1.306888693091983],[103.816204169141244,1.306853219102467],[103.81633914380113,1.306814481562571],[103.816341304811772,1.306813861183098],[103.816416384807013,1.306803240833864],[103.816642889923898,1.306774399454794],[103.816889623051566,1.306758265417071],[103.81717762727078,1.306755394130946],[103.817253115125951,1.306756667963897],[103.817416691153625,1.306761253237015],[103.817543425738393,1.306782270573601],[103.817639578249697,1.306805734922622],[103.818079206297497,1.306911962519366],[103.818166998754549,1.306931929618675],[103.818443981058152,1.306988966856309],[103.81861842672015,1.307012868441795],[103.818654577892261,1.307028065599482],[103.818685964915076,1.307052063101797],[103.818708924412689,1.307084510938308],[103.818724469969567,1.307121423579844],[103.818730534041379,1.307160433387611],[103.818729414866695,1.307244037377724],[103.818723069733366,1.30732864879949],[103.818711323441107,1.307411317614094],[103.818685853427198,1.30752896536665],[103.818634001496605,1.307741838046408],[103.818599191891479,1.307872963490005],[103.818558040343774,1.308002099292976],[103.818511174937228,1.308129306051205],[103.818459269588359,1.308253511191839],[103.818328866077067,1.308547370157888],[103.818285462973023,1.308637872385838],[103.818236821349203,1.308725253618593],[103.818182599762054,1.308808667368398],[103.818041817546472,1.309022045030459],[103.817977100777824,1.309126089983039],[103.817932140507182,1.309209995758393],[103.817901058433677,1.30927394952479],[103.817885217713339,1.309308724962518],[103.817861229725011,1.309364732119689],[103.817861811979853,1.309365460136883],[103.817834001459445,1.309438793993304],[103.817818931621815,1.309484922829812],[103.817791671796272,1.309576555604446],[103.81775307891354,1.309759293103236],[103.817742399342904,1.309811459505295],[103.817734710939874,1.309879771548984],[103.817733988465278,1.309886500922181],[103.817733286657358,1.309893218538751],[103.817732598327609,1.309899948816524],[103.81773194773686,1.309906679094533],[103.817731315117086,1.309913411181379],[103.817663692102229,1.310644841930088],[103.817658421870462,1.310683973757127],[103.817653944188933,1.310718222019775],[103.817647427721553,1.310749012883351],[103.817636769792912,1.310787780217366],[103.817625141461846,1.310821630514369],[103.817615149187432,1.310887626464536],[103.817565623984549,1.311013077812177],[103.81747912268014,1.311124122393813],[103.817373143371142,1.311259003187403],[103.817308883839928,1.311369044964869],[103.817313344197572,1.311375282396832],[103.817313742250789,1.311375911837225],[103.817314581487778,1.311377138161132],[103.81725752479889,1.311474842640459],[103.817257079113688,1.311475605921373],[103.817197511846601,1.311577611541398],[103.817093818227661,1.311741138088296],[103.817080703671635,1.311776977070569],[103.817021511941022,1.312024320422966],[103.817007433295188,1.312190109367771],[103.816999176601811,1.312316884058372],[103.816991726581989,1.31247799657647],[103.817000237802773,1.312591714159786],[103.817020518355335,1.312824043769041],[103.81703501722383,1.312982373700531],[103.817063989781971,1.313163866314569],[103.81711291323299,1.313563683541916],[103.817130909293795,1.313717860652336],[103.817148432972459,1.313832719601149],[103.817155069197696,1.313904892466589],[103.817161560020992,1.313951752164049],[103.817154376272939,1.314066746606245],[103.817144963991737,1.314201685892082],[103.817142148718716,1.314219665547596],[103.817125420622446,1.314326524262657],[103.817109800482754,1.314426293670152],[103.817111554008221,1.314495151102601],[103.81711254226839,1.314517618240351],[103.817114931307671,1.314549473596788],[103.817114872002193,1.314549657182434],[103.8171153239403,1.314554710775121],[103.817117152377506,1.314572126137345],[103.817120175868908,1.314592261836268],[103.817125907470313,1.314631049169655],[103.817145099094404,1.314710105236087],[103.817145058659762,1.314710086244164],[103.817161881781715,1.314777470564694],[103.817167147143493,1.314799636576811],[103.8171821256405,1.314851836602509],[103.817197327012849,1.314898703591155],[103.817197075420083,1.314898495585647],[103.817190958030494,1.314907730013394],[103.817211441967757,1.314956586638546],[103.817234656595559,1.315006164059898],[103.817258697897984,1.315054584803977],[103.817285144625927,1.315102174452257],[103.817312282346577,1.315148746694482],[103.817340932330836,1.315194954487179],[103.817373603343242,1.315238945707671],[103.817407190887337,1.315281498993794],[103.817442837021531,1.315322481411252],[103.817480515687677,1.315361926421258],[103.817519597003368,1.315399611546042],[103.817560359518353,1.315435673346326],[103.81760271158258,1.315469774493465],[103.817683872798966,1.315526882017619],[103.817693566319335,1.315533699179569],[103.817911232947864,1.315687003917731],[103.818027574078201,1.315769128184421],[103.817418421308304,1.315937202328299],[103.817017540477067,1.316574438566777],[103.816858234526492,1.316858713686115],[103.81671547216024,1.316947417338437],[103.81658171966258,1.317020040535593],[103.816278737191013,1.317159523147944],[103.816081402103762,1.317259937004239],[103.816029068746133,1.3176424801666],[103.815919053831337,1.317756581272148],[103.815883767234041,1.317826713596484],[103.815844630414063,1.317886555127927],[103.815821623402641,1.318344448342472],[103.815888157066453,1.318671672352207],[103.81588084064505,1.318989119657905],[103.815778240039904,1.319298917172099],[103.815727723609612,1.319660394064121],[103.815639250348084,1.32004705994997],[103.816216123110209,1.320235524555626],[103.816726005846093,1.320205700281592],[103.816985691554095,1.319986146701457],[103.817093981607684,1.320101667334665],[103.817191953474861,1.320236062889755],[103.817434512338721,1.320787251184354],[103.817551809006147,1.320986921174248],[103.8176333590865,1.321105399789347],[103.817723949682332,1.321196539516584],[103.817931179884084,1.321386872490677],[103.81829966389374,1.321658099136571],[103.818397708936217,1.321747766578993],[103.81848616902171,1.321854547251479],[103.818530458847988,1.321979254875949],[103.818611326753114,1.322293075306384],[103.818611342028177,1.322293134994539],[103.81861136089735,1.322293208248196],[103.818322569299482,1.322339800276922],[103.818168025275668,1.322357147757962],[103.816547951955513,1.322538940777539],[103.816106464664671,1.322588486061118],[103.816072791390752,1.322588372780106],[103.815966895237267,1.322571420626731],[103.815472781476458,1.32262094462511],[103.815359678736684,1.322630963258796],[103.815266992024249,1.32264035712097],[103.814957992925613,1.32266565624628],[103.814865935450214,1.322640893151775],[103.814816036367731,1.322605344918654],[103.814768125005898,1.322553652887158],[103.814725199991386,1.322465062817016],[103.814693873689336,1.322351260957676],[103.814672909043992,1.322298802226617],[103.814650121269793,1.322241782770919],[103.814650067357618,1.322241648020179],[103.814580386787441,1.322067292328424],[103.814556754816095,1.321951919644312],[103.814399716168225,1.321170659573897],[103.814400980448369,1.321168445699056],[103.814429180849842,1.321138076447496],[103.814439171063157,1.321123958488203],[103.814445748597237,1.32110676656747],[103.814450723084633,1.321093409140369],[103.81445491944109,1.321077990660379],[103.814456570215185,1.321060341093449],[103.814455448949644,1.321043389674807],[103.814452198106764,1.321027500868266],[103.81444791662085,1.321012065140524],[103.814441828143543,1.320996955874555],[103.814433675685606,1.320982608067772],[103.814424105300517,1.320969780487012],[103.814414044299269,1.320957828327368],[103.814403774828264,1.320946630406178],[103.814392501675471,1.320935274213443],[103.81435248933785,1.320908672021471],[103.814342820919848,1.320907884245579],[103.814266241245207,1.320625710142947],[103.814264120723948,1.320617550949126],[103.814276547826339,1.320483289980362],[103.814340381530783,1.320292195517822],[103.815281502555962,1.318558200083401],[103.815335973300236,1.318356797574083],[103.815370158784972,1.317716825098205],[103.815429257301872,1.317227202514617],[103.815434316126925,1.317103734169507],[103.815366224380114,1.316789626133824],[103.815283265822131,1.316517823260883],[103.815208547427588,1.316310157080954],[103.815082212977018,1.315940632761827],[103.815059791855219,1.315883982291137],[103.815057473625274,1.31587976974356],[103.815056297449999,1.315875995821231],[103.815037906170446,1.315841074549284],[103.815037528781886,1.315840705565729],[103.815032116891999,1.315829676798978],[103.815018787041382,1.315809450585314],[103.815009668670925,1.315792878035874],[103.81500723180875,1.315791918486972],[103.814987403712806,1.315761830128682],[103.814920422714252,1.315686084571524],[103.814861595902201,1.315632568356231],[103.814455491560324,1.315265803834489],[103.814381252934112,1.315198758195496],[103.814366793563096,1.315185309278362],[103.814206510438439,1.315029291581119],[103.814172502424938,1.314987522333242],[103.814156777264529,1.314939267123076],[103.814105669319886,1.314730799824579],[103.814050240642587,1.314589061036655],[103.814000712213854,1.314517028911595],[103.813923306622527,1.31439949346048],[103.81390410213703,1.314370332976536],[103.81386553686967,1.314305552130329]]]}},
{"type":"Feature","properties":{"OBJECTID":53,"CLASSIFCTN":"MARINE NATURE AREA","INC_CRC":"9B9836A18718858F","FMEL_UPD_D":"20251230175800","SHAPE.AREA":924483.52797702001,"SHAPE.LEN":3490.1236572995399},"geometry":{"type":"Polygon","coordinates":[[[103.835201716384773,1.220224730581693],[103.834818198506426,1.220254423850046],[103.834019011948669,1.220254424174517],[103.833437784213771,1.220156922822352],[103.832856557453582,1.219864417562862],[103.832105806785492,1.219230657068789],[103.831233967115466,1.218328766406799],[103.830313692608442,1.217402500041696],[103.829732467325712,1.216695612977976],[103.829005938294998,1.214038693106192],[103.830144174814563,1.21206428685787],[103.83038635171485,1.211918034063763],[103.832953429644704,1.211162398552213],[103.835520507129957,1.21050426203413],[103.838184455605187,1.211259895654085],[103.838886770435366,1.212039907656597],[103.839298475152532,1.21357555721446],[103.839250043169457,1.215135583103373],[103.83910473923801,1.216208101078014],[103.838596168817404,1.217451248198758],[103.83794229030363,1.218499391685461],[103.836949362782889,1.219450034047649],[103.835447860795185,1.220205672707122],[103.835230649550951,1.22022249044832],[103.835201716384773,1.220224730581693]]]}},
{"type":"Feature","properties":{"OBJECTID":54,"CLASSIFCTN":"NATURE AREA OTHERS","INC_CRC":"02569F9A7EACD950","FMEL_UPD_D":"20251230175800","SHAPE.AREA":39203.844144249997,"SHAPE.LEN":825.35900000645904},"geometry":{"type":"Polygon","coordinates":[[[103.692966271375795,1.433870715467641],[103.692925242560875,1.433870712935912],[103.692849101800064,1.433832391361955],[103.692779305491143,1.433787684484218],[103.692665092680954,1.43374297576338],[103.692481082134194,1.433691876119923],[103.692347830829434,1.433691867867412],[103.692119402505327,1.433647151136513],[103.692024224706117,1.433615214953036],[103.691979813181888,1.433519421370421],[103.691986166869668,1.433391700665953],[103.692100392948717,1.43321928499594],[103.692201925853922,1.433085184499801],[103.692290766882294,1.432983012582496],[103.692474791411598,1.432804215518227],[103.692671506721183,1.432625418315588],[103.692766692276408,1.432529633365191],[103.69288091553021,1.432401919307836],[103.692969751328988,1.4323699945083],[103.6930585860826,1.432369999981547],[103.693179146507489,1.43237000740392],[103.693356815893054,1.432357246038946],[103.693471030977079,1.432363639653846],[103.69367408262606,1.432325335238826],[103.693826376699008,1.432223168045692],[103.693927907918464,1.432114612041027],[103.694029437586153,1.432031599710471],[103.694289598148558,1.431980526435941],[103.694486300960293,1.432006083017831],[103.694663959573759,1.432172130927306],[103.69470997009347,1.432292756512701],[103.694692718102047,1.432500957484343],[103.6942768395824,1.433104470182895],[103.693745085587594,1.433886162845596],[103.693674776193021,1.433989193293857],[103.693515348048123,1.434017627465607],[103.693407477453462,1.434017620833101],[103.693280574576931,1.433960139068924],[103.693204436524567,1.433877115842799],[103.693052148920714,1.433870720764416],[103.692970811062892,1.433870715747722],[103.692966271375795,1.433870715467641]]]}},
{"type":"Feature","properties":{"OBJECTID":37,"CLASSIFCTN":"NATURE AREA","INC_CRC":"58545BEF1AA69311","FMEL_UPD_D":"20251230175800","SHAPE.AREA":511941.67821047502,"SHAPE.LEN":5444.4067266802504},"geometry":{"type":"Polygon","coordinates":[[[103.817373396080228,1.276428399940998],[103.817266446495054,1.276630099782108],[103.816901150333479,1.277278337196849],[103.81689179114754,1.277282177070106],[103.816537360500845,1.277424502811211],[103.816508534942386,1.277361609467112],[103.816463255621585,1.277260963300249],[103.81641867986113,1.27715994634758],[103.816374645923759,1.277058646331468],[103.816331384733147,1.276957098523733],[103.816233598019039,1.276797175403487],[103.816191951277602,1.276730547847079],[103.81614479386279,1.276656291030392],[103.816097093731273,1.276582510809485],[103.816048743958731,1.276508977474898],[103.815999866744818,1.276435902648846],[103.815950446814384,1.276363289044286],[103.815900394315122,1.276290939509002],[103.815849798200972,1.276219032203457],[103.815798587487492,1.276147583405726],[103.815746920317693,1.276076505393443],[103.815694622375645,1.276005780982457],[103.815659326382317,1.275958881277745],[103.81564179609336,1.275935586524604],[103.81540851044906,1.275603733614362],[103.815382946444529,1.275566886894609],[103.815369873768077,1.275548164639987],[103.815363841054307,1.275539563182739],[103.815358914448012,1.275529646786634],[103.815102004720529,1.27517500187726],[103.815074562794067,1.27513669006986],[103.81502793640928,1.275071719255431],[103.814878113267071,1.274863043205409],[103.814867553774747,1.274848344485945],[103.814853876393045,1.274829305696595],[103.814674815207781,1.274579897731074],[103.814606598928421,1.274499757838419],[103.814555861685591,1.274445672826064],[103.814524815759114,1.274405682485007],[103.814488605058173,1.274364388011326],[103.814440048555952,1.27431185580735],[103.814387400985638,1.274264231560679],[103.814344210480854,1.274220316183709],[103.81430352957284,1.274178518847361],[103.814264899991542,1.274141084182108],[103.814225813053213,1.274104108930263],[103.814186306496481,1.274067573196026],[103.814146412668364,1.274031515867349],[103.814142516642306,1.274028072016475],[103.814106079454191,1.273995881777552],[103.814065395807958,1.273960812008196],[103.814024255703984,1.273926096745817],[103.813982763371101,1.273891911437987],[103.813940816376004,1.273858288641025],[103.813898570166643,1.273825055622414],[103.813821513061583,1.273768318797758],[103.813744158540956,1.273712061281963],[103.813564413749091,1.273581160311166],[103.81340905693348,1.273462904348248],[103.812724337991128,1.272974721834633],[103.812524645937373,1.272828581177728],[103.812358369593582,1.272675697834202],[103.812216748105271,1.272532084423859],[103.812079544206,1.272342784334532],[103.812078762490017,1.272341599609975],[103.812010399182356,1.272238014891164],[103.811981091041559,1.272203747355412],[103.811985800289392,1.272200743094302],[103.812127252035879,1.272110523013118],[103.812280162830191,1.272015543345308],[103.81231657073937,1.27199542514148],[103.812363726652237,1.272009159213511],[103.812371126074822,1.272010955342795],[103.812368283057523,1.272017402537215],[103.812365369949475,1.272024468316671],[103.812362543999058,1.272031568462712],[103.812359824075472,1.272038704784221],[103.812357209280066,1.272045893559748],[103.812354664570236,1.272053100423146],[103.812352224996715,1.272059353182377],[103.812349908521952,1.272065676483092],[103.812347679204777,1.272072035054741],[103.812345572986629,1.272078429801998],[103.812343589867524,1.272084858916121],[103.812341676834009,1.272091306118134],[103.81233992194224,1.272097805774585],[103.812338255106766,1.272104323519057],[103.812336710471797,1.272110876534768],[103.81233527186383,1.272117447638648],[103.812333955456339,1.272124054013751],[103.81233274417734,1.272130677572651],[103.812331655997511,1.272137319219861],[103.812330672946004,1.272143996138154],[103.812329812993951,1.27215065497017],[103.812329076140955,1.272157349073418],[103.81232846148859,1.27216406126495],[103.812329216197043,1.272171620857674],[103.812328812700287,1.272178351138254],[103.812328532302899,1.272185080515462],[103.812328374106258,1.27219181079805],[103.812328339008957,1.272198540177267],[103.812328409040305,1.272205269557361],[103.812328602170808,1.272212017025765],[103.812328882459369,1.272218747311927],[103.81232930381826,1.272225441424659],[103.812329847377811,1.272232153625692],[103.812330496964506,1.272238865827594],[103.812331268752146,1.272245559943195],[103.812332146567101,1.272252236876724],[103.812333164553706,1.272258895724117],[103.812334252626187,1.272265537389145],[103.812335480870473,1.272272143785081],[103.812336832214243,1.272278732094721],[103.81233828868676,1.2722853032223],[103.812339868258789,1.272291856263584],[103.812341552959722,1.272298374035488],[103.812343359861742,1.272304856538168],[103.812345237748204,1.272311320954126],[103.81234727377732,1.272317732918198],[103.812349396964507,1.272324126795697],[103.812351643251603,1.272330450133738],[103.81235399466749,1.272336756289699],[103.812356452110961,1.272343009088984],[103.812359031755534,1.272349226619042],[103.812361681486152,1.272355408879448],[103.812364472287271,1.272361537783464],[103.812367367318899,1.272367614235167],[103.812370351305987,1.272373637330052],[103.812373457494303,1.272379607972771],[103.812376650841131,1.272385507171373],[103.812379950215558,1.272391353917675],[103.812383354718918,1.272397165394592],[103.812386847279328,1.272402906331761],[103.812390444968941,1.27240857582494],[103.812394147787629,1.272414192865829],[103.812397938663366,1.272419739366951],[103.812401834668336,1.272425215328463],[103.812405817831802,1.272430619845853],[103.812409907022882,1.272435971910941],[103.812414066300576,1.272441218165892],[103.812418330707359,1.272446411064168],[103.812422665200486,1.272451533422529],[103.812427105721483,1.272456568058363],[103.812431633401019,1.272461531250074],[103.812436231166885,1.272466423901867],[103.812440934062252,1.272471210743823],[103.812445707942359,1.272475944228806],[103.812450568981262,1.272480571903805],[103.812455500106651,1.272485111855947],[103.812460519289075,1.272489580363987],[103.812465591485974,1.272493943966109],[103.812470750841513,1.272498218036802],[103.812475998254229,1.272502404384799],[103.812481297782739,1.272506502105462],[103.812486685368427,1.272510512103411],[103.812492143040757,1.27251441538687],[103.812497653727377,1.272518230947329],[103.812505550912419,1.272523477232513],[103.812513641284013,1.272528546263729],[103.812521819713652,1.272533421761513],[103.812530173359832,1.272538032281778],[103.812538509036756,1.272542465546341],[103.812547055871647,1.272546633833675],[103.812555672793138,1.272550697215191],[103.812564394846163,1.272554406086488],[103.812573204057969,1.272558009147775],[103.812582084256206,1.272561348135021],[103.812591069584514,1.272564509867575],[103.812600054914967,1.272567406621165],[103.812609233432667,1.272570038397372],[103.812618393981211,1.272572476639296],[103.812627555429714,1.272574737625664],[103.81263690916694,1.272576733634621],[103.812646244935692,1.272578446577182],[103.812655598676599,1.272579983168688],[103.812665023403198,1.272581343409566],[103.81267446520495,1.272582332860911],[103.812683889037388,1.272583145056564],[103.812693330841938,1.272583781805541],[103.812702859806691,1.27258413458457],[103.812712283644771,1.272584240471106],[103.812721813511686,1.272584134737052],[103.812731342482039,1.272583782111343],[103.81274076722454,1.272583145514147],[103.812750208142063,1.272582333470259],[103.812759649960213,1.272581256447429],[103.812769074707731,1.272579984081595],[103.812778428473038,1.272578447640589],[103.812787764269032,1.272576734848237],[103.812797012909314,1.272574738988936],[103.812806279522235,1.272572495333735],[103.812815440109532,1.272570058143579],[103.812824513541088,1.272567337886443],[103.812833586075499,1.272564441278117],[103.812842624467066,1.272561350231017],[103.813435959564728,1.272346116048818],[103.813437286705025,1.272345634936959],[103.813474689238646,1.272332067039691],[103.813487658729713,1.272327775024088],[103.813500768387797,1.272324065420532],[103.813514158383313,1.272321080215396],[103.813527549271825,1.272318819406516],[103.813541114471164,1.272317212454769],[103.813554680564323,1.272316223184209],[103.813568333809215,1.272316046938335],[103.813582005020109,1.272316488373797],[103.813595571096727,1.272317672291983],[103.813609136270159,1.272319473891359],[103.813622527122249,1.272321999885645],[103.813635723885255,1.272325250274674],[103.813648851456264,1.272329136431676],[103.813661696882392,1.272333658355002],[103.813674367987929,1.272338816045482],[103.813686669790044,1.272344698129408],[103.813698709215913,1.272351109264737],[103.813710379339,1.272358157070119],[103.813721699028463,1.272365858728607],[103.813732667387498,1.272373983627177],[103.813743179285723,1.272382762378053],[103.813753234724231,1.272392053900329],[103.813762746545365,1.272401822018742],[103.813771819877886,1.272412048646797],[103.813780366665441,1.27242271750527],[103.813788403980226,1.272433827689933],[103.814001101139112,1.272746110136071],[103.8140179649386,1.272734474703845],[103.814096969968261,1.272679962892219],[103.814115244474692,1.272667353468861],[103.81411596867531,1.272669910113997],[103.814554820204037,1.273463602130415],[103.814702434477752,1.273569726816975],[103.814892224989194,1.273569728190513],[103.815463020916368,1.273277924416478],[103.81548299633198,1.273267712466736],[103.816220764850286,1.272890547575294],[103.815883366656067,1.271808087369132],[103.816052075387574,1.270895427806463],[103.816030989086684,1.270683181345462],[103.816199692655928,1.270534609782115],[103.816958851780115,1.271001557363699],[103.817696929460354,1.270470944808175],[103.818413922176859,1.269409715651771],[103.81862479924996,1.26955828956545],[103.819278524473091,1.269197474201552],[103.819700277597917,1.269706868195605],[103.820079860801783,1.269346051158013],[103.820522703339236,1.269728096970401],[103.820775757484043,1.269749322761916],[103.821028811136117,1.269685650360095],[103.821260778561879,1.269494629676883],[103.8213873063563,1.269346057568542],[103.821387307914478,1.269006462179741],[103.821534924465809,1.268815441076584],[103.821745802001061,1.268688093877387],[103.82197776854504,1.268666870370011],[103.82225191200709,1.268497074322645],[103.822547141505211,1.268284828344745],[103.822863460056467,1.267945235162925],[103.822989988189491,1.267669314812565],[103.822884549958445,1.267393393523885],[103.823538272700645,1.267393396094854],[103.823833501196177,1.267393397201505],[103.823825151144263,1.267141224932105],[103.824065468734219,1.267308500780753],[103.824217405376544,1.267307547218255],[103.824287989712047,1.267299104315423],[103.824336269176058,1.267195985167129],[103.824434706041231,1.266985736919448],[103.824597899309637,1.267039292166475],[103.824973775959492,1.266939685745952],[103.825182107393829,1.266888319384704],[103.825219101166383,1.266807333613208],[103.825333789829045,1.266560997598893],[103.825377705933462,1.266466673366489],[103.825396899450979,1.26648389705774],[103.825421083406709,1.266506417630171],[103.825444792036862,1.266529556786611],[103.825467886967729,1.26655317254131],[103.825490560485349,1.266577300165131],[103.825621090052223,1.266703043473291],[103.825651630157495,1.266752613620645],[103.825682393964073,1.266814001106127],[103.825696696728258,1.266845038052058],[103.825717800437772,1.266894789043588],[103.825747791469482,1.2669696931657],[103.825765009024579,1.267019110434651],[103.825781115983844,1.267071656803222],[103.825802776706851,1.267149358101191],[103.82581888179844,1.267226946337089],[103.825832211326798,1.267302411115675],[103.825847724282085,1.267381544909435],[103.825843653003346,1.267389515970937],[103.825834754778555,1.267405625399235],[103.825825136829039,1.267421451759155],[103.825815098366903,1.267436836787685],[103.825745443803001,1.267518001535591],[103.825614978960033,1.267670048421736],[103.825560069354097,1.267740601389409],[103.825551467657576,1.267751652703986],[103.82548216338958,1.267871200505817],[103.825481959420756,1.267871750359121],[103.825407354459287,1.268068895374505],[103.825407267300804,1.268069125987312],[103.825405179091319,1.268074644416242],[103.825395979017728,1.268069863914372],[103.825391830493473,1.268067707895348],[103.825387481574026,1.268072820257389],[103.825387423169104,1.268072888988951],[103.825356273583807,1.26810950301476],[103.825356249323306,1.26810953285873],[103.825331889083628,1.268138166788348],[103.825331526074621,1.268138592743144],[103.825321717643348,1.268150122462242],[103.82526059483979,1.268161783153704],[103.825260326178011,1.26816183470168],[103.825179981026892,1.268177161626594],[103.825179713263637,1.268177213174548],[103.825164474119688,1.268180119755383],[103.825171129516164,1.268194192600577],[103.825171536549334,1.268195051748626],[103.825178587298169,1.268209962941435],[103.825178722975906,1.268210248721214],[103.825182382680282,1.268217988288642],[103.825182330565298,1.268217991001584],[103.825109622986645,1.26822178910322],[103.824989533112117,1.26819656597606],[103.824625542814459,1.268078839957596],[103.824378344199033,1.267896041616342],[103.824373700586619,1.267893065334897],[103.824378266923759,1.267896435919226],[103.824378092594145,1.267900530883428],[103.824378080912254,1.267900807619085],[103.82434435261284,1.268692631526809],[103.824344245678702,1.268695122147681],[103.824338602427147,1.268827615219878],[103.824319490109829,1.268971110749471],[103.82423710284047,1.269163423678845],[103.824221432224306,1.269214619726565],[103.824217038204864,1.269268013421172],[103.824224118469076,1.269321117759629],[103.824242376509929,1.269371463824341],[103.824270940757884,1.269416709306634],[103.824294374450488,1.269440441735725],[103.824294442738861,1.269440511372071],[103.824308490375202,1.269454737987403],[103.824500273012873,1.269610931534445],[103.824533949966138,1.269645098559996],[103.824559468205877,1.269685786028981],[103.82457561471692,1.269731049552686],[103.824578696608043,1.269755416773939],[103.824581643722595,1.269778727696406],[103.824586216370008,1.269777054636712],[103.824586240630452,1.269777046497524],[103.824768581343179,1.26971033753149],[103.824769030610909,1.26971017384293],[103.824904946682594,1.269660449591172],[103.82490539595031,1.269660284998224],[103.824907140906205,1.269659646522241],[103.824907159775137,1.269659736958802],[103.824912319134256,1.269667592290197],[103.82492444018078,1.26972411514292],[103.824940979313908,1.269783044525276],[103.824969370043419,1.269864991844301],[103.824998236057354,1.269960080492422],[103.825016295433187,1.270044306777109],[103.824960403819304,1.270066090939773],[103.824954035896738,1.270068654793787],[103.824763356777225,1.270130961296005],[103.824646435795216,1.270151975632785],[103.824598415390867,1.27015828160708],[103.824466878878638,1.270168789877666],[103.824331167795549,1.270172993798433],[103.824207985929846,1.270162489164152],[103.824037696647252,1.270136860657963],[103.823783189655217,1.270074706334971],[103.823783093534587,1.270068556652596],[103.823780543195397,1.269905031171911],[103.823779440054864,1.269834269128048],[103.823376729489141,1.269834267598699],[103.823227575207142,1.269669133584059],[103.823109433262857,1.269655251113811],[103.823034835741709,1.269730293215113],[103.823033498594469,1.269762639632819],[103.823003854893258,1.270479768401958],[103.822988231172161,1.270479784617611],[103.8221992817776,1.270480602480892],[103.822169287516431,1.270544676610557],[103.822133757330391,1.270620578001065],[103.82213365020408,1.270667172693827],[103.822133274806205,1.270831757172959],[103.821935583113657,1.270959135207426],[103.821703615700244,1.271128931406751],[103.821429472239387,1.271426075544869],[103.821351700076022,1.271700042607066],[103.821351164540403,1.271701928205554],[103.821345119996565,1.271723220546491],[103.821302942379532,1.271999140296556],[103.821092064154541,1.272020364744706],[103.820925778333759,1.272062141990159],[103.820924816899918,1.27206238345095],[103.820899183456262,1.272068824214178],[103.820811050657966,1.272062769061759],[103.820593331269123,1.272024420201103],[103.820508547564813,1.271967527082015],[103.820339249086246,1.271982044905137],[103.820113049563645,1.272252162193398],[103.819957461709251,1.272636012769083],[103.819926011373397,1.272771124731588],[103.819931429580748,1.273111746591126],[103.81998679958555,1.273374628593563],[103.820083345837972,1.273473950977332],[103.820097191695467,1.273587206482449],[103.820083471759077,1.273625207827389],[103.820083549033384,1.273625164418277],[103.820083513989999,1.273625261185151],[103.819951959878409,1.273700771358342],[103.81982812861051,1.273788575502699],[103.819713125389043,1.273887790060651],[103.819609413105454,1.27399744828037],[103.819530071866836,1.274095108417294],[103.8194755453939,1.274210695912653],[103.819428091284777,1.274327802778249],[103.819413262061076,1.274455225007175],[103.819407611385898,1.274581922889505],[103.819428810775079,1.274707085306028],[103.819479669999566,1.274822390305023],[103.819490685043277,1.274843217889557],[103.819402918445903,1.274895112587426],[103.819149014657086,1.275045191460769],[103.818868438599509,1.275211036856264],[103.819080342012839,1.275574192121965],[103.819120302262448,1.275640013834066],[103.818986116875749,1.275757030673964],[103.818943699438208,1.275797567689965],[103.81884036718678,1.275896373498463],[103.818700103903524,1.276043334716015],[103.818567567989575,1.276195538573745],[103.818442227507546,1.276353713987875],[103.818324153444436,1.276517488361515],[103.818264881838317,1.276608109901335],[103.818232550399216,1.276657543202321],[103.817869081068736,1.27642551173392],[103.817373396080228,1.276428399940998]]]}},
{"type":"Feature","properties":{"OBJECTID":38,"CLASSIFCTN":"NATURE AREA","INC_CRC":"F9B4F040754A4A40","FMEL_UPD_D":"20251230175800","SHAPE.AREA":290897.02140436001,"SHAPE.LEN":3067.8562609548599},"geometry":{"type":"Polygon","coordinates":[[[103.834719268326225,1.251859137048636],[103.834538852890091,1.251997830576515],[103.834299413112333,1.252159142286475],[103.834078447059184,1.252350922030576],[103.833615399412267,1.252529190577974],[103.833143456275536,1.252625243207596],[103.832910144315548,1.252818786362985],[103.832548594312854,1.25298516233304],[103.832340827646334,1.252657130940094],[103.832164841912984,1.252488249721326],[103.832138137685021,1.252400417766968],[103.83215265793433,1.252335981757451],[103.832179550943692,1.25221667792031],[103.831845298588178,1.251824147104982],[103.831738580438852,1.25173027394003],[103.83165509103776,1.251654172465163],[103.83150199809586,1.251514627916005],[103.831401327239959,1.251182698703945],[103.831394596424857,1.251102655148538],[103.831378729457597,1.250913983766436],[103.831374937702904,1.250868893021645],[103.831344333928143,1.250752012846591],[103.831197550666758,1.250428060089904],[103.831098524202332,1.250088669852359],[103.830954939861016,1.24965915958214],[103.830806539248655,1.24945010639289],[103.830779844269742,1.249167510341938],[103.830710631001821,1.248867604698589],[103.830706345120447,1.248773116622089],[103.830585592125999,1.248692112510193],[103.830770281024456,1.24846516587742],[103.830927104738336,1.248272460279562],[103.831029300620983,1.248149614120467],[103.831075387025422,1.248086818660919],[103.831097935587437,1.248055735649471],[103.831143766807259,1.247992554928883],[103.831143792864225,1.247992941092833],[103.831147607115781,1.247987540227233],[103.831162061723219,1.247983045544397],[103.831155034348569,1.247977022466533],[103.831233671601368,1.248017854618238],[103.83125312650013,1.248027956392731],[103.831285598374436,1.24801921301592],[103.831292933051913,1.248017237888132],[103.831306022795999,1.248013712682899],[103.831342109439987,1.248010421725791],[103.831349173659774,1.248009776918798],[103.831362367631158,1.248008574123095],[103.8316354722337,1.247983665384929],[103.831700068241403,1.247977774391383],[103.832722496735357,1.24788452483331],[103.832868411227437,1.247864767197457],[103.832895211591477,1.247861137984658],[103.832962951540637,1.247845061095509],[103.833120256656187,1.247807726205735],[103.833245574209244,1.247760346521653],[103.833367055047745,1.247698867778577],[103.833452739468655,1.2476431851081],[103.833454310992124,1.247642164079748],[103.833505342823571,1.247602431697427],[103.833563428088794,1.247557208008174],[103.833686975515022,1.247441205073676],[103.833848852282998,1.247312776148495],[103.833883276634793,1.247285464313232],[103.833916307371425,1.247260617777276],[103.83394157304069,1.247241611633029],[103.833980524168268,1.247214218402537],[103.834006867171325,1.247199707856664],[103.834022898682903,1.247190876726548],[103.834063535449445,1.247179621890918],[103.834084807169361,1.247173729945782],[103.83414306943601,1.247164368844468],[103.834144640060615,1.247164116526105],[103.834238023944067,1.247169642166684],[103.834320337985432,1.247193264155277],[103.834517690435902,1.247283899551116],[103.834733471692587,1.247390252788892],[103.834806557885315,1.247432450427718],[103.834841959855865,1.24745770028315],[103.834871943713949,1.247489145042726],[103.834897956085854,1.247523538034786],[103.834917265450727,1.247562226765226],[103.835036805705471,1.247939346966173],[103.835063231426119,1.248003963840136],[103.835096189437508,1.248065587260708],[103.835165996078274,1.248176091592561],[103.835254689825462,1.248370701869094],[103.835287288465992,1.248474260700044],[103.835291098256363,1.2485218845668],[103.835287054919121,1.248569372784637],[103.835264007793072,1.248701536726881],[103.835258329132571,1.248745009564491],[103.835256873546555,1.248783725438203],[103.835260314934402,1.248822748792452],[103.835268904883577,1.248861573182538],[103.835284781887054,1.248897141852571],[103.835304639364551,1.248929481935876],[103.835327300241758,1.248953818385183],[103.835353968547835,1.248973651092688],[103.83538841809748,1.248988907706078],[103.835430370344781,1.248996558602005],[103.835471028705527,1.24899500306096],[103.835598862174052,1.248976770951529],[103.835737738566039,1.248985416558312],[103.83582103922754,1.24897428193642],[103.835834213433586,1.248972520220514],[103.835896822798674,1.24895275073737],[103.835945271367066,1.248927636468835],[103.835990485230738,1.248897032706134],[103.836035007217887,1.248857168244114],[103.836071882728817,1.248809815645811],[103.836123278388115,1.248714287499275],[103.836205646157893,1.248509403482127],[103.83628788819351,1.248369353400975],[103.836335015866396,1.248303443213984],[103.83639231487264,1.248245473340392],[103.836560105664304,1.248117930519157],[103.836603774012758,1.248064835185922],[103.837007877166073,1.247784906498609],[103.837082643517263,1.247732516518213],[103.83708503364555,1.247765489668842],[103.837086557557726,1.247772910887224],[103.837092814942451,1.247803382558228],[103.837109003761057,1.247844691222699],[103.837109788177941,1.247846692581686],[103.837122197773283,1.247874452956923],[103.837124096366836,1.247878698044267],[103.837124761278915,1.247880187532748],[103.837125732589669,1.247882360720835],[103.837189554137055,1.247934647403987],[103.83720378862435,1.247950355301558],[103.837928482571826,1.248750072485625],[103.83716797201744,1.24951865386961],[103.836842554560434,1.249861730675403],[103.836809492360771,1.249879228376652],[103.836784990437536,1.24989980723826],[103.836712259239135,1.249994984531012],[103.836478870674114,1.250334903126583],[103.836425433538892,1.250428535732065],[103.836404990313952,1.250497437528326],[103.836353960348106,1.250607771944992],[103.836314290429669,1.250685448817698],[103.836285522310376,1.250729120643479],[103.836258300528172,1.250747015347347],[103.836226244689001,1.250786583167111],[103.836220977521052,1.25078919950131],[103.836192296537774,1.250815760737336],[103.836172960253947,1.250850868213521],[103.836164325435846,1.250884148860379],[103.836164196954968,1.250892196805962],[103.836164164610139,1.250894241575594],[103.83616377737053,1.250918451431036],[103.836171495761846,1.250951858671207],[103.836186186728568,1.250983249169438],[103.836181999592739,1.250987608214033],[103.836090951847964,1.251082241080911],[103.836400594066845,1.251486201653711],[103.836336942375837,1.251526157484249],[103.836141386777129,1.251599438409854],[103.836041722105023,1.251675685540542],[103.835966629481049,1.25175312097847],[103.835832335576342,1.251891602927437],[103.835827836649429,1.251896242324925],[103.835642829615836,1.251836861880277],[103.83538868986011,1.25182323331045],[103.835224197084514,1.251685585442822],[103.835180572613837,1.251649079870723],[103.834995412856074,1.251579868930942],[103.834945751214519,1.25160100397555],[103.834719268326225,1.251859137048636]],[[103.832886529418573,1.251444493195359],[103.833070548849264,1.251816067014063],[103.83359140501075,1.251553568701023],[103.833550796021697,1.251471623274578],[103.833413292449023,1.251194155916295],[103.832886529418573,1.251444493195359]],[[103.831427997774881,1.248099618422],[103.831466490378048,1.248517787859155],[103.83194624101543,1.248473808879917],[103.831932754205852,1.248316774905264],[103.832265272143971,1.248287500761868],[103.832242485604837,1.248025289115668],[103.831427997774881,1.248099618422]]]}},
{"type":"Feature","properties":{"OBJECTID":39,"CLASSIFCTN":"NATURE AREA","INC_CRC":"1894A4E611F6BB25","FMEL_UPD_D":"20251230175800","SHAPE.AREA":98259.842585260005,"SHAPE.LEN":1307.7596569478201},"geometry":{"type":"Polygon","coordinates":[[[103.814630432802275,1.257921653390023],[103.814539582278471,1.25793870905803],[103.814479317707296,1.257958423778656],[103.814392411539899,1.258001778405806],[103.814312864114228,1.258075402182188],[103.814255878666856,1.258164961034274],[103.814230297045683,1.258228248311977],[103.814188495422229,1.258500877890554],[103.81417539454354,1.25854248762949],[103.814150046714289,1.258581176178617],[103.814122892920821,1.25860852397644],[103.814089602206138,1.25862998431196],[103.814054083193398,1.258643504305392],[103.814014889238393,1.25865047666801],[103.813967887116235,1.258648803241879],[103.813923751352561,1.258640925892181],[103.813873487651875,1.258627486650712],[103.813350804891954,1.25843610998701],[103.81315524935674,1.258352454705777],[103.81292788622298,1.258221645566557],[103.812619880699543,1.258003474101757],[103.812559602210271,1.25796330534189],[103.812548358959475,1.257955812587425],[103.812441730031622,1.2578847566737],[103.812290265455928,1.257800106881288],[103.812279052191116,1.257751063074168],[103.812281882917375,1.257706640686359],[103.812398560677025,1.257253844141175],[103.812433469052735,1.257193270051912],[103.812479770763957,1.257135707589322],[103.812517239765953,1.257097968736833],[103.812737048578896,1.256918065151884],[103.812820136175134,1.256850247474926],[103.812898946792671,1.256778821344978],[103.812936793195604,1.256737284155884],[103.813248945309667,1.256367989120295],[103.813300709977213,1.256319913473858],[103.813334944140692,1.256296373115354],[103.81338386927456,1.256271593889172],[103.813474477269708,1.256237943159964],[103.813527742298433,1.256213353880886],[103.813573028379693,1.256189090111394],[103.813646258943592,1.25613689976009],[103.81367957662971,1.256109561056723],[103.813734414306381,1.256054711730276],[103.813662801669537,1.256030727427453],[103.813808484990901,1.255881133884577],[103.813818248488218,1.255871108166879],[103.813996814468808,1.25570946329097],[103.814517479784882,1.25523813917185],[103.81463508750025,1.255350715384706],[103.814662860881427,1.255373867330196],[103.814753648906262,1.255287718164356],[103.8147798771558,1.255262830224998],[103.814907370404413,1.255133009526019],[103.814956519735503,1.255165386143639],[103.814978573135278,1.255180536223197],[103.815018158557194,1.255207728951495],[103.81505922387683,1.255232192315818],[103.815089222954541,1.255250062780444],[103.81515034962014,1.25529217949033],[103.815200572709685,1.255323137162098],[103.815218412936176,1.255334133461456],[103.815253419505467,1.255354237740837],[103.815380884588137,1.255399131306893],[103.81538051438686,1.255400176750353],[103.815355518611568,1.255470802063528],[103.815476954616301,1.255508668666588],[103.815480476824391,1.255512738333616],[103.815476055963018,1.255526909703925],[103.815573114914685,1.255557559301576],[103.815577535775518,1.25554339697475],[103.815583502021738,1.255541886725836],[103.815688351219094,1.255573612566863],[103.81577857238662,1.255601051614419],[103.815946192710157,1.255655992919953],[103.815906135072908,1.255835572424183],[103.815899386526013,1.25592452572742],[103.815908658226576,1.256094455986616],[103.815961685173122,1.256741999818648],[103.815964784386992,1.256850143814026],[103.815953992112441,1.256990763465827],[103.815918274304266,1.257177912532766],[103.81586637393896,1.257368660862914],[103.815804994536691,1.257489773017918],[103.81558056612684,1.257863400871941],[103.815507506063156,1.257946466301181],[103.815395728415623,1.258015694675358],[103.815263850725856,1.258072062833502],[103.815222760873013,1.258080518360073],[103.815178526203155,1.258083240189533],[103.815142629938094,1.258079776219766],[103.815105691408505,1.258071898940734],[103.81495880003763,1.258018088183265],[103.814875219034889,1.257976550102743],[103.814796732649683,1.257942400718457],[103.814717572279022,1.257920921481369],[103.814630432802275,1.257921653390023]]]}},
{"type":"Feature","properties":{"OBJECTID":40,"CLASSIFCTN":"NATURE AREA OTHERS","INC_CRC":"739547651DB7D9B6","FMEL_UPD_D":"20251230175800","SHAPE.AREA":8185.79019195,"SHAPE.LEN":551.88218793084104},"geometry":{"type":"Polygon","coordinates":[[[103.730113458366972,1.415777860606747],[103.730118316923182,1.415780119921799],[103.73013604097045,1.415792954523343],[103.730151950418545,1.41581378722506],[103.73017218923593,1.415835070493062],[103.730195714981491,1.415858638327597],[103.730215211614535,1.415878853509977],[103.730237959111903,1.41590408081443],[103.730099808563637,1.416007578911487],[103.729835776239852,1.416205382784814],[103.729579422549989,1.41639743432069],[103.729319190389532,1.41659239136587],[103.728977752883893,1.416848184776326],[103.728804589416313,1.416977913135323],[103.728645108272318,1.417097390249777],[103.728532761374822,1.417181555955272],[103.728510589796059,1.417198166274297],[103.728448029201516,1.417180034575886],[103.728436611906602,1.417176725897967],[103.728423238413797,1.417172850095619],[103.728227515253096,1.416877715161031],[103.72857458012038,1.416674509893957],[103.728914512617948,1.416476453685904],[103.728914567433137,1.416476422035708],[103.7290072087319,1.416422345361444],[103.729762385440083,1.415974801428356],[103.730080477211814,1.415785595949857],[103.730087248226454,1.415781824157451],[103.730087643614198,1.415781603510733],[103.730099048752521,1.415775250875486],[103.730099053243407,1.415775296998179],[103.730103051154529,1.415773020896999],[103.730113458366972,1.415777860606747]]]}},
{"type":"Feature","properties":{"OBJECTID":41,"CLASSIFCTN":"NATURE AREA OTHERS","INC_CRC":"9144A750DD327057","FMEL_UPD_D":"20251230175800","SHAPE.AREA":201073.27396284501,"SHAPE.LEN":4602.8698500876199},"geometry":{"type":"Polygon","coordinates":[[[103.706974670492784,1.415118722312943],[103.706958868295771,1.415129332322842],[103.706943660085116,1.415139543541669],[103.706822344426612,1.414930393290657],[103.706860646996901,1.414857107726663],[103.70676701949246,1.414680563041462],[103.70605028180529,1.413363214055011],[103.706015913374358,1.412740944380518],[103.706107585364464,1.412704045144715],[103.706602602909442,1.412704072365199],[103.707628286261908,1.412745132191286],[103.708980925481086,1.412778009347747],[103.709994376040385,1.412999485850691],[103.711087539625424,1.413027221988619],[103.711293783879853,1.413281523185618],[103.711644422347788,1.413265972203359],[103.712000235835418,1.412902719605095],[103.712325069676723,1.413302335300408],[103.7132429088213,1.41345288172665],[103.713393003738616,1.41373716305216],[103.713667994984732,1.414106214890239],[103.713677132153961,1.41467822430462],[103.714298606050804,1.41509025213385],[103.715799124271285,1.415218771142727],[103.716224544949398,1.414938554512937],[103.716773723307682,1.41458439346424],[103.717261038455092,1.413957774706734],[103.717570444795257,1.413556894675812],[103.717824102919536,1.413135779415328],[103.719007938691178,1.412244258455284],[103.71962728053029,1.412086487774763],[103.720174345195616,1.412047557426377],[103.720660535506653,1.411891135571797],[103.721986786248621,1.411944457759488],[103.722515951743276,1.412214102530976],[103.722495866643442,1.412421363309819],[103.720645407584684,1.412288199581227],[103.71952313763218,1.413057991892897],[103.718417225004288,1.413787266272329],[103.717641569222678,1.41445387983683],[103.71723957036113,1.415114813562677],[103.716848909459543,1.415490854729955],[103.71642993799702,1.415912476038566],[103.716141189651324,1.416151772744933],[103.714137050920741,1.415587579563734],[103.713604907528946,1.414869618815689],[103.712919914029328,1.41396361958231],[103.712902929285647,1.413975014560575],[103.712818007587728,1.413957916781127],[103.712495302933732,1.413963597381752],[103.711697031153321,1.414003441410157],[103.710813808409057,1.414601671648961],[103.71079682454824,1.414595973266815],[103.710530747768473,1.414345251919702],[103.709987244844129,1.41434522291829],[103.709823066180206,1.414259746513201],[103.708894620420438,1.413547461047501],[103.708611535807904,1.413746872011544],[103.70864911489565,1.413994459362347],[103.706974670492784,1.415118722312943]]]}},
{"type":"Feature","properties":{"OBJECTID":42,"CLASSIFCTN":"NATURE AREA OTHERS","INC_CRC":"9C40C230958D3D0E","FMEL_UPD_D":"20251230175800","SHAPE.AREA":318758.34788697999,"SHAPE.LEN":3061.7930082518001},"geometry":{"type":"Polygon","coordinates":[[[103.724133510608439,1.417568854414344],[103.724052256673474,1.417628931864283],[103.724052003263253,1.417629118150878],[103.724047047385,1.417632783295783],[103.724011509717855,1.417659509130073],[103.723976167050125,1.417686088466337],[103.723955842095293,1.417701373935601],[103.723920565025466,1.417727904438458],[103.723810246613283,1.417819275952509],[103.723810052510942,1.417819436919747],[103.723729571933106,1.417886095437745],[103.723708165924037,1.417902462470301],[103.723666328106432,1.417932366831682],[103.723373022132819,1.41814201293879],[103.723129945222482,1.418315914685338],[103.723128135588809,1.418313363392781],[103.723124740056221,1.418308544788113],[103.723117740532942,1.418298610033603],[103.723099393515696,1.418272571661379],[103.723080916212524,1.418246346984185],[103.723063335639438,1.418221393883149],[103.723024218281481,1.418165875019018],[103.723024213788847,1.418165868688262],[103.722585204028135,1.417535309976624],[103.72258081383292,1.417529002743219],[103.722352836636375,1.417536286345939],[103.72081214172357,1.41758551192894],[103.720048556895591,1.417603787799069],[103.719034053718602,1.417579455509954],[103.719013491280847,1.41697632997024],[103.720089121916615,1.41628751329834],[103.720073088455919,1.415972547589564],[103.720095393930805,1.415956652712416],[103.72037748441079,1.415510025599661],[103.721201035483588,1.414916023752294],[103.722609758718022,1.413900475851025],[103.72285321316005,1.413828424319483],[103.722910486507473,1.414033087857794],[103.723632257001697,1.413828461490389],[103.72295350490333,1.412825304164604],[103.722492373810425,1.412460011063277],[103.722505673546408,1.412312858396618],[103.722917726406877,1.412339633688583],[103.723156972514886,1.41259381794006],[103.72413837708396,1.412482385620474],[103.724652318011877,1.412892654838139],[103.724609507418492,1.413476805764872],[103.724848743423522,1.413935834257278],[103.726408545306782,1.414948001599935],[103.727120711460103,1.414948034518849],[103.727698316960399,1.41447399428825],[103.728292699087319,1.414993237602517],[103.728108743689873,1.415900916052316],[103.728097111597805,1.415958311785001],[103.728055785399235,1.416162223721263],[103.728016157898978,1.416357753198529],[103.728002893604739,1.416423205820085],[103.728001038509063,1.416432356073925],[103.727950568767795,1.416466215806079],[103.727950188654191,1.416466470818884],[103.727931306421652,1.416471657377448],[103.727893042336035,1.416482168838663],[103.727889424581832,1.416483162567303],[103.727876483876813,1.41648671792767],[103.727867630307301,1.416482220128095],[103.727863761981297,1.416480253867101],[103.72786028812564,1.41647848929699],[103.727823977693916,1.416466322150961],[103.727823742265315,1.416466298626743],[103.727823576027546,1.416466282340615],[103.727803002084841,1.416464209503735],[103.727802982316064,1.416464206789729],[103.727789472129643,1.416462846009598],[103.727760294086693,1.416463748130259],[103.727728087632116,1.416468518973974],[103.727620407649297,1.416500834136529],[103.727582730301933,1.416512166780421],[103.727582646732245,1.41651219209872],[103.727559425142971,1.416519176327296],[103.727558456452996,1.416519478339831],[103.727465975227588,1.416550270342254],[103.727359998417967,1.416594477935547],[103.727332292684551,1.416605774859486],[103.727308300042282,1.416614171663918],[103.72728237189888,1.416621371907531],[103.727198447471906,1.416641961276446],[103.727135259954167,1.416657530578779],[103.727089036152108,1.416668722643875],[103.727042949764837,1.416681419573324],[103.726872123387182,1.416733504762193],[103.726741218183278,1.416773060037119],[103.726592334076827,1.416812134254449],[103.726416429990863,1.416859377216569],[103.726415334600276,1.416859671987813],[103.726304476401197,1.41688944568021],[103.726270913819093,1.416897547206299],[103.726106857280385,1.416931908957609],[103.725973842726717,1.416959457774485],[103.725966441880061,1.416961350259704],[103.725936428732936,1.416969025991601],[103.725923714480842,1.416972277485379],[103.725563050885654,1.417081910943616],[103.725562967315881,1.417081937166217],[103.724637723554522,1.417363190127487],[103.724341316016421,1.41745316920009],[103.724284194682355,1.417471734860407],[103.724251648112471,1.417485737367774],[103.724249149972508,1.417487205029331],[103.7242312172814,1.417497742712811],[103.72423115258141,1.417497779788584],[103.724228846744268,1.417499135318318],[103.724226956964301,1.417500244881233],[103.724205097210799,1.417515863989896],[103.724187632569894,1.417528817246825],[103.724133510608439,1.417568854414344]]]}},
{"type":"Feature","properties":{"OBJECTID":43,"CLASSIFCTN":"NATURE AREA OTHERS","INC_CRC":"13025BC76C1A7354","FMEL_UPD_D":"20251230175800","SHAPE.AREA":3645.05775898,"SHAPE.LEN":288.63285665810901},"geometry":{"type":"Polygon","coordinates":[[[103.728167576409405,1.416787331350756],[103.727959343143596,1.416473330826493],[103.728865626406247,1.416124360570625],[103.729038988062513,1.416283436732708],[103.728172644093476,1.416794972540086],[103.728167936718194,1.416787873984654],[103.728167576409405,1.416787331350756]]]}},
{"type":"Feature","properties":{"OBJECTID":44,"CLASSIFCTN":"NATURE AREA OTHERS","INC_CRC":"8256E65E2A6722A2","FMEL_UPD_D":"20251230175800","SHAPE.AREA":3139.8574213349998,"SHAPE.LEN":228.75477377557101},"geometry":{"type":"Polygon","coordinates":[[[103.729511194131234,1.415581533541082],[103.729604942622856,1.415624425342981],[103.72969016457013,1.415684470704703],[103.729822243475098,1.415821686512418],[103.729224329994054,1.416174107699881],[103.729004788288506,1.415972440320768],[103.729335550650006,1.415611356920548],[103.729421706626937,1.415581529507711],[103.729511194131234,1.415581533541082]]]}},
{"type":"Feature","properties":{"OBJECTID":45,"CLASSIFCTN":"NATURE AREA","INC_CRC":"E596A6B9B4DD6BE7","FMEL_UPD_D":"20251230175800","SHAPE.AREA":79144.117736974993,"SHAPE.LEN":1538.7226724188999},"geometry":{"type":"Polygon","coordinates":[[[103.726523660001988,1.420017401892846],[103.72651667904131,1.420033312918906],[103.726517477132361,1.420010578191669],[103.726500729279778,1.420009982342486],[103.726497600633309,1.419946118843058],[103.726508015570062,1.419685004603104],[103.726526642415109,1.419312463357529],[103.726539512110534,1.419055073393656],[103.726604116609622,1.418042820920561],[103.72680463310796,1.417975386488489],[103.726813155438577,1.41797252005447],[103.727213210725083,1.417837987511289],[103.727793072437223,1.417641434742408],[103.728436544451299,1.417417744804356],[103.728446530676266,1.417432628351433],[103.728447418497154,1.417432249464053],[103.728364328159174,1.417308192477419],[103.72832952373841,1.41725622803542],[103.728333822150972,1.417245752097532],[103.728352742548026,1.417251235205371],[103.728396277612831,1.417263853045989],[103.728448279951451,1.417278924806833],[103.72848447994869,1.417289416155587],[103.728504362720486,1.417295178754064],[103.728508680374006,1.417296429683901],[103.728517736214158,1.417299054556],[103.728529416792298,1.417302440116346],[103.728613669332631,1.417239321264158],[103.728728254685421,1.417153477159829],[103.72882404725398,1.417081713118767],[103.729080367830377,1.416889686998987],[103.729423588187643,1.416632557910155],[103.729637674599701,1.416472001627217],[103.729910293259039,1.416267549293373],[103.730106357856855,1.416120508753476],[103.73030032146599,1.415975043500332],[103.73030201252385,1.415976893901546],[103.730318795457364,1.415996441542296],[103.730335323352065,1.416012376243508],[103.730354749150891,1.416029155748692],[103.730373484771093,1.416047397576997],[103.730386951187768,1.416063215478293],[103.730394715050252,1.416081865587954],[103.73040490491492,1.416104625229019],[103.730417502717401,1.416113225374533],[103.730438212160138,1.416139926697054],[103.730460245086803,1.416169675780007],[103.730490796494053,1.416202141043623],[103.730524787255945,1.41624448481161],[103.730544290685287,1.416273742712188],[103.730565889756235,1.416299882464339],[103.730583024956374,1.416319061139277],[103.73060583580974,1.4163341424009],[103.730629377191107,1.416349750033865],[103.730654616735677,1.416369121698918],[103.730682924932651,1.416388972812577],[103.730714484195403,1.416409298861094],[103.730746121468798,1.416433421426327],[103.7307768135244,1.416455391566414],[103.730799218314345,1.41646831047756],[103.730821650523524,1.416491178281278],[103.730848349846667,1.416520288184481],[103.730885061884138,1.416554794863764],[103.730921985917831,1.41659092578695],[103.730942455646854,1.416613094430178],[103.73095328489832,1.416624822684227],[103.730984325253161,1.416654926673425],[103.731015267488232,1.416689011661509],[103.731018331558062,1.416691535873337],[103.731041818866458,1.416710888465106],[103.731068212046239,1.416733853209468],[103.731088844770468,1.416748075225697],[103.731111678048535,1.416764242623141],[103.731138596416926,1.416777790263597],[103.731164794636626,1.416800036030148],[103.731190034190661,1.416819407689922],[103.731223748284819,1.416839506832743],[103.731260329796228,1.416859004701177],[103.731296652301367,1.416883391541173],[103.731328729721298,1.416911484270033],[103.731360741687539,1.416936321290641],[103.731377945049246,1.416958754763991],[103.731109624526781,1.417118450565855],[103.73068573866837,1.41736296136523],[103.730278643993046,1.417601334923576],[103.729823864521265,1.417866565822787],[103.729468056834236,1.418078186873031],[103.729189866813471,1.418239353382361],[103.728799663943079,1.418467606699839],[103.728541610719503,1.418618949045608],[103.728252741499816,1.418785945368765],[103.728118209490788,1.418865411869013],[103.727925179662449,1.418979432269825],[103.727654175472324,1.419139906164018],[103.727383282819503,1.419297122515166],[103.727213157044389,1.419410655550437],[103.727209752253245,1.419411591408259],[103.727192207628647,1.41942474997453],[103.727124991873168,1.419475161452402],[103.727043415293693,1.419536343219353],[103.726941418503571,1.419612839413879],[103.726815097001079,1.419707579985854],[103.726703595507075,1.419791204816144],[103.726701768615357,1.419792575744643],[103.726686652951386,1.419803911224866],[103.726627275825194,1.419848443790716],[103.726592727947349,1.419904467431859],[103.726565868957096,1.419948023890693],[103.726541956654671,1.41998680002689],[103.726526748639301,1.420013241969766],[103.726526663206045,1.4200147106502],[103.726525544490457,1.420014138136851],[103.726523660001988,1.420017401892846]]]}},
{"type":"Feature","properties":{"OBJECTID":46,"CLASSIFCTN":"NATURE AREA","INC_CRC":"3DAA6C153DDA836F","FMEL_UPD_D":"20251230175800","SHAPE.AREA":122020.7879354,"SHAPE.LEN":2842.1507781748501},"geometry":{"type":"Polygon","coordinates":[[[103.81633914380113,1.306814481562571],[103.816337779511315,1.306858352285531],[103.816332919903886,1.306897476878667],[103.816323201504858,1.306987951267041],[103.816323200988251,1.307064732735456],[103.816307885235759,1.307066327026009],[103.816298247390975,1.30706996521946],[103.816211958904447,1.307080820622964],[103.816112726001293,1.307082991319868],[103.81604153752987,1.307104701911235],[103.815942814682629,1.307153108250663],[103.815883453586579,1.307204110388396],[103.815820250869621,1.30730241800685],[103.815799926307051,1.307347873947402],[103.815794012877674,1.307360522350643],[103.815766833862597,1.307453527025868],[103.815774069904705,1.307577353596698],[103.815776195773324,1.307591046597667],[103.815780509353786,1.307640984742679],[103.815780292793789,1.307642424489762],[103.815781409607879,1.307654039253521],[103.815769113375993,1.307726742854309],[103.815765408067477,1.307812508254921],[103.815750814322044,1.30787452134417],[103.815749824057178,1.307883894172968],[103.815747468929786,1.307888736124979],[103.815745992572104,1.307895013309972],[103.815722262400257,1.307955806346571],[103.815687745907638,1.308038311294352],[103.815655387008462,1.308094762414201],[103.815599299210191,1.308157726599499],[103.815549682763219,1.308218953545061],[103.815529013350712,1.308235343199011],[103.815465564649884,1.308297142506846],[103.815373099142136,1.308358297696466],[103.815357688056594,1.308370936082059],[103.815327258481119,1.308405937489347],[103.815310073271533,1.308473200393865],[103.815317360835905,1.308551448793172],[103.815340961691504,1.308608459209699],[103.815418088120396,1.308670560680159],[103.815515134638332,1.308708128685252],[103.815528729644143,1.308711860191149],[103.81561441764353,1.30874595715954],[103.815694213049255,1.308768266593871],[103.815722256583427,1.308789977875443],[103.815727185035669,1.308802024952386],[103.815730381152022,1.30880478238292],[103.815736495632379,1.308824784260084],[103.815737760759262,1.308828922641878],[103.815749817203027,1.308868359358272],[103.815747439580136,1.308877630888359],[103.815748142220116,1.308881168767994],[103.815739513159897,1.308924591777955],[103.815731326377076,1.308940473268568],[103.815715783979456,1.308970621060215],[103.815659695294784,1.309029243391296],[103.815586613187023,1.309098821978345],[103.815568258357231,1.309125212113663],[103.815528103547919,1.30919425283642],[103.815491429770645,1.309255045777415],[103.815472117878542,1.309296453785185],[103.815441262128061,1.309367192065549],[103.815406656508529,1.309469627396515],[103.815390038021306,1.309572907533131],[103.815381408782486,1.309640213908564],[103.815377093056853,1.30976614304281],[103.815383564575157,1.309868189792049],[103.81540562149614,1.309959210639196],[103.815424250791636,1.310002961223678],[103.815441487140248,1.31007452553392],[103.815478479754162,1.31016347187501],[103.815504366340051,1.310248148630361],[103.815525938173749,1.310321968456494],[103.815550761266863,1.310351951036305],[103.815629435474165,1.310354280336124],[103.815726559656099,1.31034585325045],[103.815763705647342,1.310347238095235],[103.815808115535773,1.310344323640891],[103.815842129111275,1.310356549986298],[103.815840634668405,1.31037910663979],[103.815847364697191,1.310393620835898],[103.815839698991255,1.310420621494085],[103.815839698892901,1.310434798314894],[103.815842128161421,1.310493485269457],[103.815898007499001,1.310566844107261],[103.815966034337208,1.310637756722132],[103.816060785867137,1.310701334218818],[103.816146356144955,1.310748088656691],[103.816218405237407,1.31076923953011],[103.816279046423489,1.310780336501102],[103.816354759931116,1.310782029989512],[103.816422871715247,1.310783834660828],[103.816464608436675,1.310779634170119],[103.816567735970608,1.310751141953232],[103.816584049170189,1.310744177550635],[103.816611414557869,1.310731465080262],[103.816690838521765,1.310680223405115],[103.81675124099543,1.310645485351914],[103.816790071095014,1.310612917629176],[103.816830638163751,1.310568821980633],[103.816869825184341,1.310505718385224],[103.816874602793646,1.310501759108214],[103.81688067615238,1.310491330919125],[103.816934049298951,1.310452534930512],[103.816960057031736,1.310431033831212],[103.816977752407567,1.310391457139939],[103.817007954004652,1.310317636761553],[103.817046784446418,1.310230789065804],[103.817053467912999,1.310221179330298],[103.817059331047346,1.310204951448582],[103.817094569382078,1.310212045515331],[103.817095774334192,1.31021228789292],[103.817110351346585,1.310234295702736],[103.817108931557058,1.310247153046323],[103.817109343984399,1.310248159606922],[103.817109343663148,1.310298096816477],[103.817117972216252,1.310330664853991],[103.817141701401837,1.310421854813388],[103.817182687990467,1.310532585492412],[103.817208619620828,1.310608515215584],[103.817253691054304,1.310713569222662],[103.817297422707966,1.310826051671819],[103.817306682895335,1.310866440658481],[103.817309961641584,1.310875634451019],[103.817310784657039,1.310884331731529],[103.81731199946141,1.310889628603329],[103.817321716847772,1.310955650905589],[103.817314428344929,1.311014337796367],[103.817312836976427,1.311020381655337],[103.817309960551185,1.311047158970843],[103.817290545093741,1.311127492656516],[103.817253872089921,1.311209997610098],[103.817238982927549,1.311242273385095],[103.817229392558389,1.311266688456446],[103.817225410156368,1.311271841500646],[103.817208569280254,1.311314214494501],[103.817264657454757,1.311338098224421],[103.817299172408568,1.311355467675274],[103.817308883839928,1.311369044964869],[103.817313344197572,1.311375282396832],[103.817313742250789,1.311375911837225],[103.817314581487778,1.311377138161132],[103.81725752479889,1.311474842640459],[103.817257079113688,1.311475605921373],[103.817197511846601,1.311577611541398],[103.817093818227661,1.311741138088296],[103.817080703671635,1.311776977070569],[103.817021511941022,1.312024320422966],[103.817007433295188,1.312190109367771],[103.816999176601811,1.312316884058372],[103.816991726581989,1.31247799657647],[103.817000237802773,1.312591714159786],[103.817020518355335,1.312824043769041],[103.81703501722383,1.312982373700531],[103.817063989781971,1.313163866314569],[103.81711291323299,1.313563683541916],[103.817130909293795,1.313717860652336],[103.817148432972459,1.313832719601149],[103.817155069197696,1.313904892466589],[103.817161560020992,1.313951752164049],[103.817154376272939,1.314066746606245],[103.817144963991737,1.314201685892082],[103.817142148718716,1.314219665547596],[103.817125420622446,1.314326524262657],[103.817109800482754,1.314426293670152],[103.817111554008221,1.314495151102601],[103.81711254226839,1.314517618240351],[103.817114931307671,1.314549473596788],[103.817114872002193,1.314549657182434],[103.8171153239403,1.314554710775121],[103.817117152377506,1.314572126137345],[103.817120175868908,1.314592261836268],[103.817125907470313,1.314631049169655],[103.817145099094404,1.314710105236087],[103.817145058659762,1.314710086244164],[103.817161881781715,1.314777470564694],[103.817167147143493,1.314799636576811],[103.8171821256405,1.314851836602509],[103.817197327012849,1.314898703591155],[103.817197075420083,1.314898495585647],[103.817190958030494,1.314907730013394],[103.817188066467665,1.314912094458418],[103.817149194142303,1.314934101919087],[103.817112750771329,1.314929210876995],[103.817074688252077,1.314918265102364],[103.817074688279803,1.314913977509525],[103.817061812949049,1.314914565262131],[103.816975610502297,1.314918509533865],[103.816947991754077,1.31491977365338],[103.816855848674905,1.314971938605222],[103.816815535771383,1.315024103899228],[103.816763705591967,1.315024103553554],[103.816723393413653,1.314966141648774],[103.816596698274381,1.314763273717471],[103.816095671679932,1.314687919528365],[103.816043840670289,1.314809639415332],[103.815986250646759,1.314960339626098],[103.815859554399012,1.314925562298545],[103.815813483555942,1.314850211215107],[103.815738618099743,1.314728490437906],[103.815790449365068,1.314571994118965],[103.815801969051734,1.314403904463706],[103.815807729475424,1.314172057059105],[103.815801972567655,1.313899635252298],[103.815807733353012,1.313615622284341],[103.81578469848499,1.313435940237446],[103.81575590501761,1.313227276879338],[103.815704076053137,1.313059186773633],[103.815663764459401,1.312925874091872],[103.815611935302996,1.312786765254097],[103.815548588545212,1.312647656332778],[103.81549099953466,1.312531731743763],[103.81543341146913,1.312410011080215],[103.815393099817129,1.312288291444404],[103.815335511844623,1.312154978632168],[103.815272164426901,1.311986888433274],[103.815208818166298,1.311784020889204],[103.815168505866083,1.31175504022913],[103.81503605115806,1.311697076717522],[103.814846007545867,1.311639113675849],[103.814725070196772,1.311615927576828],[103.814638685952772,1.311673888565062],[103.814506230135279,1.311766627449536],[103.814368015288224,1.311888345744231],[103.814264353503191,1.311975288761688],[103.814195246717276,1.312010064669552],[103.814091585364139,1.312039045139483],[103.81402823759845,1.31204484072154],[103.813993683620367,1.312079617796137],[103.813953370482238,1.312160764314709],[103.813890022489431,1.312195541163149],[103.813786361260313,1.312207132496441],[103.813711495884874,1.312212927979753],[103.813619353203194,1.312218723323831],[103.813475380278831,1.312125983199443],[103.813319890567513,1.312044835120346],[103.813181677086405,1.311986872368498],[103.813160926948427,1.311979500723875],[103.813287984689353,1.311843144360992],[103.813382107631966,1.311740091860331],[103.813501982116662,1.311633053121943],[103.813916267224073,1.311275039219386],[103.813993965157678,1.311222316268753],[103.814062972238645,1.311180603888179],[103.814343555067893,1.311042448063422],[103.814658988949191,1.310908703959085],[103.814861300535583,1.31082413290203],[103.814928073541964,1.310817655432607],[103.814992327146484,1.31079340808124],[103.815047535173534,1.310753386733027],[103.81507860722985,1.310720334240853],[103.815112242066448,1.310670674918417],[103.815133288285054,1.310613927093115],[103.815141767422588,1.310554099814016],[103.815137343400352,1.310494288719149],[103.815039485248874,1.309986262045816],[103.814938156521706,1.309535860555026],[103.814901676704807,1.309365254600146],[103.814877559251585,1.309176546972556],[103.814875698696369,1.309007423526829],[103.814876875499564,1.308924857752364],[103.81488943155216,1.308837319864995],[103.814930439506441,1.308711845897598],[103.815038477132234,1.308491193464236],[103.815354101904759,1.307872566896913],[103.815524865943175,1.307556889674385],[103.815722746373098,1.307231602850905],[103.815774424946071,1.307172776099558],[103.815860211638281,1.307091186726386],[103.815956553715466,1.306987256902208],[103.816007754990437,1.306951617149274],[103.816113961928878,1.306888693091983],[103.816204169141244,1.306853219102467],[103.81633914380113,1.306814481562571]]]}},
{"type":"Feature","properties":{"OBJECTID":47,"CLASSIFCTN":"NATURE RESERVE","INC_CRC":"5541D72B94ADE752","FMEL_UPD_D":"20251230175800","SHAPE.AREA":1624691.26151947,"SHAPE.LEN":7729.8646650315204},"geometry":{"type":"Polygon","coordinates":[[[103.776231610165695,1.362471368541161],[103.77565135611782,1.362689687064512],[103.775651245501493,1.362693577635254],[103.775648989178904,1.362694427682936],[103.775622767085949,1.362245636474711],[103.775580878576108,1.36152871998644],[103.775576388519767,1.361525272443057],[103.774377189004241,1.360604638795887],[103.774296084421962,1.360640521958632],[103.773807097213762,1.360857058890544],[103.772517203479225,1.359839382954095],[103.772512690269807,1.359827863052941],[103.77248744217502,1.359763414731623],[103.772487416118224,1.359763349616757],[103.772476635811074,1.359735832264436],[103.772433045579334,1.359623926984196],[103.77190613725206,1.358271236650247],[103.772284936518787,1.357950140164021],[103.772286364369606,1.357948931065824],[103.772367689296345,1.358046092558269],[103.772374582884368,1.358054327870539],[103.773128853674692,1.357414952589895],[103.773055201358332,1.357326938050994],[103.773040654916386,1.357309555812382],[103.773191741938319,1.357181464593484],[103.772968682826232,1.355702499385708],[103.772783885963605,1.354538876855882],[103.772762404651999,1.354403619651589],[103.772757096039371,1.354399417843414],[103.771932996150255,1.353747223099907],[103.771918696689298,1.353735906430197],[103.771645374326241,1.353589621303797],[103.771644057998046,1.353586938022456],[103.771448190809636,1.353482317091489],[103.771449238475938,1.353484646759746],[103.77131212040571,1.353411260436958],[103.770976982083852,1.353415222851529],[103.7706916619493,1.353418596869499],[103.770988103065534,1.352697302920584],[103.771147846097108,1.352308619587924],[103.771329266832396,1.351958526909748],[103.771489850615893,1.351648640795033],[103.771509561871412,1.351598273657304],[103.771553395716708,1.351521591956283],[103.771903807583428,1.350908452120821],[103.772268532210262,1.350413896399436],[103.77236799207742,1.350279164966306],[103.772370755250705,1.350275422778143],[103.77241842640278,1.350214897616515],[103.772471376774249,1.350147672154498],[103.772505539404193,1.350104298816723],[103.772615266334199,1.349964988835769],[103.773433180411459,1.348926554359735],[103.773524248913233,1.348810931874139],[103.77352467574346,1.348810390170683],[103.77352549432355,1.348810798963445],[103.773603723893373,1.348890462699736],[103.774262378022584,1.34956118593826],[103.774264442868173,1.349563291348006],[103.774267017186204,1.34956591135331],[103.774266493320553,1.34956606779546],[103.7742671321827,1.349566718953126],[103.774376267096528,1.349677888748346],[103.774376768498627,1.349677711505239],[103.774377122523518,1.34967807325945],[103.77456564619618,1.349870116824546],[103.774958459427509,1.350270260372414],[103.774513034245771,1.350963155141552],[103.775430006408087,1.351440031239795],[103.776548194500307,1.352020699269979],[103.776548187437882,1.352015272181589],[103.776577121726248,1.352030313339676],[103.776601850789305,1.35204316764645],[103.776601944237399,1.352043275267963],[103.776710147242682,1.352168023063637],[103.776724965055735,1.352185105942535],[103.77691850880494,1.352324198038795],[103.776983823185304,1.352380478135854],[103.77714883300942,1.352522662472668],[103.777284639778344,1.352615148606423],[103.777286443160392,1.352616675214736],[103.777463640743079,1.352343800154756],[103.777547218513234,1.351845786927296],[103.777803590005419,1.350948681841097],[103.777720405315947,1.350365618366584],[103.77642741749149,1.349364469074916],[103.776430675736464,1.349361977628816],[103.776406396120223,1.349343179851612],[103.776397452164474,1.349328822862603],[103.776394040290512,1.349330231781346],[103.776149975616576,1.34893972436292],[103.775921786558882,1.348521713781081],[103.775875758351575,1.348303109824328],[103.775790557220631,1.347898495349411],[103.775765678361893,1.34779980151515],[103.775760510343545,1.347778129213466],[103.776009518345091,1.347647273653358],[103.77610858958343,1.347595210857669],[103.776226396058007,1.347533301784525],[103.776286763067972,1.347501579022951],[103.776288722853565,1.347500606877829],[103.776305278144662,1.347492394738363],[103.776324060107157,1.347482646136771],[103.776393258276002,1.347446726427036],[103.776736960613377,1.347299175741218],[103.776759182261742,1.347289636124587],[103.776791767123356,1.347275647278821],[103.776963650165385,1.347202200649911],[103.777197669335806,1.347102202417545],[103.77719823633312,1.347101984478959],[103.777220601726611,1.347093375451839],[103.77728599601565,1.347068205802447],[103.777297928140371,1.347062677701302],[103.777412795864066,1.347018361093182],[103.777697355994022,1.346856459355048],[103.777732164108031,1.346832672667278],[103.777767770058915,1.346812639107988],[103.777919314538039,1.346719976014689],[103.77792595949137,1.3467159128591],[103.777955276360274,1.346697987225606],[103.777992601318303,1.346675164643445],[103.778390036642222,1.346482399451254],[103.778545988060785,1.346410382143452],[103.7786441496321,1.346368301588946],[103.779185467442431,1.346113578809885],[103.779614763045004,1.34591281863721],[103.779721010752553,1.345869752459728],[103.77978333814788,1.34584681192985],[103.779807209524193,1.345837555386519],[103.780413382423063,1.347421830968206],[103.780421329752741,1.347442619758733],[103.780756753926596,1.348319019155219],[103.781032135250385,1.34903854169788],[103.78117239212186,1.349405004803488],[103.781178381605741,1.349420654048478],[103.781196453418318,1.349466390842117],[103.781224574192464,1.349538525334955],[103.781237829914303,1.34957473907089],[103.781259617919162,1.349632908236967],[103.781532238378745,1.350345984359864],[103.782125466251316,1.350116354552279],[103.782221336479353,1.350079233341401],[103.782249945630568,1.350088171776569],[103.78228027998189,1.350099051917531],[103.782297909408911,1.350116953272484],[103.782319942596388,1.350139445272329],[103.78233860861674,1.350174078288617],[103.782362074607661,1.350216015954684],[103.782388449881324,1.350270649144786],[103.782403320150024,1.350316063004695],[103.782422435854528,1.350374644494938],[103.782431378204109,1.350424930039019],[103.782440372798646,1.350469063195372],[103.782440429402243,1.350469344453786],[103.78247376988999,1.35063205291402],[103.78251696878965,1.350868100081311],[103.782556952659746,1.351059826105665],[103.782574367898562,1.351137352177497],[103.782595900437585,1.351210879237815],[103.782606950269724,1.351244485638889],[103.782626131655604,1.35129945509882],[103.782658275644778,1.351357795395639],[103.782689810232029,1.35142470905067],[103.782718257919853,1.351464469109359],[103.782760777675577,1.351520266550704],[103.782790115832157,1.351560493279119],[103.782818266266787,1.351592118575684],[103.782866883065893,1.351634011545273],[103.782906122519194,1.35167304200573],[103.782953187773074,1.351701810809843],[103.782984184128011,1.351725350244809],[103.783034840940289,1.351754176097262],[103.783065539140978,1.351769579865801],[103.783117703920283,1.351789847750759],[103.783168172324679,1.351804667710158],[103.783228501542169,1.351820550501095],[103.783292521269956,1.351831072296837],[103.783349012947852,1.351836051991911],[103.783421317649541,1.351835867189554],[103.78348661554999,1.351826081511246],[103.783548313797141,1.35181669005963],[103.783644451619111,1.35179069066947],[103.783735278115543,1.35176053832637],[103.783985666319964,1.351674696698706],[103.784175895291142,1.351608989486243],[103.784186800330914,1.351605223031896],[103.784242762253115,1.35159031934625],[103.78427516182046,1.351586776706538],[103.784323114442415,1.351592069115066],[103.784353728094402,1.351611989260033],[103.784386613341312,1.35163058998349],[103.784409997521493,1.351677044023615],[103.784442066267417,1.351770911335729],[103.784442324139988,1.351771666484984],[103.784452358874788,1.351837639144412],[103.784464835675948,1.351915086424829],[103.784466522030201,1.351927553117977],[103.784466696325708,1.351928843649062],[103.784473153158885,1.351985970650726],[103.784474160027784,1.352051961214449],[103.784473751587399,1.352121543883635],[103.784472233674336,1.352178454580687],[103.784471613425836,1.352235380670072],[103.784469934498034,1.352300874683374],[103.78446951844009,1.352346959260167],[103.7844744631835,1.352394488214975],[103.784487588555777,1.352436730422973],[103.784501086750993,1.352483044989957],[103.784504700526,1.352495445703497],[103.78450553346012,1.352497164916484],[103.784706492748882,1.352586047166144],[103.784804276269341,1.352629949681799],[103.785090812243439,1.352756681258075],[103.785320769773719,1.352858388825155],[103.785322687291924,1.352859247104854],[103.785349466053503,1.35287124312328],[103.78567997276258,1.353025850720675],[103.785752354115004,1.353059710637796],[103.785753666007025,1.353060284934892],[103.786106597137859,1.352992488984281],[103.786263339409146,1.352692372489604],[103.786265314525053,1.352688590477456],[103.786470661072997,1.352804175827557],[103.786592487014914,1.352873802472022],[103.787182585452598,1.353211058453551],[103.787219463016456,1.353232124512675],[103.787227039625662,1.353236456561729],[103.787227305600879,1.353236441192619],[103.787460618906309,1.353364857209646],[103.787479355576693,1.353374743170361],[103.787431271957288,1.353404649576556],[103.787211662135064,1.353541236922783],[103.787153901788542,1.35357560798361],[103.787074666340374,1.353626735593496],[103.786995799289429,1.353678430244018],[103.786982622579202,1.353687197800663],[103.786917282665172,1.353730653047208],[103.786839118262648,1.353783510718117],[103.7867613213607,1.353836829619139],[103.786683892857312,1.353890640498721],[103.786644512800123,1.353915883251201],[103.786588129902029,1.353952023260649],[103.786350589664636,1.354107812539387],[103.786233711036473,1.354184466871115],[103.785784458238922,1.354477549785921],[103.78552999500765,1.354645039307754],[103.785447970258957,1.354700691339395],[103.785366401065559,1.354757014415312],[103.785285288329462,1.354813831280205],[103.785204526016571,1.354871319187343],[103.78512411502814,1.354929337056002],[103.785044177566903,1.354987989794888],[103.784964660619536,1.355047173401122],[103.784885530039929,1.35510692043114],[103.784806926003384,1.355167267966753],[103.784728673292577,1.35522807673239],[103.784650788077457,1.355289555636525],[103.78457344737879,1.355351526523056],[103.784496509219721,1.355414171166309],[103.784421449071914,1.355476070649125],[103.784346793263794,1.355538501903718],[103.784272592114291,1.355601495679544],[103.784198743187673,1.355665021226157],[103.78412543787752,1.355729112008982],[103.784052588125888,1.355793696581508],[103.783980177758679,1.35585877403908],[103.783908222949222,1.355924382365362],[103.783836723697547,1.355990520655996],[103.783765751889561,1.356057152737985],[103.783695235640096,1.356124277705497],[103.783625070716241,1.356191863903693],[103.783555536569608,1.356260013531517],[103.783486371718467,1.356328694026489],[103.783417732514565,1.356397833042763],[103.783349637827783,1.356467430580794],[103.783281999599467,1.35653745227295],[103.783214798956834,1.356608039199646],[103.783148142832076,1.356679048473655],[103.783081925191539,1.356750623886678],[103.783016357201731,1.356822587283454],[103.782951138739676,1.356895044468344],[103.782886535780662,1.356967996351319],[103.782822405454311,1.357041372389034],[103.78275880257236,1.357115206948504],[103.782695741512626,1.357189464759885],[103.782633121634305,1.357264217265835],[103.782571131637638,1.357339393025635],[103.782509598998772,1.35741495766986],[103.782448697137909,1.357491051378605],[103.782388234664367,1.357567497796921],[103.782328314012318,1.357644403641924],[103.782268921703363,1.357721768009038],[103.782210179046047,1.357799486899013],[103.782151873976744,1.357877662500509],[103.782094200586343,1.35795626316494],[103.782037070816159,1.358035252715942],[103.781980450518546,1.358114735154657],[103.781925671408914,1.358192767935767],[103.781871314612602,1.358271224871198],[103.781817605671193,1.358350034521064],[103.781764406205568,1.358429195978091],[103.781711768332499,1.358508712860884],[103.781659568948598,1.358588581549381],[103.781608072229204,1.358668944034427],[103.781554556331727,1.358753866277924],[103.781501549906793,1.358839281409408],[103.781449280294609,1.358925050161754],[103.781397519259485,1.359011171625729],[103.781292856782713,1.359188785542748],[103.781244905521675,1.359281192415162],[103.780907138465139,1.359932108272368],[103.780672906112841,1.360405473473137],[103.78052329540769,1.360707826189221],[103.780476625700715,1.360829615856358],[103.780439897397358,1.360925456826376],[103.780437577300546,1.360925349155863],[103.780139473620835,1.360911403597042],[103.779941951823588,1.360901061421049],[103.779844218332499,1.360900625147404],[103.779843994579707,1.360901064663307],[103.779364873917388,1.361849961413286],[103.779358328466984,1.361862925322933],[103.779356567273439,1.361863024763279],[103.779309577551373,1.361865686151388],[103.778903738351758,1.361888673129851],[103.778801565669923,1.361898552790619],[103.778758477602778,1.361897753255911],[103.778709900360781,1.361889362364385],[103.77864088113067,1.361862750785043],[103.778586586855781,1.36183008844129],[103.778540836450915,1.361784414303552],[103.778504673021885,1.361731509090443],[103.778482811351722,1.361671250821203],[103.778460670953805,1.361578905713053],[103.778461583302644,1.361486000427126],[103.778469303335655,1.361267542451988],[103.778484664333021,1.361028989684557],[103.778486601423737,1.360998910584342],[103.778492706946039,1.360890111220512],[103.778565048771085,1.360211716924659],[103.778572752727982,1.360147573279068],[103.778591507819172,1.359898781376909],[103.778606497773154,1.3597759121199],[103.778605985815332,1.359686125046684],[103.778594780663852,1.35960772005412],[103.778579600021843,1.359539727817281],[103.778553186505022,1.359467330167146],[103.778529082040535,1.359406641369525],[103.778503615879799,1.359362347754609],[103.778474141747907,1.359334337120737],[103.778441775112469,1.3593072190276],[103.778405367493448,1.359285981015942],[103.778389224020174,1.359278720412615],[103.77832251935051,1.359261942933262],[103.778256619571408,1.359255122517617],[103.778170445256123,1.359256744776047],[103.778010599126958,1.359266413268946],[103.777924832657305,1.359272560965094],[103.777737971814886,1.359291978763473],[103.777631070072445,1.359302492228431],[103.777544125426999,1.3593153511683],[103.777513215491254,1.359322441567132],[103.777465187713233,1.359336454473017],[103.777406116353404,1.359359360635483],[103.777356885226439,1.359380657258211],[103.777311268004482,1.35940745882751],[103.777257814118357,1.359445896663453],[103.777210200001051,1.35948479133852],[103.777158097304195,1.359534084283915],[103.777114980413074,1.359577039656237],[103.777066026005528,1.359638536160001],[103.7770112402861,1.359722190346258],[103.776977574578694,1.359800852034083],[103.776939867838024,1.359887211571993],[103.776904423648674,1.360013799982639],[103.776889635566249,1.360107387734919],[103.776876197943949,1.360204582122073],[103.776871296721978,1.360300877772309],[103.77686773051181,1.36036959125877],[103.776870027252826,1.360485324572007],[103.776869175627198,1.360592009649995],[103.77687331698786,1.360674999606559],[103.77687107549184,1.360811196759264],[103.776880666644772,1.3608561556284],[103.776889882071302,1.360906528915398],[103.77690036026496,1.360983486009296],[103.77690585867461,1.361057350061325],[103.776905259859646,1.361111908513325],[103.776905256954137,1.361275557684845],[103.776899155790787,1.361386989644733],[103.776887495352454,1.361452960908545],[103.776874004728086,1.361549160492739],[103.776853684128852,1.361605323725554],[103.776825568118284,1.361714785461096],[103.776810888148276,1.36175689953314],[103.776800284710589,1.361810402355919],[103.776778660073433,1.361837159260324],[103.776772613441949,1.361844642728851],[103.776650315785972,1.361998388031811],[103.776644465044299,1.36200574308495],[103.776644368905338,1.362005412989838],[103.776231610165695,1.362471368541161]]]}},
{"type":"Feature","properties":{"OBJECTID":48,"CLASSIFCTN":"NATURE AREA","INC_CRC":"3F777A980C72AB4B","FMEL_UPD_D":"20251230175800","SHAPE.AREA":210379.38531985,"SHAPE.LEN":2275.8811495141099},"geometry":{"type":"Polygon","coordinates":[[[103.780407176047618,1.451333196678887],[103.780379277259229,1.451329569525112],[103.780203511585498,1.451298346757692],[103.780174136493073,1.451290568539148],[103.780071733420058,1.451263913625451],[103.780013638307409,1.451248791294492],[103.779984802370691,1.45124128529964],[103.779891995531983,1.451211755634833],[103.779733097265279,1.451153094850955],[103.779475596841294,1.451037918036489],[103.779398345028696,1.450998865779348],[103.779267762179501,1.450920445305559],[103.779254139581553,1.450912269534157],[103.779154710879027,1.450849025018515],[103.779109925562835,1.450808734556235],[103.779009886458994,1.450718711823964],[103.778870857907023,1.450593607893227],[103.778560227274099,1.450314079757962],[103.778487981994218,1.450221633986837],[103.778346412283838,1.450021006589014],[103.77831069590485,1.449971251267609],[103.778291599485854,1.449944649860089],[103.778191886029916,1.449805744459409],[103.778198568172442,1.449799609422908],[103.77819293593366,1.449791763933767],[103.778175656908601,1.449747778899614],[103.77814366151118,1.44966633297019],[103.778135044463099,1.449644398332746],[103.778108580512054,1.449577033474238],[103.778087568933927,1.449523546203247],[103.778093153060752,1.449514329974511],[103.778083710581427,1.44951372653244],[103.778083431133894,1.449513015696065],[103.77807773377917,1.449522406464109],[103.778077450720446,1.449522388369908],[103.778030667974818,1.449403300668974],[103.777979558739972,1.449273215803716],[103.777944293352959,1.449117622857603],[103.777913114366342,1.448980055779688],[103.777853157224712,1.448714723170522],[103.777815644707488,1.448548744459395],[103.777770584768845,1.448349349339431],[103.777709405692747,1.4480786447784],[103.777706512513205,1.448065838923363],[103.777687158815823,1.447977889119406],[103.777630274765585,1.447719447827852],[103.77761120858203,1.447633279625935],[103.777545833687071,1.447337759228842],[103.777474384909013,1.447016319628413],[103.77750444322956,1.447009474343143],[103.777547748847155,1.44695997147489],[103.777613104911353,1.446885262738087],[103.77765896609624,1.446874455825711],[103.778087253614586,1.446773531281067],[103.77820114289554,1.446740741856548],[103.778416566316295,1.446649813386503],[103.778416660670516,1.446649760031358],[103.778416704702494,1.446649734710268],[103.778419340330544,1.446648233531411],[103.778422991389789,1.446646152680428],[103.77844895228057,1.446631374207848],[103.778619751389868,1.446534159306307],[103.778714770912046,1.44646600879302],[103.77879237175685,1.446407218014255],[103.778808093934032,1.446395309738738],[103.7789789376437,1.446235049836449],[103.779056165354731,1.446146876275816],[103.779056390909759,1.446146596832974],[103.779129780765629,1.44605556448484],[103.779129982957585,1.446055263336729],[103.779258671475191,1.445859727707665],[103.779258849406176,1.445859374105877],[103.779359714717486,1.445658048069164],[103.779373895403779,1.445624406093782],[103.779619370126113,1.44505302617364],[103.779720296603173,1.444846137379604],[103.77983608546171,1.444657227674714],[103.779915775651631,1.444551654188414],[103.779958183620423,1.444495713989784],[103.779958287861064,1.444495576529021],[103.779958672473086,1.444495069190296],[103.779969594375856,1.444480662940837],[103.780119268749331,1.44431726610881],[103.780228684376326,1.44421919048221],[103.780284057162476,1.444169578411676],[103.780462000661885,1.444038015807493],[103.780528641636366,1.443998180161749],[103.780553149452643,1.443983296722858],[103.780553292331788,1.443983209907313],[103.780553383989982,1.44398315926511],[103.780651553638094,1.44392353688236],[103.780753464756557,1.443876449057944],[103.780833652946569,1.4438384803239],[103.780863639040049,1.443844225536342],[103.780981394439706,1.443866787611197],[103.781019572120343,1.443874102081751],[103.781033405980835,1.443876752186582],[103.781139793266405,1.443897136283216],[103.781150008096475,1.44390683084417],[103.781160295225618,1.443916447660563],[103.781170654069669,1.443925986186285],[103.781173851911149,1.443928902268254],[103.781177056551954,1.443931810780072],[103.78118026797442,1.44393471170568],[103.781409689816826,1.444141476153476],[103.781428001081139,1.444157979396451],[103.781514987487981,1.444244245614631],[103.781593409624136,1.444338461840957],[103.781662553693607,1.444439770522102],[103.78172179034911,1.444547249549417],[103.781770580420343,1.444659920651946],[103.78179974301716,1.444743197095496],[103.781824829577459,1.444827807578444],[103.781845780227229,1.444913550161248],[103.781860994661756,1.445141545026733],[103.781897749814576,1.445311756087603],[103.781970712215909,1.445482163314602],[103.782036138039558,1.445696011842091],[103.782119988392964,1.445903244674546],[103.782221614135878,1.446102257487534],[103.782261805952047,1.446170610572454],[103.782304099097445,1.446237667154088],[103.78234845231799,1.446303361823286],[103.782334797292094,1.446460390641538],[103.782323862124073,1.446586150254489],[103.782290402262944,1.446970940718903],[103.782287351044445,1.446994491031914],[103.782282330238203,1.447017696938517],[103.782275375875415,1.447040391904254],[103.782266537863251,1.447062413061376],[103.782255879626675,1.447083602377643],[103.782243477653253,1.447103807790421],[103.78222942094429,1.447122884297946],[103.782213810376106,1.447140694999906],[103.782196757976095,1.447157112079898],[103.782178386118815,1.44717201772268],[103.782158826647731,1.447185304959661],[103.782138219929067,1.447196878436551],[103.78211671384453,1.447206655097654],[103.782094462730015,1.447214564781915],[103.782071626267992,1.447220550726416],[103.782048368341663,1.447224569973729],[103.782024855858793,1.447226593680202],[103.780574828207932,1.447289297698997],[103.780567845088854,1.447293675558255],[103.780576397641056,1.447307492620932],[103.780502549649739,1.447353794292039],[103.780307779504369,1.447528482862587],[103.780224867046613,1.44762536444523],[103.780169506976293,1.447742551439264],[103.780070459492677,1.448021349831522],[103.78006337251901,1.44804767748791],[103.780058557402896,1.448065564775457],[103.779973231518696,1.448382551130043],[103.779958806592859,1.448600109844981],[103.779972309621328,1.448840650900956],[103.780018559240801,1.449051519668723],[103.780085524476803,1.449254973146756],[103.780104284077993,1.449314009520714],[103.780130114266711,1.449394490323631],[103.780138852151367,1.449437558118036],[103.780153390612583,1.449514429339947],[103.78016535146881,1.449570761506541],[103.780167430209175,1.44959739867152],[103.780171258900324,1.449646465895746],[103.780174306478429,1.449743890310077],[103.780171798506146,1.449935560098336],[103.780171596185838,1.449941353444667],[103.780160243754679,1.450266923953497],[103.780157039098157,1.450431457400119],[103.780158415500082,1.450519357924727],[103.780171804213225,1.450615240643465],[103.780183008749731,1.450658841165697],[103.780191205888755,1.450693029003957],[103.780279317289455,1.450848212586029],[103.780317220774094,1.450865662264913],[103.780356097925406,1.450901059055122],[103.780414004749815,1.451013933998085],[103.780438210355626,1.451130522366871],[103.780438208291613,1.451219369727091],[103.780427370112307,1.451303177720114],[103.780424618100881,1.451324454609837],[103.780408605979247,1.451322139062934],[103.780407176047618,1.451333196678887]]]}},
{"type":"Feature","properties":{"OBJECTID":49,"CLASSIFCTN":"NATIONAL PARK","INC_CRC":"1C2E3D2F0B2C061B","FMEL_UPD_D":"20251230175800","SHAPE.AREA":179719.07221059999,"SHAPE.LEN":3041.11950600917},"geometry":{"type":"Polygon","coordinates":[[[103.846614405280064,1.297226397202068],[103.846550253871214,1.297253518536015],[103.846390742729781,1.297290600134861],[103.846380821005852,1.297290459105459],[103.846358644038958,1.297290145405848],[103.846363605761198,1.297282734110621],[103.846363745926055,1.297281170463152],[103.846365609400095,1.297260396289699],[103.846357612251197,1.297239451242391],[103.846351454499114,1.297233592799106],[103.846347343640275,1.297229681442636],[103.846341357510994,1.297223986688474],[103.846326827133737,1.297219660282386],[103.846319882276546,1.29721759294034],[103.846319758277531,1.297217603793356],[103.846319720538617,1.297217592941175],[103.846297454628285,1.297219591702265],[103.846278441496125,1.297231212887892],[103.846239471663637,1.297235427428176],[103.846216406061146,1.297239849890327],[103.846194544524877,1.297247699888706],[103.846157290964754,1.297262576879925],[103.846154353627355,1.297263173775668],[103.846133231574527,1.29726746599862],[103.846124134724093,1.297269314566555],[103.846103108804073,1.297271349494236],[103.846067202979057,1.297270215602857],[103.846033992767104,1.297265263469184],[103.84601950013051,1.297261244545178],[103.846018761526295,1.297261040162452],[103.846017587127633,1.297260714597046],[103.846008994339286,1.297258331639134],[103.845985201759319,1.297251734417747],[103.845968731414743,1.297245150724816],[103.84595117381825,1.297235790637294],[103.845934658529288,1.297225688965284],[103.845928408240056,1.297222234323066],[103.845904440411729,1.297208985498671],[103.845897028305785,1.297205653855788],[103.845880817637493,1.297198368373887],[103.84585330416644,1.29718744378422],[103.845827920271446,1.29718193632884],[103.84578452056904,1.297176338525977],[103.845784358831125,1.297176338526778],[103.845770695570991,1.297176311463444],[103.845752882834674,1.297176275376901],[103.845735877892693,1.297176919368568],[103.845734455497819,1.297176973637463],[103.845732942349997,1.297177030619912],[103.845704554654773,1.297178106049472],[103.845659069407731,1.297167481795144],[103.845651358094486,1.297165681242601],[103.84554319843599,1.297140418339341],[103.845424401779823,1.29710752716544],[103.845375934234042,1.297089774716915],[103.845308633175051,1.297065113010093],[103.845261975280735,1.297043589349487],[103.845261254647227,1.297043319852196],[103.84519674174868,1.297013563842174],[103.845183307583028,1.297005995276461],[103.845089224396887,1.296952973713824],[103.845034950378732,1.296916311922062],[103.84498690059489,1.296883854492241],[103.844890461325662,1.296806670114049],[103.844685328357926,1.296628451492823],[103.844584691964243,1.296541019763846],[103.844515186535148,1.296456128253329],[103.844514695029105,1.296455532279088],[103.844497063664107,1.296423650784696],[103.844470433312381,1.296375342447588],[103.844470450384478,1.296375286376888],[103.84447185658577,1.29637079619937],[103.844479323382032,1.296347470789086],[103.844591571473245,1.295989048809322],[103.844602399669071,1.295954465850381],[103.844726236217667,1.295791987110341],[103.844742634540395,1.295770454109817],[103.844784704099311,1.295715251490477],[103.844745689133774,1.295668884883557],[103.84474433232387,1.295666813894276],[103.844715713520316,1.29562331407617],[103.844703726777425,1.295584453574169],[103.844650243734051,1.295192710106861],[103.844645903268244,1.295079565043735],[103.84466299308508,1.294972370604721],[103.844742369253964,1.294717529283336],[103.84482838355153,1.294397916415711],[103.844848105341725,1.294324632930824],[103.844974647703367,1.293854429562723],[103.845294122433884,1.293390651695838],[103.845416851704073,1.293205620779554],[103.845462355797864,1.293226590068498],[103.845462384550927,1.293226528571538],[103.845462517535523,1.29322659006772],[103.845490452043421,1.293167075492426],[103.845506770309669,1.29313231072524],[103.845451530474847,1.293104241315563],[103.845437429612502,1.293097076100709],[103.845451743190679,1.293053893515615],[103.845465975963066,1.293024084677966],[103.845482527078175,1.293016016759635],[103.845526517035751,1.293018296451145],[103.84552667877341,1.293018296450363],[103.845530590094356,1.293011028955678],[103.845599359433592,1.292883261767432],[103.845530460770462,1.292836631241923],[103.845521493287691,1.292830562092844],[103.845509193100227,1.292822237473946],[103.84552408445208,1.292781901826081],[103.845524416015337,1.292782130628781],[103.84552444836244,1.29278204200087],[103.845524577752983,1.292782130627999],[103.845526262498112,1.29277752830722],[103.845560123627848,1.29268504689106],[103.845734782244662,1.292487939723018],[103.846025527477821,1.292184885621248],[103.846054220478294,1.292154978131676],[103.846393165274591,1.29168424545958],[103.846324086009176,1.291634939844851],[103.846438622418944,1.291489616867028],[103.846494304564715,1.291392135091384],[103.846525231825538,1.291284804910745],[103.846495696518687,1.291239315513295],[103.846504426721438,1.291233412678477],[103.846517591212972,1.291224511851028],[103.847143074728095,1.29080161394424],[103.847216423320504,1.290752021791844],[103.847390852148479,1.290645446857152],[103.8474511222892,1.290728280914528],[103.847468590025372,1.290743700237435],[103.84748390171363,1.290840892241223],[103.847554769748768,1.290849275305447],[103.847670241781202,1.290926154707966],[103.847670326243843,1.290926103158695],[103.847670403518734,1.290926154707049],[103.84779429673182,1.29085104288371],[103.848168773440335,1.291392686517938],[103.848168882163478,1.291392609646301],[103.848168935177895,1.291392686516988],[103.848572993425435,1.291108800372855],[103.848658639377859,1.291048512181857],[103.848670148938368,1.291071580650205],[103.848711557819755,1.291151370699044],[103.848747435215657,1.291220498319524],[103.848828202493934,1.291376095603479],[103.848829281655384,1.291378174731594],[103.848834362070832,1.29138796354537],[103.848834284796482,1.291388005146624],[103.84874362401257,1.291438048729297],[103.848507527493013,1.291568369130971],[103.848455301706096,1.291597196977581],[103.84845475180019,1.291597501751826],[103.848454720351327,1.29159751893495],[103.848372048463801,1.291643151869264],[103.848358865097737,1.291650428467155],[103.84834910516571,1.291655815826518],[103.848335274851379,1.291663449652242],[103.848437968610753,1.291864329269294],[103.848453569279343,1.291894845158351],[103.84845452085051,1.291897390035288],[103.848537600477513,1.292119520529813],[103.848549117276164,1.292150312274055],[103.848557194400698,1.292171907553063],[103.848579138050098,1.292230577184377],[103.848663588896613,1.292456370343162],[103.848368203031029,1.292615802595109],[103.848154961620892,1.29273092045513],[103.847905225035149,1.293484076934122],[103.847796529066215,1.293614757371989],[103.847718636610153,1.294007741410159],[103.847735430492321,1.294028288482907],[103.847730542562942,1.294053809685965],[103.847720236579462,1.294107664669635],[103.847658758324258,1.294116663449719],[103.847602178730583,1.294412499589161],[103.84764010655833,1.294470867079237],[103.847636665571613,1.294548155020126],[103.847636095068523,1.29456096263786],[103.847636255009448,1.294561008759546],[103.847633153629005,1.294630660241971],[103.847812296437084,1.294678616780507],[103.848028791746955,1.294736568128519],[103.848028719993337,1.294759113943655],[103.848030957468211,1.294776907308258],[103.84803153256216,1.294781478869019],[103.848036429742635,1.294802369667547],[103.848047692191443,1.29482126811323],[103.848060196423347,1.294839520835126],[103.848074456403552,1.294856866468769],[103.848115286314524,1.294875749366733],[103.848136581828754,1.294882812330855],[103.848141380052866,1.294883422748891],[103.848179009737251,1.295122624306062],[103.848224401335031,1.295411275579436],[103.848127339282229,1.295944655138453],[103.848125994205404,1.295952046519892],[103.848112445173157,1.295970337377586],[103.848080778933792,1.296010587223176],[103.848058033368602,1.296039485429204],[103.847963349955521,1.296147054748278],[103.847872001008326,1.296250827521092],[103.847839252897728,1.296288026043047],[103.847749219400058,1.296390314741177],[103.847623681962162,1.296532928360044],[103.847608737479263,1.296550234369682],[103.847564046896508,1.296601922688616],[103.847552324559558,1.296613621617926],[103.847538585902029,1.296627440389677],[103.847474959444554,1.296686405333042],[103.847438316112601,1.29671954236937],[103.847417376541998,1.296736686530186],[103.847392017933629,1.296754038719435],[103.847347475457411,1.296779319581562],[103.847298544506472,1.296807224029561],[103.846643632140129,1.297210905278525],[103.846614405280064,1.297226397202068]],[[103.846263701396225,1.294674926351867],[103.846756990015891,1.294529314705971],[103.846854385021757,1.294553222877895],[103.846854473977416,1.294553204790119],[103.846854546759502,1.294553222877028],[103.84691782389244,1.294540649152639],[103.846975616323746,1.294529166120337],[103.84697605031829,1.294528837833561],[103.847027336252182,1.294490024930549],[103.847107809006616,1.294349070191627],[103.847364142140407,1.293764613970159],[103.847389920806094,1.293668877766682],[103.847204110344208,1.293520490615678],[103.847417105231585,1.292674953542156],[103.847356759734353,1.292622473587259],[103.847482338225589,1.292460935240612],[103.847471448636725,1.292433017559348],[103.847414272310928,1.29238200265895],[103.847414318095844,1.292374604954386],[103.84742774203005,1.292322404941467],[103.847457923878494,1.292288599615396],[103.847506569946987,1.292268511591101],[103.847575264375237,1.292263819359715],[103.847646402120631,1.29229146539019],[103.847646354497414,1.292291383997629],[103.847646563858234,1.292291465389273],[103.847593917762751,1.292201101553415],[103.847593796459947,1.292201171190192],[103.847593756025162,1.292201101554329],[103.847563214672263,1.292218664491686],[103.847511467659928,1.292225058642219],[103.847495392757182,1.29222831444584],[103.847474663425345,1.292235151560183],[103.847451076742146,1.29224435812618],[103.847434194088251,1.292254604674073],[103.847426851229145,1.292259721611294],[103.847079690062102,1.292021886427053],[103.847079620874695,1.292021949732961],[103.847079528324514,1.292021886427933],[103.846992082629768,1.292102366329102],[103.846907350603345,1.292197216569856],[103.846891402068508,1.292308471617296],[103.846566938962027,1.292407021975147],[103.84639096910611,1.293241843875544],[103.846309608700878,1.293228503105488],[103.846102896111788,1.293194968503876],[103.846102737968167,1.293194943182454],[103.846062942954219,1.293483444807419],[103.845979703457701,1.293786136133583],[103.845960446842071,1.293797287048386],[103.845848770190599,1.294273725081742],[103.845852199046845,1.294277041370525],[103.846263539658466,1.294674926352698],[103.84626366365724,1.294674890177479],[103.846263701396225,1.294674926351867]]]}},
{"type":"Feature","properties":{"OBJECTID":50,"CLASSIFCTN":"NATURE AREA","INC_CRC":"2652C6D207CD6C7B","FMEL_UPD_D":"20251230175800","SHAPE.AREA":78334.771788669997,"SHAPE.LEN":2339.50800818586},"geometry":{"type":"Polygon","coordinates":[[[103.81633914380113,1.306814481562571],[103.816204169141244,1.306853219102467],[103.816113961928878,1.306888693091983],[103.816007754990437,1.306951617149274],[103.815956553715466,1.306987256902208],[103.815860211638281,1.307091186726386],[103.815774424946071,1.307172776099558],[103.815722746373098,1.307231602850905],[103.815524865943175,1.307556889674385],[103.815354101904759,1.307872566896913],[103.815038477132234,1.308491193464236],[103.814930439506441,1.308711845897598],[103.81488943155216,1.308837319864995],[103.814876875499564,1.308924857752364],[103.814875698696369,1.309007423526829],[103.814877559251585,1.309176546972556],[103.814901676704807,1.309365254600146],[103.814938156521706,1.309535860555026],[103.815039485248874,1.309986262045816],[103.815137343400352,1.310494288719149],[103.815141767422588,1.310554099814016],[103.815133288285054,1.310613927093115],[103.815112242066448,1.310670674918417],[103.81507860722985,1.310720334240853],[103.815047535173534,1.310753386733027],[103.814992327146484,1.31079340808124],[103.814928073541964,1.310817655432607],[103.814861300535583,1.31082413290203],[103.814658988949191,1.310908703959085],[103.814343555067893,1.311042448063422],[103.814062972238645,1.311180603888179],[103.813993965157678,1.311222316268753],[103.813916267224073,1.311275039219386],[103.813501982116662,1.311633053121943],[103.813382107631966,1.311740091860331],[103.813287984689353,1.311843144360992],[103.813160926948427,1.311979500723875],[103.813151716845212,1.311976229562156],[103.813151981920029,1.311975880479553],[103.813151671917879,1.311976213283239],[103.813094837045455,1.311956023784592],[103.813083774139258,1.311952094230075],[103.812939802296398,1.311952093053362],[103.81279007075328,1.311952091820729],[103.812640338311766,1.311952090579072],[103.812627814582939,1.311921690256854],[103.812652395675855,1.311765807838423],[103.812558403946383,1.311753199307265],[103.812477962357704,1.311738292895628],[103.812483157117356,1.311708429009466],[103.812488627744571,1.311676979774331],[103.812488652006564,1.311676837789289],[103.812525223792932,1.311466585069023],[103.812526800818446,1.311457868815622],[103.812527032654216,1.311456642499093],[103.812529649341329,1.311443035450291],[103.812529792216665,1.311442302916126],[103.812530508390452,1.311438642053957],[103.812532328926707,1.311429441967507],[103.812532603894113,1.311428061004957],[103.8125343759054,1.311419261551636],[103.812535394901232,1.31141426313668],[103.812535470382372,1.311413896869622],[103.812537191172567,1.311405554120022],[103.812537201955578,1.311405503475693],[103.812537207347091,1.311405477249157],[103.81253722981171,1.311405367821222],[103.812537245087682,1.311405291854712],[103.812538317098969,1.311400163211688],[103.812538394377214,1.311399795135919],[103.812540097194088,1.311391735452295],[103.812540113368613,1.311391657677067],[103.812541305789182,1.311386078661453],[103.812541377675814,1.311385746760214],[103.81254349294079,1.311375976022106],[103.812544361870394,1.311372008581603],[103.812544420278272,1.311371742698877],[103.812546779057172,1.311361100155265],[103.812547484444082,1.311357952972129],[103.812547664160434,1.311357158037096],[103.812550504576905,1.311344654315025],[103.812550674408783,1.311343912737419],[103.812550735512303,1.311343647759096],[103.812552548848856,1.311335802410813],[103.812552566820443,1.311335727348689],[103.812553868863887,1.311330152855797],[103.81255395782334,1.31132977664084],[103.812554644338817,1.311326858261818],[103.812557065113737,1.311316672422845],[103.812557318513271,1.311315615222683],[103.812559351999042,1.311307191082837],[103.812560645054731,1.311301886994894],[103.812560729521167,1.31130154333704],[103.812562859153417,1.311292904863578],[103.812562901386627,1.31129273484336],[103.81256290947384,1.311292700477579],[103.812562922053942,1.311292649833264],[103.812564101887801,1.311287910972287],[103.812564194441379,1.311287541992281],[103.812566268360357,1.311279295108241],[103.81256630520204,1.311279150410213],[103.812566318680709,1.311279097957163],[103.812566367203971,1.311278903519176],[103.81256637978403,1.311278856492314],[103.812567626111843,1.311273952133151],[103.812567715071097,1.311273601240411],[103.812570284104964,1.311263600797417],[103.81257030387367,1.311263524830962],[103.812570314656597,1.311263482325901],[103.812570358686898,1.311263312305714],[103.812571215929808,1.311260010477489],[103.812571294106036,1.311259711133441],[103.812573973663277,1.311249481887123],[103.812573986243351,1.311249433955898],[103.812573992533416,1.311249407729369],[103.812574020389278,1.311249304632037],[103.812574051839491,1.311249184351802],[103.812574872240191,1.311246086005307],[103.812575151697573,1.311245036040264],[103.812578595043021,1.311232178716605],[103.812578737018072,1.311231655090647],[103.812582383439718,1.311218290420085],[103.812583549791015,1.31121406704684],[103.812587213318594,1.311196627309259],[103.812587543997665,1.311195041056398],[103.812589719470964,1.31118455225318],[103.812591866190246,1.311174114998501],[103.812594499943501,1.311161188031981],[103.812597909177484,1.311144246597163],[103.812597914568997,1.311144219466263],[103.812601152174992,1.311127900232916],[103.812601280672837,1.311127247282698],[103.812604239718738,1.311112129043276],[103.812604347549168,1.311111573764271],[103.812604361027951,1.311111506841411],[103.812604503903302,1.311110767976664],[103.812605442926753,1.311105923302996],[103.812607498894508,1.311095238251621],[103.812607623798172,1.311094584397009],[103.812610608008043,1.311078894599328],[103.812610620588273,1.31107882948517],[103.812614311989194,1.311059111653164],[103.812614368600308,1.311058803265287],[103.812614399152295,1.311058642288618],[103.812616810066416,1.311045566100035],[103.812616824443865,1.311045486516065],[103.812616831632582,1.311045445819716],[103.812616879257803,1.311045186267457],[103.812616929578795,1.311044912245377],[103.812617861415887,1.311039813445166],[103.812617940491734,1.311039381159508],[103.812618052815409,1.311038764383746],[103.812618243316379,1.311037718035408],[103.812620573359453,1.31102483809328],[103.812622854161035,1.311012082231958],[103.812625108728199,1.310999321647093],[103.812627337051282,1.310986556393344],[103.812627366704817,1.310986384564309],[103.81262747543434,1.310985761457958],[103.812627559901955,1.31098527038864],[103.812627678515994,1.31098459030741],[103.812628152073756,1.310981848277681],[103.812628689431563,1.310978733650251],[103.812628716389312,1.310978578099748],[103.812628766710446,1.31097828689475],[103.812629083014755,1.310976444706558],[103.812630980841121,1.310965343646104],[103.812631006900304,1.31096518990432],[103.812631047336964,1.310964951152386],[103.812631140790558,1.310964399490729],[103.8126321400254,1.310958493093413],[103.812632547986382,1.310956081156252],[103.812634380217204,1.310945153733254],[103.812635161094818,1.31094044471294],[103.812635941073879,1.310935735692618],[103.812638208226076,1.310921914306303],[103.812638511950894,1.310920048604529],[103.812638564967955,1.310919723033688],[103.812638614390664,1.31091941464575],[103.812638787819338,1.310918348401261],[103.812638799501087,1.310918274243447],[103.812640945344953,1.310904963822162],[103.812640958823877,1.310904879716352],[103.81264097949159,1.310904748583651],[103.812641205937553,1.310903328733014],[103.812641740601606,1.310899978066375],[103.812641802604674,1.310899587381362],[103.812642028152041,1.310898172956896],[103.812642187203409,1.310897170017807],[103.812642633805297,1.310894353829954],[103.812644701474071,1.310881202576194],[103.812645042041964,1.310879023060179],[103.812645095957748,1.310878675784596],[103.812645193904743,1.310878044538869],[103.812645264893817,1.310877592357136],[103.812647103422293,1.310865699072701],[103.812647149250765,1.310865397015291],[103.812647268764138,1.310864620167026],[103.812647389176107,1.310863835179501],[103.812647395466271,1.310863795387508],[103.812647620115541,1.310862324892435],[103.812647674031368,1.31086197309502],[103.812649744399693,1.310848338910553],[103.812650324893923,1.310844474565158],[103.812650799353605,1.310841316527682],[103.812650934143349,1.310840413068503],[103.81265116059005,1.310838900972673],[103.812651330425155,1.310837757857153],[103.812651523623771,1.310836463712914],[103.812651708735046,1.310835217499938],[103.812651761752335,1.310834863893806],[103.812651785115875,1.310834707438909],[103.812652296418449,1.310831256387596],[103.812652328767996,1.310831039340343],[103.812652366509141,1.310830783405453],[103.812652669336927,1.31082873050018],[103.812653318125342,1.310824320823458],[103.812653630837787,1.310822192856009],[103.812653721596291,1.310821571558232],[103.812653795281406,1.310821071445192],[103.812654301192822,1.310817604115263],[103.81265780586628,1.310793225749788],[103.812661215477405,1.310768833732093],[103.812664529973716,1.310744428437681],[103.812664587484363,1.31074399886493],[103.812664639603412,1.310743606371108],[103.812664664764284,1.310743422785282],[103.812666381098552,1.310730476819349],[103.812666385591555,1.310730445166626],[103.812666425130203,1.310730140396058],[103.812666450291132,1.310729950479689],[103.812668975372489,1.310710511182145],[103.812670715973567,1.310696829967936],[103.812670762701146,1.310696457370074],[103.812671608290756,1.31068971805161],[103.812671686469614,1.310689095849365],[103.812672271463427,1.310684386827401],[103.81267285466015,1.310679677805421],[103.812673273411733,1.310676278302113],[103.812673277904821,1.310676235797016],[103.812673283296448,1.310676195100652],[103.812673420783597,1.310675073689608],[103.812674101929261,1.310669494669628],[103.812674140569399,1.31066918356851],[103.812676530872281,1.310649263147834],[103.812679088268624,1.310633803055079],[103.812678626419711,1.310633179039625],[103.812692530527201,1.310527761887516],[103.812692551195099,1.310527604528233],[103.812721411672058,1.310308791022702],[103.812721513214129,1.310308046731421],[103.81273762601208,1.310195056447274],[103.812738838221719,1.31018677609438],[103.812738973909944,1.310185870826455],[103.812738978402948,1.310185838269369],[103.812738990084682,1.310185765015934],[103.812739236300203,1.310184147109577],[103.812740106141064,1.310178532820883],[103.812740792667284,1.310174231668201],[103.812740931050769,1.310173373427266],[103.81274095890717,1.310173201598214],[103.812741972520001,1.310167072727225],[103.812741984201722,1.310167000378136],[103.81274282797925,1.310162048084185],[103.812744280999439,1.310153821090785],[103.812745050191452,1.310149601331601],[103.812745421308335,1.310147599975651],[103.812745793323714,1.310145605854629],[103.812746358535165,1.310142616934056],[103.812747339791656,1.310137534412728],[103.812747365850655,1.310137401471344],[103.812748238377338,1.310132986370221],[103.812748284205171,1.310132759375066],[103.812748999478799,1.310129208845282],[103.812749397551684,1.310127262655806],[103.812749797421674,1.310125316466344],[103.812749876497051,1.310124935729461],[103.812750283555488,1.310122982305136],[103.812750693309567,1.310121029785214],[103.812752445545868,1.310112862482348],[103.812752547984232,1.310112394022299],[103.812754395467636,1.310104109152808],[103.812755043344282,1.310101272166191],[103.812755140390962,1.310100849828685],[103.812756304950753,1.310095838753671],[103.812756468492267,1.31009514239423],[103.812757838825746,1.310089385220049],[103.812758517252732,1.310086586217002],[103.812759768972356,1.310081495558617],[103.812760626215592,1.310078069832315],[103.812761861759455,1.310073211595508],[103.812762072925096,1.310072386816674],[103.812762797178038,1.310069587814004],[103.812763850309707,1.310065567017366],[103.81276386109262,1.310065525416684],[103.812764331047958,1.310063751057079],[103.812765028342938,1.310061138353311],[103.812766278261591,1.310056518868891],[103.81276637530776,1.310056161645648],[103.812766632300281,1.310055222917236],[103.812767321507422,1.310052719641525],[103.812768952420569,1.310046882885397],[103.812769047669491,1.310046542845072],[103.812769822240526,1.31004381800071],[103.812771010155387,1.310039681446514],[103.812771036214016,1.31003959281899],[103.812771649041309,1.310037482941268],[103.812772180996859,1.310035665172675],[103.81277431061531,1.310028491769689],[103.812774344761081,1.310028377820014],[103.812774599955759,1.310027531336794],[103.812776001729048,1.3100229172798],[103.812776018801912,1.310022862113706],[103.812777535591835,1.310017949617319],[103.812778190650803,1.310015851496698],[103.812778228390783,1.3100157339296],[103.812778924783899,1.310013523668088],[103.812779621176958,1.310011318832772],[103.812780507168384,1.310008546057994],[103.812780589836947,1.310008288314745],[103.812782223439243,1.310003241973356],[103.812782493909097,1.310002411768832],[103.812784233541976,1.309997136624055],[103.81278525611512,1.309994075358074],[103.812786946325559,1.309989076948479],[103.812788076726434,1.309985779644203],[103.812790156915,1.309979790054141],[103.812790953945978,1.309977522818494],[103.812792693575702,1.309972630219957],[103.812793891367946,1.309969302167853],[103.81279551148711,1.309964851802659],[103.812795841261746,1.309963950153799],[103.812796886296738,1.309961115883532],[103.812798799348201,1.30995598905598],[103.812800091488768,1.309952567855079],[103.812800865155566,1.309950534849675],[103.812801004433553,1.309950169487493],[103.812801023303479,1.309950119747591],[103.812802424170258,1.309946473360777],[103.812803130444209,1.309944647454329],[103.812806229602202,1.309936749663199],[103.812806403025633,1.309936311047766],[103.812809571371773,1.309928422300833],[103.812810374690159,1.3099264498881],[103.812810988410959,1.309924949552171],[103.81281103244072,1.309924841933136],[103.812811067484802,1.309924756018775],[103.812812798123332,1.309920557067868],[103.812814003998938,1.309917661302123],[103.812816084178877,1.309912717157589],[103.812816440909458,1.309911876101396],[103.812818622626679,1.309906770076425],[103.812819894995243,1.309903826379893],[103.812821445918857,1.309900266813315],[103.81282209108862,1.309898794512933],[103.812823403892139,1.309895818259608],[103.812824181150802,1.309894067416012],[103.812824667274384,1.30989297675622],[103.812824843393102,1.309892580645942],[103.812824876639993,1.309892506488304],[103.812824960206527,1.309892319285503],[103.812825742856461,1.309890570250677],[103.812826968498683,1.309887849931838],[103.812828762033519,1.30988390149043],[103.812829374854445,1.309882562131396],[103.812830589713457,1.309879919587831],[103.812833084127604,1.309874550395292],[103.812834267536431,1.309872027227603],[103.81283706117145,1.309866138027842],[103.812838245478389,1.309863666408941],[103.812840015648618,1.309860001033481],[103.812840076750931,1.309859876231669],[103.812840906125004,1.30985817060672],[103.812841956545611,1.309856020940531],[103.812845044008867,1.309849769092936],[103.812845724221134,1.30984840441225],[103.812847932888957,1.309844005600641],[103.812847985904156,1.309843899790404],[103.81284800297685,1.309843866329058],[103.812850421009387,1.309839105773307],[103.812850491995832,1.309838967406095],[103.812850632171617,1.309838692480382],[103.812850749883353,1.309838460964],[103.812850793014348,1.309838377762811],[103.812853430295618,1.309833257271708],[103.812855005475612,1.309830229471739],[103.812855891458113,1.309828537412713],[103.812856119692981,1.30982809970209],[103.812856185288013,1.309827976709041],[103.812856239201764,1.309827872707538],[103.812857368694566,1.309825728468187],[103.81285881448116,1.309822998203129],[103.812859276342095,1.309822130016832],[103.812861362803233,1.309818229509152],[103.812861795910109,1.309817424628155],[103.812863735905296,1.3098138379338],[103.81286379790609,1.309813722175625],[103.812863921907606,1.30981349518111],[103.812864712642025,1.30981204277795],[103.812865976918417,1.3098097321366],[103.812868102016751,1.309805876847455],[103.812868291613256,1.309805533190431],[103.812868340135594,1.30980544456309],[103.8128687256185,1.309804750014189],[103.812870209143568,1.309802086672424],[103.812872463634179,1.309798069503067],[103.812872634360829,1.30979776744666],[103.812872841928495,1.309797399371945],[103.812873011756594,1.309797098219909],[103.812874493484145,1.30979448552253],[103.812875865587102,1.309792079923778],[103.81287588625402,1.309792043749355],[103.812875899732447,1.309792019331627],[103.812876005762647,1.309791835746461],[103.812876032719473,1.309791788719715],[103.812877234095708,1.309789694221002],[103.812878830838685,1.309786928686941],[103.812881125763354,1.309782983867076],[103.812881308171214,1.309782670958406],[103.812881342316544,1.309782612174982],[103.812881531912879,1.309782289318343],[103.812883221207244,1.30977941345255],[103.812884224001024,1.309777715968294],[103.812885228591924,1.309776019388415],[103.812885248360274,1.309775985927091],[103.812885488275953,1.309775583486773],[103.812886626752302,1.309773671669195],[103.812887952129159,1.309771460508447],[103.812890258733944,1.309767635064822],[103.812891327122287,1.309765875179927],[103.812892351481111,1.309764194878777],[103.812896298856288,1.309757778443807],[103.812896453408641,1.309757528840412],[103.812896479466886,1.309757487239854],[103.812896805644201,1.309756962711017],[103.812901313719919,1.309749764005195],[103.812905889186638,1.309742578865397],[103.812910519464481,1.309735428091889],[103.812913420913105,1.309731004868056],[103.812913451464112,1.309730959650065],[103.812913476623777,1.309730921666952],[103.8129152027564,1.309728312589019],[103.812919939960878,1.309721233261175],[103.812923564748345,1.309715892113122],[103.812924728382299,1.309714190108333],[103.812929571614859,1.309707184034869],[103.812934466962901,1.309700214136432],[103.812939413527857,1.309693282221689],[103.812944413106848,1.309686388290706],[103.812948710012449,1.309680547938803],[103.812948761230274,1.309680478303143],[103.81294882862214,1.309680386962866],[103.812949463902754,1.309679531439087],[103.812954565915589,1.309672714379905],[103.812956339669043,1.309670369376822],[103.812956380104154,1.309670316019626],[103.812956395379643,1.309670295219365],[103.81295971914534,1.309665936208829],[103.812964922693439,1.30965919692582],[103.812970177458453,1.309652498339642],[103.812975481643278,1.309645838641523],[103.812980836146465,1.309639220544591],[103.812986240069449,1.309632643144442],[103.812989398497393,1.309628871065185],[103.812989558440506,1.309628683863001],[103.812991792252845,1.309626068458598],[103.812991818310991,1.309626037710413],[103.812991839876361,1.309626011484025],[103.812992598258262,1.30962513335211],[103.812992921738683,1.309624762565241],[103.812995186101475,1.309622171578923],[103.812995839352084,1.309621431813962],[103.812995932801954,1.309621326908415],[103.812997647247769,1.309619401530021],[103.812999119981725,1.309617766450708],[103.812999224214266,1.309617651597255],[103.813000353699593,1.309616409009399],[103.813002106782847,1.309614499005523],[103.813002538988371,1.3096140314525],[103.813004358564555,1.309612078039651],[103.813004410680819,1.309612021969477],[103.813005486252422,1.309610878861309],[103.813005573412354,1.309610786616812],[103.813005631818498,1.30961072421613],[103.813005868138731,1.309610474613411],[103.813009199085585,1.309606991027848],[103.813012902033876,1.309603207196265],[103.8130132012529,1.309602906045258],[103.813015350597922,1.309600754579243],[103.813015492569704,1.309600612595135],[103.813016349791667,1.309599765212433],[103.813017207013615,1.309598918734078],[103.81301946059061,1.309596719337578],[103.813019693316448,1.309596494152667],[103.813019978158508,1.30959621832376],[103.813021230744624,1.309595012815854],[103.813023830264939,1.309592541208395],[103.813025280532941,1.309591179247023],[103.813026427089227,1.309590113010409],[103.813026939265612,1.309589639127507],[103.813027836023537,1.30958881164113],[103.813028730085762,1.309587989580925],[103.813029453422502,1.309587329400618],[103.813031809433468,1.309585196927915],[103.813032253319548,1.30958479901106],[103.813032337783696,1.30958472394949],[103.813035337159533,1.309582062428698],[103.813037723720726,1.309579978791915],[103.81303782076462,1.309579894686799],[103.81303962236656,1.309578342811684],[103.813039740077201,1.309578242428166],[103.813040509239883,1.309577584056955],[103.813042096087102,1.309576239279601],[103.813044408067611,1.309574299436213],[103.813044494328821,1.309574227992093],[103.813044816909851,1.30957395849405],[103.813046387582816,1.30957266074353],[103.813049523537131,1.309570102321398],[103.813050899223555,1.309568995390246],[103.813055047847698,1.309565710771522],[103.813132565200803,1.309505079175939],[103.813132600244415,1.309505051140916],[103.813140405084766,1.309498859019256],[103.813140633317488,1.309498677243811],[103.813245509845032,1.309415472019494],[103.813245794686836,1.309415218799673],[103.813249698005293,1.309412122286488],[103.813249737541682,1.309412090634047],[103.813504574615905,1.309209909289907],[103.813504688732252,1.309209818854332],[103.8136398186424,1.309102611110371],[103.8136401789627,1.309102295489941],[103.813750494557326,1.308994869591598],[103.813750596094025,1.308994770112281],[103.813791509096887,1.308954928647247],[103.813791931418137,1.308954460189655],[103.813792853337091,1.308953353254503],[103.813793226238033,1.308952906501274],[103.813864719882446,1.308867079234672],[103.813866651779136,1.30886471162301],[103.81386716395653,1.30886406681499],[103.813867213377165,1.308864004414217],[103.813867971759208,1.308863036749919],[103.813873691977093,1.308855169726189],[103.813873794412729,1.308855019602453],[103.813874292214081,1.308854280740383],[103.813874678594232,1.308853699236917],[103.813874857407399,1.308853428833259],[103.813874925697831,1.308853326640588],[103.813874942770454,1.30885330041414],[103.813875063177321,1.308853116829057],[103.813875445064753,1.30885253261245],[103.813876135157983,1.308851460041322],[103.813876521538361,1.308850849598168],[103.813876910614454,1.308850231920129],[103.813877039108405,1.30885002572598],[103.813877484793821,1.308849304950799],[103.813877753463089,1.308848866336027],[103.813879320551223,1.308846240073208],[103.813901410749295,1.308808353695728],[103.813901457474415,1.308808273207637],[103.814066291089674,1.308525569181232],[103.814070997753149,1.308516507483426],[103.814610296081725,1.307342865071705],[103.814647342896208,1.307262140851773],[103.814676206504487,1.307199247024531],[103.814676236157041,1.30719918281485],[103.81470214349514,1.307142731659302],[103.814704606452054,1.307137545146116],[103.814704659467182,1.307137433005277],[103.814708542150242,1.307129378762214],[103.814709606046549,1.307127197442489],[103.814709739033574,1.307126926134076],[103.814712481441575,1.307121352554875],[103.814714868019024,1.307116557631016],[103.814716477341179,1.30711335347888],[103.814718987020797,1.307108397579022],[103.814719028354588,1.307108317090874],[103.814719055311372,1.307108266446653],[103.814720528051922,1.307105383342958],[103.814721493105736,1.307103507697763],[103.814722459058089,1.307101632956938],[103.814722571378113,1.307101415910244],[103.814724635370936,1.307097443051503],[103.814725963442811,1.307094901796577],[103.81472879750109,1.307089530795741],[103.814729676292686,1.307087878527972],[103.814729695162455,1.307087841449156],[103.814733016239501,1.307081649288792],[103.814734044191781,1.307079750130567],[103.814735073941151,1.307077851876735],[103.814735142231697,1.307077725266181],[103.814735804470132,1.307076509804964],[103.814737267325086,1.30707383560943],[103.81473728799196,1.3070737967219],[103.814737309557387,1.307073757834378],[103.814738964703935,1.3070707526428],[103.81473898806648,1.307070710137838],[103.814739173169727,1.307070375524273],[103.814741616352649,1.307065975808185],[103.814745998625938,1.307058185643277],[103.814746195410379,1.30705783927306],[103.814750695393897,1.307049977664194],[103.814753674116474,1.307044842703579],[103.814755250188526,1.307042148612853],[103.814758313374981,1.307036956677896],[103.814761922884557,1.307030907409252],[103.81476201184185,1.307030759998465],[103.814764527805352,1.307026589991526],[103.814767330408685,1.307021986796034],[103.814769248830444,1.307018860421527],[103.814772783758045,1.307013153002161],[103.814772914048959,1.307012943190521],[103.814773296834659,1.307012330938458],[103.814774024666647,1.307011165217776],[103.814776624194792,1.307007029577313],[103.814776714949147,1.307006884879628],[103.814778855313975,1.307003505284637],[103.814781735191659,1.306998994334914],[103.814783739873846,1.306995880622136],[103.814786387923135,1.306991796530807],[103.814786697026946,1.306991321741632],[103.814786739259148,1.306991255723317],[103.814787397901824,1.30699024736156],[103.814788678346289,1.306988289421496],[103.814793671629829,1.306980735300211],[103.814796664724142,1.306976262334613],[103.814798717927374,1.306973217353901],[103.814801716412518,1.306968804076408],[103.814803817238911,1.306965735582569],[103.814806347575399,1.306962065689365],[103.814807130218497,1.306960935239293],[103.81480718503046,1.306960855655606],[103.814808969564453,1.306958290890559],[103.814814174005448,1.306950883277882],[103.814818066552945,1.306945417326487],[103.814818219307568,1.306945204801905],[103.814821986056685,1.306939972175655],[103.814824785958791,1.306936105132939],[103.814826606434266,1.306933591012566],[103.814857942656801,1.30689531762601],[103.814878835834975,1.306874249700394],[103.814935477026594,1.306825117792753],[103.814940601476522,1.30682041603841],[103.814940969883381,1.306820082330542],[103.814944153457745,1.306817198334945],[103.814945761868074,1.306815752267625],[103.814945909230801,1.306815620231469],[103.814949081123672,1.306812787784581],[103.814949269819834,1.306812620478498],[103.814950954607028,1.306811127384768],[103.814951127129234,1.306810975452773],[103.814955807692385,1.306806866958363],[103.814956318070543,1.306806422014699],[103.814961442518424,1.306801992474081],[103.814979860025986,1.306804480516878],[103.815659160305714,1.30689625040193],[103.815669765850842,1.3068976829907],[103.815671826218107,1.306897961549609],[103.815756921399583,1.306891408219237],[103.815857338594341,1.306887283212534],[103.815939924150896,1.30687800229437],[103.816020073738457,1.306869659182782],[103.816058974588387,1.30686423869022],[103.816076097325308,1.306861667699791],[103.81608497139193,1.306859841848778],[103.816098412777478,1.306857650665928],[103.816120265480251,1.306853252891119],[103.816158178845384,1.306845002633014],[103.816197115662732,1.306835721405582],[103.816339438588443,1.306804992969999],[103.81633914380113,1.306814481562571]],[[103.813167016818525,1.311817052462403],[103.813225001327893,1.311787752421323],[103.813275373359104,1.311754502956981],[103.813325153289128,1.311715714253259],[103.813391329154186,1.31166290079284],[103.813434996223876,1.311627569423928],[103.813483605343777,1.311588238993127],[103.813552866802482,1.311537608689178],[103.813600067825561,1.311506821777807],[103.8136565859499,1.311469957608681],[103.813716381996059,1.311430955546025],[103.813759987936095,1.311398171765998],[103.813793116761474,1.311369542554184],[103.813849613407243,1.311320719061999],[103.813910810391761,1.311267834103461],[103.813951726032272,1.311240071331583],[103.81400912472813,1.311202603949839],[103.814112233648544,1.311146280012548],[103.814223807783065,1.311091342526969],[103.814306565343031,1.311050593393432],[103.814399299494838,1.311008999656443],[103.814477827524101,1.310975703354202],[103.814557472451071,1.310941933170778],[103.814628468816153,1.310911831022911],[103.814697961002238,1.310882619660914],[103.814766003821845,1.310854176091752],[103.814811898242283,1.310834991241505],[103.814859097358905,1.310815261068185],[103.814890337227425,1.310812230773866],[103.814926030306879,1.310808768225792],[103.814988048315669,1.310785363725891],[103.815023489063861,1.310759672795109],[103.815071586909511,1.310714643022421],[103.815104204578105,1.310666485842371],[103.815124530146747,1.310611681491546],[103.815132734314588,1.31055379316835],[103.815128421701715,1.310495488745844],[103.815115834405205,1.310430141974973],[103.815100450032361,1.3103502747042],[103.815095873895942,1.310326517010477],[103.815053777025156,1.310308215978009],[103.815014777398616,1.310297277400513],[103.814982491747799,1.310283573324709],[103.814897790795825,1.310306168250489],[103.814810251103708,1.310359193215001],[103.814753239537254,1.31042056026423],[103.814722711938103,1.310462129158672],[103.814696958375251,1.310497196610777],[103.81464896702272,1.310479237377207],[103.814591786239092,1.310457840583398],[103.814530528752528,1.310434917189933],[103.814438732379429,1.310400566011274],[103.814416851365678,1.310461276750281],[103.814389030820109,1.310538466777001],[103.814367485868175,1.310598243309323],[103.814345666852091,1.310658781314385],[103.814328485342145,1.310706450245311],[103.814316237866151,1.310740431654413],[103.814380547800809,1.310753710027173],[103.814445351038685,1.310767088786517],[103.814413827811777,1.310812174743574],[103.814382449251667,1.310857053601804],[103.814319548063366,1.310867049064724],[103.814290579839692,1.310854900512545],[103.814240093237686,1.310833728044303],[103.814187123987864,1.310807071488563],[103.814134154764531,1.310777083252248],[103.81410525933768,1.310763306842066],[103.814034836599461,1.31074709375145],[103.813962003881016,1.310740428922317],[103.813909034353742,1.310750424452175],[103.813869306610826,1.310777081194878],[103.813824952225772,1.310805488750641],[103.813762226897822,1.310848264707096],[103.813681100066674,1.310906388489491],[103.81362820579487,1.310944285472673],[103.813556632347215,1.311000099579146],[103.813516939594308,1.311032581329156],[103.813493099141937,1.311052090998152],[103.813441662277469,1.311094183336565],[103.813374724443534,1.311148961072752],[103.813324462884779,1.311190091174073],[103.813279486623699,1.311226897549484],[103.813232511049137,1.311268809950782],[103.813168629966455,1.311336487563481],[103.813078806651035,1.311431649509836],[103.813030116559844,1.311483232264522],[103.812972389681462,1.31154439035727],[103.812922064212557,1.311597706763394],[103.812869498639344,1.311653396202877],[103.812925777715478,1.311733365110448],[103.81295432972523,1.311768863466248],[103.812982057774477,1.311803338074171],[103.813035027058802,1.311826662976092],[103.81308260342351,1.311828658392445],[103.813167016818525,1.311817052462403]]]}},
{"type":"Feature","properties":{"OBJECTID":51,"CLASSIFCTN":"NATURE RESERVE","INC_CRC":"4843B8A79DF181A5","FMEL_UPD_D":"20251230175800","SHAPE.AREA":1294936.7440271,"SHAPE.LEN":7295.2962711978298},"geometry":{"type":"Polygon","coordinates":[[[103.722457132818917,1.451162339358068],[103.722224325007318,1.45116963058619],[103.721892344867896,1.451180027881001],[103.721473317960289,1.451306271367325],[103.720654921188782,1.451171579144604],[103.720409851123563,1.451087633925006],[103.720338870327694,1.451077579280541],[103.719912328947956,1.449965353670139],[103.718318741472316,1.448946355421396],[103.717546825038852,1.448083803381748],[103.717440632894153,1.447965208956122],[103.717454449782721,1.447946749833366],[103.717094376285132,1.447658797859244],[103.717773041305932,1.446798151606157],[103.717728225757625,1.446314225288929],[103.717676340305346,1.445754308699633],[103.717673081972436,1.445719152370316],[103.71746596589611,1.445508787181136],[103.71778803850286,1.445206746835829],[103.717693472699182,1.445155654592375],[103.717596751235263,1.445103173134966],[103.717311832737991,1.444948574131826],[103.717310388731988,1.444947789975906],[103.717308790171458,1.44494692261076],[103.71730850351976,1.444946906317509],[103.717284273511808,1.444933760172871],[103.717268720120245,1.444925321677408],[103.717317318687634,1.444771182030265],[103.717367273267328,1.444616321674594],[103.717700788176188,1.443555730321326],[103.717991625507082,1.443747731261342],[103.718005464336201,1.443756866926984],[103.718378375463857,1.444602681333065],[103.719045402184662,1.444821688335484],[103.719583320669216,1.444998635820138],[103.71963777478328,1.445016445449226],[103.719826746738207,1.445078304269847],[103.720768858940559,1.444617488594069],[103.720811624337614,1.44459402253276],[103.722018739985543,1.444532296346493],[103.722016714145141,1.444429768727819],[103.722016418337716,1.444414774391436],[103.722308857345837,1.444424365979747],[103.723186030675862,1.444078834111996],[103.723322847555096,1.443983747110997],[103.724625081770952,1.44347514355908],[103.724729797208866,1.443434252435962],[103.724563307723827,1.443002348231861],[103.724483423077942,1.442989674274246],[103.724251371216639,1.442952873640481],[103.723892609688733,1.442885932605183],[103.723820513248342,1.442928398860747],[103.723694215906477,1.443107302684459],[103.723539354239733,1.443055285306823],[103.723383944279973,1.443193663233358],[103.723171786583706,1.442986147034492],[103.723128388665998,1.442896766819295],[103.723074253587114,1.442785265384493],[103.722725945028841,1.44248632959193],[103.722778802069215,1.442267051514963],[103.72222176522439,1.441833644898159],[103.722121062414118,1.441774612241789],[103.721846106251931,1.441666129531458],[103.721952726839859,1.441436779532313],[103.722108116936909,1.441336375859592],[103.722114641372826,1.441138176200121],[103.722257839706884,1.440992137807923],[103.722147378608724,1.440757459484185],[103.721993816683778,1.440387142821685],[103.721793167623971,1.440236158753756],[103.721511592186715,1.44026531054514],[103.721129641875038,1.440275049722282],[103.720263744577309,1.439943955918854],[103.72021855071074,1.439231015275342],[103.720317381076342,1.439154351109702],[103.720327700037686,1.439146346211919],[103.720336616238541,1.439139428287246],[103.721424274618812,1.438295720621676],[103.721659382837288,1.438113344093205],[103.721745444032834,1.438333632832073],[103.722103854943754,1.438239179874265],[103.722306033087591,1.438356756846096],[103.722539655748676,1.438605467835595],[103.722678938617406,1.43859190920568],[103.72280025241534,1.438519566157284],[103.723008507616441,1.438211071265616],[103.723008923875838,1.438337681975672],[103.723011713613715,1.439187764366424],[103.723012063606333,1.439776925517607],[103.723439894199274,1.439938930216315],[103.723248312562106,1.440523256374179],[103.723916728971133,1.440984142639353],[103.724172606049237,1.441133157688643],[103.724202652925285,1.440631238179899],[103.724697375653662,1.440025728233605],[103.725194700729034,1.439891074420787],[103.72569495160792,1.44021558337765],[103.72548830226647,1.44058292544455],[103.725365988309989,1.440712134876211],[103.725423268267008,1.441020579352202],[103.725946414548375,1.440812103537842],[103.725874095629592,1.441366437016006],[103.726470313283684,1.441385231664501],[103.726730314278939,1.441011856304063],[103.726732190672678,1.44100916139318],[103.726733119883008,1.441007826598397],[103.726812517035029,1.440893809258512],[103.726834070256842,1.440943291543912],[103.726846499210012,1.44097182475482],[103.726940387207861,1.440991349826447],[103.726953587455554,1.440994099707751],[103.727440945306441,1.441095474425999],[103.727719320481569,1.441310056403448],[103.727757343875595,1.4415789377166],[103.727869354286725,1.442371005951017],[103.728143852793949,1.442905416299523],[103.728197772110747,1.443005124738727],[103.728384654590613,1.443368904069873],[103.728561229270184,1.443949657487723],[103.72856551349625,1.444211018359106],[103.728518309181183,1.444801510413994],[103.728809970659285,1.445310914980867],[103.729445277319329,1.445353982908889],[103.729790412059586,1.445146701765867],[103.72985839851691,1.445158795301798],[103.729993720156273,1.445158554609906],[103.730013162819688,1.445184980964015],[103.730618252366341,1.44600741298731],[103.731280635450062,1.446904169765563],[103.731920265736846,1.447757900321],[103.731884169368485,1.447770342720748],[103.731857301823652,1.447777969806556],[103.731816552920918,1.447801376483592],[103.731770213096794,1.447821159128307],[103.731742985196746,1.447829149750048],[103.731698623136651,1.447829897465735],[103.731676263107801,1.447834259100514],[103.73165967384034,1.447839523548999],[103.731639477580785,1.447845154101273],[103.731615496309701,1.447853323931675],[103.731591154579093,1.447864213162801],[103.73156897586459,1.447873108372594],[103.731547157496223,1.447881820012907],[103.731523175342019,1.447889628097327],[103.73149973584438,1.44789961029285],[103.731493965835881,1.447901969513144],[103.731472149919966,1.447916121796036],[103.731438436789517,1.447945144873358],[103.731420226958349,1.447959112828889],[103.731398951107508,1.447973083358619],[103.731376055778753,1.447991585574016],[103.731350812613186,1.44800555773242],[103.731325751668408,1.448023880785493],[103.73130285301167,1.448036400643722],[103.73128356055372,1.448046200343439],[103.731245693214177,1.448054738520379],[103.731229820638646,1.448048582711685],[103.731209802696597,1.448045329717767],[103.731195013791009,1.448040078320192],[103.731175714121818,1.448030298576299],[103.731154070963726,1.448019249905751],[103.731135673488211,1.448009469298095],[103.731117817851768,1.448000050459767],[103.731097616152454,1.447986645086135],[103.731077053184123,1.447973964994445],[103.731056671822429,1.447959289887769],[103.731038813612855,1.447947151631525],[103.731023664467699,1.447939726129744],[103.731008511882735,1.447928855911989],[103.730991196281025,1.447919980618962],[103.730970996266493,1.447909114693499],[103.730949533639574,1.447900059243678],[103.730930957926162,1.447897348930261],[103.730915267646253,1.447893911640617],[103.730898496205512,1.447893738145],[103.730879561747798,1.447895560478329],[103.730868741719092,1.447895565412451],[103.73082383703526,1.44789341189212],[103.730800034794242,1.4478968690902],[103.730779476560201,1.447898874029945],[103.730763968443625,1.447901055550046],[103.730728081166689,1.447899623214993],[103.730705539030197,1.447897096304624],[103.730684618897328,1.447893843265072],[103.73063087436158,1.447879183817405],[103.730606528729439,1.447876839505036],[103.730604907347001,1.44788372976685],[103.730605452363974,1.4478933377359],[103.730608343279755,1.447910559637402],[103.730611953205269,1.447924879473357],[103.730614122660512,1.447939562797216],[103.730622605377647,1.447960769573589],[103.730641119940103,1.447984474655654],[103.730666077910513,1.447998095488152],[103.730688259758665,1.447999535339173],[103.730709358795252,1.448000975140655],[103.730723244811188,1.448001693836737],[103.730737852418372,1.448002049011994],[103.730754804486381,1.448002039835925],[103.73076688525795,1.448001853182965],[103.730787444318125,1.448001481521619],[103.730807280087674,1.447999296580893],[103.730819363416657,1.448002190185504],[103.73082928457822,1.448008168471219],[103.730839926408038,1.44801432675776],[103.730847140908409,1.448022119070885],[103.730855801908817,1.448035349379831],[103.730874713562386,1.448061119137195],[103.730893847156821,1.448087189152787],[103.730912278850909,1.448135395210491],[103.730919499800208,1.448159684899416],[103.730938808076402,1.448197928542552],[103.73095259689471,1.448222022283313],[103.730978497814164,1.448248671397701],[103.730996174549333,1.448259902570986],[103.731027196911185,1.448279285367058],[103.731054253837371,1.448296858353888],[103.731073912996507,1.448305550167479],[103.731084735406142,1.448312615536498],[103.731094475036599,1.448318954653474],[103.731101149545722,1.448325298153081],[103.731109628376799,1.448333089618502],[103.73111323682555,1.448340340054248],[103.731118833329802,1.448359735260579],[103.731108756073354,1.448428087404777],[103.731108580342848,1.448439327714933],[103.731111289050375,1.448452016944277],[103.731119948378492,1.448462527835094],[103.731131971964203,1.448475212060981],[103.731153743597915,1.448486888365225],[103.731169226681487,1.448502003673555],[103.73117717418036,1.448515623729222],[103.731178963214489,1.448537400852837],[103.731166143871206,1.44855587096547],[103.731152442321402,1.448569474664833],[103.73113260733183,1.448574198153046],[103.731112951106525,1.448580190469414],[103.731096543455124,1.448583099057876],[103.731077788662773,1.448586008444019],[103.731061920979997,1.448590910271084],[103.731047855976342,1.448593818965568],[103.731037760593438,1.448605425996168],[103.73102983068793,1.448620296063992],[103.731027132158189,1.448641146012454],[103.731030381134957,1.448649120826138],[103.731031826549966,1.448658729740426],[103.731040485036772,1.44866797090696],[103.731053291538601,1.448675398111249],[103.731091168372089,1.448695865548449],[103.731103617683502,1.448713263329779],[103.731117147184392,1.44872902969064],[103.731127611466235,1.448746971807828],[103.731131765776482,1.448765099032833],[103.731126364948352,1.448790664203435],[103.731102762006174,1.448858297669593],[103.73108726723288,1.448903447250028],[103.731082226563274,1.448933000674189],[103.731082412764735,1.4489487727598],[103.731088910638036,1.448966536537684],[103.731103340756121,1.448977407626874],[103.731121375489309,1.448980843213428],[103.731140124604039,1.448964336740884],[103.731159234276177,1.448942934067418],[103.731194205077429,1.448902488957973],[103.73121132666796,1.448869485035163],[103.731226103043838,1.448833581620515],[103.731237637563112,1.448811277857931],[103.731244122812697,1.448789881846014],[103.731254570691959,1.448752711223362],[103.731260872190759,1.448720982864561],[103.731267172928696,1.448686171534859],[103.7312727521319,1.448650453097088],[103.731284641516979,1.448609838728114],[103.731291838757613,1.448561611225163],[103.731294176137169,1.448538767141107],[103.73129813814333,1.448516828397221],[103.731300836483854,1.448500148462461],[103.731301730664455,1.448478392260745],[103.731299559043833,1.448451744224821],[103.73130027332617,1.448433977156751],[103.731300629140435,1.448414578602977],[103.731308197078292,1.448395901152596],[103.731314862936031,1.448374686925266],[103.731325495339561,1.448350568970411],[103.731360459175235,1.448284743835208],[103.731375237041846,1.448255548073743],[103.731392899588997,1.448222363300872],[103.731410743450141,1.448193710295177],[103.731434719285431,1.448166504546272],[103.731454731829245,1.448149815446319],[103.731474744194642,1.448137116392353],[103.731498543401571,1.448121150048613],[103.731525411696325,1.448116967683302],[103.731546874441179,1.448123483678758],[103.73155372870329,1.448129100982345],[103.731562748411122,1.448138703908131],[103.731572128473289,1.448147946009636],[103.731577735922102,1.448163804254861],[103.731588373064923,1.448194530442543],[103.731589101012204,1.448212840193384],[103.731591451764572,1.448232599710209],[103.731592901286845,1.448250909493637],[103.731592368880868,1.448280823059489],[103.731590579578494,1.448325422507007],[103.73158806239347,1.448350261606636],[103.731583024241871,1.448383984142651],[103.731572038611489,1.4484300373891],[103.731557447501743,1.448482800840325],[103.731527543963807,1.44858252622589],[103.731506285432459,1.448651246846822],[103.731487004910775,1.448695491897318],[103.73147673356587,1.448723596297935],[103.731461593011161,1.448744997345311],[103.731447176297948,1.448776004560971],[103.731433299820594,1.448803024467865],[103.731423930684301,1.448830766259717],[103.731415102544972,1.448857601905027],[103.731406816956721,1.448888971142711],[103.731381761546757,1.448923971539766],[103.731356885151783,1.448954621962252],[103.731316864054008,1.448998876923583],[103.731250881600928,1.449061453990112],[103.731202023002098,1.44910063778933],[103.731147106756069,1.449144004892017],[103.731142527331784,1.449147622133032],[103.731124498900286,1.449163946861384],[103.731107912850533,1.449177370461075],[103.731090606034442,1.449192789050948],[103.731065725586831,1.449213468876004],[103.731046794240839,1.449225805325242],[103.731026240808845,1.449240681149691],[103.73100893399176,1.449256099738853],[103.730941868808287,1.449316502659065],[103.730925824351218,1.449335727765469],[103.730906356754005,1.44936329364868],[103.730893379256884,1.449381610914731],[103.7308648989613,1.449423503293453],[103.730843810158746,1.449453970296167],[103.730822178528143,1.44948606964769],[103.730807398308585,1.449507288929336],[103.730790093800493,1.449531227513008],[103.730773329334014,1.449555528770379],[103.730754583496022,1.4495789246707],[103.730736917790608,1.449601957066478],[103.730720873370544,1.449620276000182],[103.730694914268952,1.449648207851827],[103.730671657574035,1.449669066809607],[103.730645515401974,1.449691560722308],[103.730620456891501,1.449715140823125],[103.730587107271575,1.44975268480182],[103.730547624814704,1.449787874444989],[103.730498587913985,1.449834852916336],[103.730453156495713,1.449875122088197],[103.730422325524586,1.449895442601168],[103.730385544752835,1.449919572015007],[103.730338845270225,1.449942982006218],[103.730283101167785,1.449971117778956],[103.72963184167611,1.450372933951059],[103.729550609356366,1.450427704707749],[103.729074113015784,1.4507489808382],[103.728889040026587,1.450828448499321],[103.72880903409677,1.450886836732048],[103.728349582250345,1.451070769818074],[103.727376813731709,1.451184038039394],[103.727125268129015,1.451136943269794],[103.726936981002112,1.451172740774427],[103.724777682424417,1.451222597210264],[103.724332683199776,1.451146390412302],[103.724261076156964,1.451134127407813],[103.722457132818917,1.451162339358068]]]}}
]
}
